CustomerID,ProdTaken,Age,TypeofContact,CityTier,DurationOfPitch,Occupation,Gender,NumberOfPersonVisiting,NumberOfFollowups,ProductPitched,PreferredPropertyStar,MaritalStatus,NumberOfTrips,Passport,PitchSatisfactionScore,OwnCar,NumberOfChildrenVisiting,Designation,MonthlyIncome
200000,1,41.0,SELFENQUIRY,3,6.0,SALARIED,FEMALE,3,3.0,DELUXE,3.0,SINGLE,1.0,1,2,1,0.0,MANAGER,20993.0
200001,0,49.0,COMPANYINVITED,1,14.0,SALARIED,MALE,3,4.0,DELUXE,4.0,DIVORCED,2.0,0,3,1,2.0,MANAGER,20130.0
200002,1,37.0,SELFENQUIRY,1,8.0,FREELANCER,MALE,3,4.0,BASIC,3.0,SINGLE,7.0,1,3,0,0.0,EXECUTIVE,17090.0
200003,0,33.0,COMPANYINVITED,1,9.0,SALARIED,FEMALE,2,3.0,BASIC,3.0,DIVORCED,2.0,1,5,1,1.0,EXECUTIVE,17909.0
200005,0,32.0,COMPANYINVITED,1,8.0,SALARIED,MALE,3,3.0,BASIC,3.0,SINGLE,1.0,0,5,1,1.0,EXECUTIVE,18068.0
200006,0,59.0,SELFENQUIRY,1,9.0,SMALLBUSINESS,FEMALE,2,2.0,BASIC,5.0,DIVORCED,5.0,1,2,1,1.0,EXECUTIVE,17670.0
200007,0,30.0,SELFENQUIRY,1,30.0,SALARIED,MALE,3,3.0,BASIC,3.0,MARRIED,2.0,0,2,0,1.0,EXECUTIVE,17693.0
200008,0,38.0,COMPANYINVITED,1,29.0,SALARIED,MALE,2,4.0,STANDARD,3.0,UNMARRIED,1.0,0,3,0,0.0,SENIORMANAGER,24526.0
200009,0,36.0,SELFENQUIRY,1,33.0,SMALLBUSINESS,MALE,3,3.0,DELUXE,3.0,DIVORCED,7.0,0,3,1,0.0,MANAGER,20237.0
200010,0,35.0,SELFENQUIRY,1,22.0,SMALLBUSINESS,MALE,2,2.0,BASIC,4.0,DIVORCED,1.0,0,3,1,1.0,EXECUTIVE,17426.0
200012,0,31.0,SELFENQUIRY,1,32.0,SALARIED,MALE,2,3.0,BASIC,3.0,MARRIED,2.0,0,3,0,1.0,EXECUTIVE,17911.0
200013,0,34.0,SELFENQUIRY,1,25.0,SMALLBUSINESS,MALE,3,3.0,BASIC,3.0,MARRIED,1.0,0,3,0,2.0,EXECUTIVE,17661.0
200014,1,28.0,SELFENQUIRY,1,30.0,SALARIED,MALE,2,4.0,BASIC,3.0,SINGLE,6.0,1,2,0,0.0,EXECUTIVE,17028.0
200015,0,29.0,SELFENQUIRY,1,27.0,SALARIED,FEMALE,2,2.0,STANDARD,5.0,MARRIED,2.0,0,5,1,1.0,SENIORMANAGER,24980.0
200016,0,32.0,SELFENQUIRY,1,11.0,SALARIED,MALE,3,2.0,BASIC,4.0,MARRIED,1.0,1,2,1,0.0,EXECUTIVE,18298.0
200017,0,22.0,COMPANYINVITED,1,22.0,SMALLBUSINESS,MALE,3,2.0,BASIC,3.0,MARRIED,2.0,1,3,0,0.0,EXECUTIVE,17935.0
200018,0,53.0,SELFENQUIRY,3,8.0,SALARIED,FEMALE,3,4.0,SUPERDELUXE,3.0,DIVORCED,3.0,0,3,1,0.0,AVP,30427.0
200022,0,34.0,SELFENQUIRY,1,13.0,SALARIED,FEMALE,2,3.0,STANDARD,4.0,UNMARRIED,1.0,0,3,1,0.0,SENIORMANAGER,26994.0
200023,0,21.0,SELFENQUIRY,1,21.0,SALARIED,MALE,3,3.0,BASIC,3.0,SINGLE,2.0,0,3,1,1.0,EXECUTIVE,16232.0
200024,1,34.0,SELFENQUIRY,1,12.0,SMALLBUSINESS,MALE,2,3.0,BASIC,5.0,SINGLE,3.0,0,2,1,1.0,EXECUTIVE,17960.0
200025,0,53.0,SELFENQUIRY,1,11.0,SALARIED,FEMALE,2,3.0,KING,3.0,MARRIED,5.0,0,5,0,1.0,VP,34094.0
200027,0,42.0,SELFENQUIRY,3,14.0,SMALLBUSINESS,MALE,2,3.0,DELUXE,4.0,DIVORCED,1.0,0,3,0,1.0,MANAGER,21825.0
200028,0,44.0,SELFENQUIRY,1,13.0,SMALLBUSINESS,FEMALE,2,4.0,STANDARD,3.0,DIVORCED,4.0,0,4,1,0.0,SENIORMANAGER,25248.0
200029,0,46.0,SELFENQUIRY,3,8.0,SMALLBUSINESS,FEMALE,2,3.0,KING,5.0,SINGLE,4.0,0,2,0,1.0,VP,33947.0
200030,0,33.0,SELFENQUIRY,1,8.0,SMALLBUSINESS,MALE,3,3.0,BASIC,3.0,SINGLE,5.0,0,3,1,2.0,EXECUTIVE,17496.0
200031,0,44.0,SELFENQUIRY,1,16.0,SALARIED,MALE,2,3.0,DELUXE,3.0,DIVORCED,3.0,1,3,1,1.0,MANAGER,21465.0
200032,0,30.0,SELFENQUIRY,1,15.0,SMALLBUSINESS,MALE,2,4.0,BASIC,3.0,SINGLE,2.0,0,4,1,1.0,EXECUTIVE,17206.0
200033,1,39.0,SELFENQUIRY,3,11.0,LARGEBUSINESS,MALE,2,3.0,DELUXE,3.0,DIVORCED,4.0,0,2,0,1.0,MANAGER,17086.0
200034,1,24.0,SELFENQUIRY,1,6.0,SMALLBUSINESS,MALE,3,3.0,BASIC,3.0,DIVORCED,3.0,1,3,1,2.0,EXECUTIVE,17293.0
200035,0,43.0,SELFENQUIRY,1,8.0,SMALLBUSINESS,FEMALE,3,2.0,BASIC,3.0,MARRIED,2.0,0,2,0,1.0,EXECUTIVE,17645.0
200036,1,50.0,SELFENQUIRY,3,9.0,SMALLBUSINESS,MALE,2,4.0,BASIC,3.0,DIVORCED,2.0,1,4,0,0.0,EXECUTIVE,17683.0
200037,0,35.0,SELFENQUIRY,3,8.0,SMALLBUSINESS,FEMALE,3,3.0,BASIC,3.0,DIVORCED,2.0,0,2,1,0.0,EXECUTIVE,17014.0
200039,0,33.0,COMPANYINVITED,3,6.0,SALARIED,FEMALE,2,2.0,DELUXE,5.0,DIVORCED,3.0,0,3,1,0.0,MANAGER,20376.0
200040,0,35.0,SELFENQUIRY,1,10.0,SALARIED,MALE,3,3.0,BASIC,3.0,MARRIED,2.0,0,4,0,0.0,EXECUTIVE,16951.0
200041,0,27.0,SELFENQUIRY,1,8.0,SALARIED,FEMALE,2,3.0,BASIC,5.0,MARRIED,2.0,0,3,0,1.0,EXECUTIVE,17341.0
200042,1,26.0,SELFENQUIRY,1,31.0,SALARIED,MALE,2,5.0,BASIC,3.0,SINGLE,2.0,0,2,1,1.0,EXECUTIVE,17293.0
200043,0,27.0,COMPANYINVITED,3,14.0,SALARIED,MALE,2,3.0,STANDARD,3.0,UNMARRIED,2.0,0,2,1,0.0,SENIORMANAGER,23726.0
200045,1,41.0,SELFENQUIRY,1,18.0,LARGEBUSINESS,FEMALE,2,3.0,KING,3.0,DIVORCED,2.0,0,4,1,0.0,VP,34545.0
200047,0,37.0,SELFENQUIRY,1,25.0,SALARIED,MALE,3,3.0,BASIC,4.0,DIVORCED,5.0,0,4,1,1.0,EXECUTIVE,18022.0
200048,0,46.0,COMPANYINVITED,3,11.0,SMALLBUSINESS,MALE,3,3.0,DELUXE,3.0,SINGLE,5.0,1,5,1,1.0,MANAGER,20772.0
200049,0,35.0,SELFENQUIRY,1,14.0,SALARIED,MALE,2,2.0,BASIC,3.0,DIVORCED,2.0,0,5,1,1.0,EXECUTIVE,17269.0
200050,1,48.0,SELFENQUIRY,1,6.0,SALARIED,MALE,3,4.0,STANDARD,3.0,SINGLE,1.0,1,5,0,2.0,SENIORMANAGER,20381.0
200052,0,44.0,SELFENQUIRY,3,6.0,SMALLBUSINESS,FEMALE,3,3.0,DELUXE,5.0,MARRIED,6.0,1,2,0,0.0,MANAGER,20454.0
200053,0,35.0,COMPANYINVITED,1,17.0,SMALLBUSINESS,MALE,3,4.0,STANDARD,5.0,DIVORCED,3.0,1,5,1,1.0,SENIORMANAGER,24884.0
200055,0,33.0,COMPANYINVITED,1,6.0,SALARIED,FEMALE,3,3.0,STANDARD,3.0,UNMARRIED,2.0,1,2,1,0.0,SENIORMANAGER,28458.0
200056,0,35.0,COMPANYINVITED,3,24.0,SALARIED,MALE,3,3.0,STANDARD,5.0,DIVORCED,2.0,0,4,1,0.0,SENIORMANAGER,24069.0
200058,0,31.0,SELFENQUIRY,1,13.0,SALARIED,MALE,2,3.0,DELUXE,3.0,MARRIED,4.0,0,3,1,0.0,MANAGER,20915.0
200059,0,37.0,SELFENQUIRY,1,6.0,SALARIED,MALE,2,4.0,DELUXE,3.0,MARRIED,2.0,0,5,1,1.0,MANAGER,20993.0
200060,0,32.0,SELFENQUIRY,1,6.0,SMALLBUSINESS,MALE,2,3.0,DELUXE,3.0,DIVORCED,2.0,1,4,1,0.0,MANAGER,21162.0
200061,0,38.0,COMPANYINVITED,1,35.0,SALARIED,FEMALE,2,3.0,DELUXE,3.0,SINGLE,2.0,0,3,1,0.0,MANAGER,17406.0
200062,0,50.0,SELFENQUIRY,1,13.0,SMALLBUSINESS,FEMALE,2,4.0,KING,3.0,MARRIED,6.0,1,4,1,1.0,VP,33740.0
200063,0,59.0,SELFENQUIRY,3,31.0,SALARIED,FEMALE,2,3.0,STANDARD,5.0,UNMARRIED,1.0,0,3,1,0.0,SENIORMANAGER,22637.0
200064,0,36.0,SELFENQUIRY,1,14.0,LARGEBUSINESS,FEMALE,2,3.0,STANDARD,3.0,MARRIED,2.0,0,4,1,1.0,SENIORMANAGER,25096.0
200065,0,55.0,SELFENQUIRY,1,14.0,SMALLBUSINESS,FEMALE,2,3.0,SUPERDELUXE,3.0,MARRIED,3.0,1,3,0,1.0,AVP,29756.0
200066,0,36.0,COMPANYINVITED,1,17.0,SALARIED,MALE,3,4.0,DELUXE,4.0,UNMARRIED,2.0,0,4,1,1.0,MANAGER,21499.0
200067,0,45.0,SELFENQUIRY,1,13.0,SALARIED,MALE,2,3.0,STANDARD,5.0,MARRIED,3.0,0,3,1,1.0,SENIORMANAGER,24724.0
200068,0,35.0,COMPANYINVITED,1,6.0,SMALLBUSINESS,MALE,3,3.0,BASIC,5.0,DIVORCED,5.0,0,2,0,1.0,EXECUTIVE,17194.0
200070,0,59.0,COMPANYINVITED,3,6.0,SALARIED,FEMALE,2,4.0,DELUXE,3.0,SINGLE,1.0,0,5,1,1.0,MANAGER,20473.0
200071,0,29.0,SELFENQUIRY,1,8.0,SALARIED,MALE,3,3.0,BASIC,4.0,DIVORCED,1.0,0,4,0,0.0,EXECUTIVE,17703.0
200072,0,31.0,SELFENQUIRY,1,6.0,SMALLBUSINESS,MALE,2,3.0,BASIC,4.0,SINGLE,2.0,0,3,0,0.0,EXECUTIVE,17501.0
200073,0,32.0,SELFENQUIRY,1,6.0,SALARIED,MALE,3,3.0,DELUXE,4.0,DIVORCED,2.0,0,3,0,0.0,MANAGER,21220.0
200074,0,36.0,SELFENQUIRY,1,12.0,SALARIED,FEMALE,2,2.0,DELUXE,3.0,DIVORCED,4.0,0,2,0,0.0,MANAGER,18038.0
200077,0,45.0,SELFENQUIRY,1,12.0,SALARIED,MALE,2,3.0,STANDARD,5.0,DIVORCED,5.0,1,3,0,0.0,SENIORMANAGER,28245.0
200078,0,37.0,SELFENQUIRY,1,13.0,SMALLBUSINESS,MALE,1,3.0,STANDARD,3.0,SINGLE,5.0,0,2,0,0.0,SENIORMANAGER,28664.0
200080,0,30.0,SELFENQUIRY,1,6.0,SALARIED,MALE,2,4.0,DELUXE,3.0,DIVORCED,2.0,1,2,1,1.0,MANAGER,20126.0
200081,0,35.0,SELFENQUIRY,1,6.0,SMALLBUSINESS,MALE,1,4.0,BASIC,3.0,SINGLE,2.0,0,4,1,0.0,EXECUTIVE,17859.0
200082,0,55.0,SELFENQUIRY,3,6.0,SALARIED,MALE,3,3.0,STANDARD,3.0,DIVORCED,4.0,0,2,0,1.0,SENIORMANAGER,25239.0
200083,0,38.0,COMPANYINVITED,1,12.0,SMALLBUSINESS,FEMALE,3,5.0,DELUXE,3.0,MARRIED,1.0,1,2,0,2.0,MANAGER,20329.0
200085,0,56.0,SELFENQUIRY,1,13.0,SALARIED,MALE,2,5.0,STANDARD,3.0,UNMARRIED,5.0,0,2,0,0.0,SENIORMANAGER,22260.0
200086,0,23.0,SELFENQUIRY,3,8.0,LARGEBUSINESS,MALE,3,3.0,BASIC,5.0,MARRIED,4.0,0,3,1,1.0,EXECUTIVE,17322.0
200087,0,51.0,SELFENQUIRY,1,15.0,SALARIED,MALE,3,3.0,BASIC,3.0,DIVORCED,4.0,0,3,1,0.0,EXECUTIVE,17075.0
200089,1,46.0,SELFENQUIRY,3,15.0,SMALLBUSINESS,MALE,3,4.0,STANDARD,3.0,UNMARRIED,2.0,0,5,0,1.0,SENIORMANAGER,24619.0
200090,0,40.0,COMPANYINVITED,1,6.0,SALARIED,MALE,3,4.0,SUPERDELUXE,4.0,DIVORCED,2.0,0,2,1,2.0,AVP,28503.0
200091,0,51.0,SELFENQUIRY,3,27.0,SMALLBUSINESS,MALE,3,3.0,DELUXE,3.0,SINGLE,1.0,1,5,1,1.0,MANAGER,20441.0
200092,0,30.0,SELFENQUIRY,3,10.0,SMALLBUSINESS,FEMALE,3,4.0,DELUXE,4.0,MARRIED,2.0,1,3,1,1.0,MANAGER,20209.0
200093,0,46.0,COMPANYINVITED,1,6.0,SMALLBUSINESS,MALE,2,4.0,STANDARD,5.0,DIVORCED,3.0,1,2,1,1.0,SENIORMANAGER,25673.0
200095,0,54.0,SELFENQUIRY,1,8.0,LARGEBUSINESS,FEMALE,2,3.0,STANDARD,3.0,DIVORCED,1.0,0,4,1,0.0,SENIORMANAGER,28549.0
200098,0,58.0,SELFENQUIRY,3,16.0,SMALLBUSINESS,MALE,2,3.0,SUPERDELUXE,3.0,SINGLE,1.0,0,3,1,1.0,AVP,28872.0
200099,0,44.0,COMPANYINVITED,1,29.0,SMALLBUSINESS,MALE,3,3.0,DELUXE,4.0,DIVORCED,5.0,0,3,1,0.0,MANAGER,17042.0
200100,1,37.0,SELFENQUIRY,2,12.0,SALARIED,MALE,3,3.0,BASIC,5.0,MARRIED,5.0,1,2,1,0.0,EXECUTIVE,17073.0
200101,0,32.0,SELFENQUIRY,1,6.0,SALARIED,MALE,3,3.0,BASIC,5.0,SINGLE,2.0,0,2,0,2.0,EXECUTIVE,17956.0
200102,1,20.0,COMPANYINVITED,1,12.0,SALARIED,FEMALE,3,4.0,BASIC,3.0,SINGLE,2.0,1,2,1,1.0,EXECUTIVE,17926.0
200104,0,37.0,COMPANYINVITED,1,8.0,SALARIED,MALE,3,4.0,DELUXE,3.0,MARRIED,6.0,0,2,0,1.0,MANAGER,20163.0
200105,0,59.0,COMPANYINVITED,2,8.0,SALARIED,FEMALE,2,4.0,KING,3.0,DIVORCED,1.0,0,2,1,1.0,VP,33844.0
200106,0,50.0,COMPANYINVITED,1,6.0,SALARIED,FEMALE,3,3.0,KING,4.0,DIVORCED,4.0,1,2,0,2.0,VP,33172.0
200107,1,25.0,SELFENQUIRY,3,11.0,SMALLBUSINESS,MALE,2,4.0,DELUXE,3.0,SINGLE,2.0,1,3,1,0.0,MANAGER,20744.0
200108,0,25.0,SELFENQUIRY,1,13.0,SMALLBUSINESS,MALE,3,4.0,BASIC,3.0,DIVORCED,2.0,0,2,1,2.0,EXECUTIVE,17889.0
200109,0,22.0,SELFENQUIRY,1,21.0,SMALLBUSINESS,FEMALE,2,3.0,BASIC,3.0,SINGLE,2.0,0,2,1,1.0,EXECUTIVE,17871.0
200110,0,51.0,COMPANYINVITED,1,6.0,SMALLBUSINESS,FEMALE,1,4.0,STANDARD,5.0,UNMARRIED,4.0,0,2,1,0.0,SENIORMANAGER,22484.0
200111,1,34.0,COMPANYINVITED,1,13.0,SALARIED,MALE,3,5.0,DELUXE,3.0,SINGLE,2.0,1,5,1,1.0,MANAGER,21074.0
200112,0,54.0,COMPANYINVITED,2,32.0,SALARIED,FEMALE,1,2.0,SUPERDELUXE,3.0,SINGLE,3.0,1,3,1,0.0,AVP,32328.0
200113,0,24.0,SELFENQUIRY,1,24.0,SALARIED,MALE,2,3.0,BASIC,3.0,DIVORCED,1.0,0,4,1,0.0,EXECUTIVE,17774.0
200115,0,37.0,SELFENQUIRY,3,9.0,SALARIED,MALE,2,3.0,STANDARD,3.0,UNMARRIED,3.0,0,3,0,0.0,SENIORMANAGER,22428.0
200116,0,34.0,SELFENQUIRY,1,11.0,SMALLBUSINESS,FEMALE,2,4.0,STANDARD,5.0,UNMARRIED,3.0,0,2,0,0.0,SENIORMANAGER,26631.0
200117,0,36.0,COMPANYINVITED,3,17.0,LARGEBUSINESS,FEMALE,3,3.0,STANDARD,3.0,DIVORCED,1.0,0,5,0,0.0,SENIORMANAGER,24738.0
200118,0,36.0,SELFENQUIRY,1,9.0,SALARIED,FEMALE,2,3.0,BASIC,3.0,MARRIED,6.0,0,2,1,0.0,EXECUTIVE,17835.0
200119,0,43.0,COMPANYINVITED,3,32.0,SALARIED,MALE,3,3.0,SUPERDELUXE,3.0,DIVORCED,2.0,1,2,0,0.0,AVP,31959.0
200120,0,30.0,COMPANYINVITED,1,29.0,SALARIED,MALE,3,5.0,BASIC,3.0,MARRIED,2.0,0,3,1,2.0,EXECUTIVE,17613.0
200121,0,33.0,COMPANYINVITED,3,28.0,SMALLBUSINESS,MALE,3,3.0,DELUXE,4.0,DIVORCED,1.0,0,2,0,1.0,MANAGER,21146.0
200123,0,51.0,SELFENQUIRY,1,12.0,SALARIED,MALE,2,3.0,KING,3.0,SINGLE,1.0,0,5,1,0.0,VP,34537.0
200124,1,31.0,SELFENQUIRY,3,12.0,SALARIED,MALE,3,5.0,DELUXE,3.0,DIVORCED,5.0,1,3,1,1.0,MANAGER,21172.0
200125,0,26.0,SELFENQUIRY,1,12.0,SALARIED,FEMALE,2,4.0,BASIC,4.0,DIVORCED,2.0,0,3,1,0.0,EXECUTIVE,17368.0
200126,1,58.0,SELFENQUIRY,1,29.0,SMALLBUSINESS,FEMALE,3,3.0,STANDARD,3.0,DIVORCED,2.0,0,3,1,0.0,SENIORMANAGER,25312.0
200127,1,19.0,SELFENQUIRY,3,28.0,SMALLBUSINESS,MALE,2,3.0,BASIC,3.0,SINGLE,2.0,1,2,0,1.0,EXECUTIVE,16675.0
200128,0,22.0,SELFENQUIRY,1,8.0,LARGEBUSINESS,MALE,3,3.0,BASIC,3.0,DIVORCED,1.0,0,5,1,2.0,EXECUTIVE,17523.0
200129,0,49.0,SELFENQUIRY,1,26.0,SMALLBUSINESS,FEMALE,3,3.0,DELUXE,5.0,DIVORCED,2.0,0,2,1,2.0,MANAGER,21567.0
200131,0,50.0,COMPANYINVITED,3,18.0,SMALLBUSINESS,FEMALE,3,3.0,STANDARD,3.0,UNMARRIED,5.0,0,5,0,0.0,SENIORMANAGER,24208.0
200133,0,41.0,SELFENQUIRY,3,15.0,SALARIED,MALE,3,3.0,STANDARD,3.0,MARRIED,4.0,1,2,0,1.0,SENIORMANAGER,23189.0
200134,0,26.0,SELFENQUIRY,2,31.0,SALARIED,FEMALE,3,3.0,BASIC,3.0,DIVORCED,2.0,0,4,1,0.0,EXECUTIVE,17942.0
200136,1,51.0,COMPANYINVITED,1,14.0,SALARIED,MALE,2,5.0,STANDARD,3.0,UNMARRIED,3.0,0,2,0,1.0,SENIORMANAGER,25650.0
200137,0,39.0,SELFENQUIRY,3,10.0,SALARIED,FEMALE,2,4.0,DELUXE,3.0,DIVORCED,5.0,0,5,1,0.0,MANAGER,20902.0
200138,0,25.0,SELFENQUIRY,3,34.0,SALARIED,MALE,2,4.0,DELUXE,3.0,DIVORCED,3.0,0,4,0,0.0,MANAGER,23639.0
200139,0,30.0,SELFENQUIRY,2,15.0,SALARIED,MALE,2,3.0,DELUXE,3.0,DIVORCED,1.0,1,3,1,1.0,MANAGER,21347.0
200142,0,38.0,SELFENQUIRY,1,9.0,LARGEBUSINESS,FEMALE,2,3.0,DELUXE,3.0,SINGLE,4.0,1,5,0,0.0,MANAGER,1000.0
200143,0,30.0,SELFENQUIRY,1,24.0,SALARIED,FEMALE,3,3.0,BASIC,3.0,SINGLE,2.0,0,2,1,0.0,EXECUTIVE,17632.0
200145,0,30.0,SELFENQUIRY,1,11.0,LARGEBUSINESS,FEMALE,2,3.0,BASIC,5.0,MARRIED,6.0,0,5,1,1.0,EXECUTIVE,18204.0
200146,0,30.0,SELFENQUIRY,1,8.0,SMALLBUSINESS,MALE,2,4.0,BASIC,3.0,SINGLE,1.0,0,4,0,0.0,EXECUTIVE,17720.0
200147,0,41.0,COMPANYINVITED,1,16.0,SALARIED,MALE,3,4.0,SUPERDELUXE,5.0,MARRIED,5.0,0,2,1,0.0,AVP,32181.0
200148,0,41.0,SELFENQUIRY,1,15.0,SALARIED,MALE,3,3.0,BASIC,5.0,DIVORCED,3.0,0,2,0,2.0,EXECUTIVE,17238.0
200149,0,19.0,SELFENQUIRY,1,9.0,SMALLBUSINESS,FEMALE,3,3.0,BASIC,4.0,SINGLE,2.0,0,3,1,2.0,EXECUTIVE,16483.0
200150,0,40.0,COMPANYINVITED,1,32.0,SMALLBUSINESS,FEMALE,2,3.0,DELUXE,4.0,MARRIED,2.0,0,2,1,0.0,MANAGER,20605.0
200151,0,35.0,SELFENQUIRY,3,6.0,SMALLBUSINESS,MALE,3,3.0,STANDARD,4.0,DIVORCED,2.0,0,4,1,2.0,SENIORMANAGER,22295.0
200152,0,53.0,SELFENQUIRY,3,12.0,SMALLBUSINESS,MALE,2,3.0,DELUXE,3.0,DIVORCED,3.0,1,5,0,0.0,MANAGER,17306.0
200153,0,45.0,SELFENQUIRY,1,15.0,SALARIED,MALE,2,3.0,DELUXE,4.0,MARRIED,1.0,0,4,1,0.0,MANAGER,17348.0
200154,0,32.0,COMPANYINVITED,3,14.0,SMALLBUSINESS,FEMALE,2,3.0,STANDARD,3.0,UNMARRIED,2.0,0,4,1,1.0,SENIORMANAGER,23998.0
200156,0,51.0,SELFENQUIRY,1,13.0,SMALLBUSINESS,MALE,2,4.0,DELUXE,3.0,DIVORCED,3.0,0,3,1,1.0,MANAGER,21132.0
200157,0,58.0,SELFENQUIRY,1,15.0,SMALLBUSINESS,FEMALE,3,4.0,BASIC,4.0,DIVORCED,5.0,1,2,1,0.0,EXECUTIVE,18346.0
200158,0,40.0,SELFENQUIRY,3,10.0,SMALLBUSINESS,MALE,3,4.0,STANDARD,3.0,DIVORCED,1.0,0,2,1,0.0,SENIORMANAGER,25855.0
200159,0,34.0,COMPANYINVITED,3,8.0,SMALLBUSINESS,FEMALE,3,3.0,BASIC,3.0,DIVORCED,7.0,0,5,1,2.0,EXECUTIVE,17231.0
200160,0,22.0,SELFENQUIRY,1,25.0,SMALLBUSINESS,MALE,3,3.0,BASIC,3.0,DIVORCED,2.0,0,2,0,1.0,EXECUTIVE,17323.0
200161,0,27.0,COMPANYINVITED,1,15.0,SMALLBUSINESS,MALE,2,3.0,BASIC,4.0,MARRIED,7.0,0,3,0,0.0,EXECUTIVE,17024.0
200162,0,28.0,SELFENQUIRY,1,27.0,SMALLBUSINESS,MALE,2,3.0,BASIC,3.0,DIVORCED,2.0,0,2,0,0.0,EXECUTIVE,17713.0
200163,0,57.0,SELFENQUIRY,1,30.0,SALARIED,MALE,2,2.0,STANDARD,3.0,MARRIED,4.0,1,4,1,1.0,SENIORMANAGER,24439.0
200164,0,27.0,COMPANYINVITED,1,9.0,SMALLBUSINESS,MALE,3,4.0,BASIC,3.0,MARRIED,2.0,1,2,0,2.0,EXECUTIVE,17566.0
200166,0,41.0,SELFENQUIRY,1,20.0,SALARIED,MALE,2,3.0,BASIC,3.0,MARRIED,5.0,0,4,1,1.0,EXECUTIVE,17451.0
200167,0,30.0,SELFENQUIRY,3,11.0,SALARIED,FEMALE,2,3.0,STANDARD,3.0,DIVORCED,3.0,0,4,1,1.0,SENIORMANAGER,24419.0
200168,0,38.0,SELFENQUIRY,3,6.0,SALARIED,FEMALE,2,4.0,DELUXE,3.0,UNMARRIED,5.0,0,2,1,1.0,MANAGER,23686.0
200169,0,32.0,SELFENQUIRY,1,12.0,SALARIED,MALE,2,3.0,BASIC,3.0,SINGLE,4.0,0,2,0,1.0,EXECUTIVE,18038.0
200170,0,27.0,SELFENQUIRY,1,23.0,LARGEBUSINESS,MALE,2,3.0,BASIC,4.0,DIVORCED,1.0,1,4,1,0.0,EXECUTIVE,18058.0
200171,1,19.0,COMPANYINVITED,3,6.0,LARGEBUSINESS,FEMALE,3,5.0,BASIC,5.0,SINGLE,1.0,0,3,1,1.0,EXECUTIVE,17325.0
200172,0,36.0,COMPANYINVITED,1,9.0,SMALLBUSINESS,MALE,1,3.0,BASIC,4.0,SINGLE,5.0,0,4,1,0.0,EXECUTIVE,17088.0
200173,0,30.0,COMPANYINVITED,1,15.0,SMALLBUSINESS,MALE,3,3.0,DELUXE,5.0,MARRIED,2.0,0,2,0,1.0,MANAGER,18072.0
200176,0,33.0,SELFENQUIRY,1,8.0,SALARIED,MALE,2,3.0,BASIC,3.0,SINGLE,1.0,0,3,0,1.0,EXECUTIVE,17500.0
200177,1,19.0,SELFENQUIRY,1,8.0,SALARIED,MALE,2,4.0,BASIC,3.0,SINGLE,2.0,0,5,0,0.0,EXECUTIVE,16102.0
200178,0,46.0,SELFENQUIRY,3,6.0,SMALLBUSINESS,FEMALE,3,3.0,STANDARD,5.0,MARRIED,2.0,0,2,1,1.0,SENIORMANAGER,25453.0
200179,0,38.0,SELFENQUIRY,1,15.0,SALARIED,FEMALE,3,3.0,BASIC,3.0,SINGLE,2.0,0,2,1,1.0,EXECUTIVE,17288.0
200181,0,34.0,SELFENQUIRY,1,33.0,SMALLBUSINESS,FEMALE,3,3.0,BASIC,4.0,SINGLE,3.0,0,3,1,0.0,EXECUTIVE,17311.0
200182,1,41.0,SELFENQUIRY,3,26.0,SMALLBUSINESS,FEMALE,3,3.0,BASIC,4.0,SINGLE,2.0,1,4,0,2.0,EXECUTIVE,18140.0
200185,0,33.0,SELFENQUIRY,1,20.0,SMALLBUSINESS,FEMALE,3,3.0,BASIC,4.0,DIVORCED,2.0,0,5,0,0.0,EXECUTIVE,17756.0
200186,0,40.0,SELFENQUIRY,1,10.0,SMALLBUSINESS,FEMALE,2,3.0,KING,3.0,DIVORCED,2.0,0,5,0,1.0,VP,34033.0
200187,0,55.0,SELFENQUIRY,1,20.0,SMALLBUSINESS,MALE,3,2.0,KING,4.0,SINGLE,1.0,0,2,0,2.0,VP,33722.0
200188,0,34.0,COMPANYINVITED,1,8.0,SALARIED,MALE,2,4.0,DELUXE,3.0,DIVORCED,2.0,0,4,0,0.0,MANAGER,24547.0
200189,0,51.0,SELFENQUIRY,1,9.0,SMALLBUSINESS,FEMALE,3,3.0,SUPERDELUXE,4.0,SINGLE,4.0,0,5,0,1.0,AVP,28734.0
200191,0,27.0,SELFENQUIRY,1,15.0,SMALLBUSINESS,FEMALE,2,3.0,BASIC,4.0,SINGLE,2.0,0,3,1,0.0,EXECUTIVE,17279.0
200192,1,35.0,SELFENQUIRY,1,29.0,SALARIED,MALE,2,4.0,DELUXE,3.0,DIVORCED,4.0,1,4,1,1.0,MANAGER,20916.0
200193,0,43.0,COMPANYINVITED,1,13.0,SMALLBUSINESS,MALE,2,2.0,BASIC,3.0,MARRIED,5.0,0,4,0,1.0,EXECUTIVE,17089.0
200194,0,45.0,COMPANYINVITED,1,8.0,SMALLBUSINESS,MALE,3,4.0,SUPERDELUXE,3.0,DIVORCED,1.0,0,4,1,0.0,AVP,31792.0
200197,0,42.0,COMPANYINVITED,1,27.0,SMALLBUSINESS,FEMALE,2,3.0,DELUXE,3.0,MARRIED,3.0,0,2,0,0.0,MANAGER,20265.0
200198,0,38.0,SELFENQUIRY,1,8.0,SALARIED,MALE,2,3.0,DELUXE,3.0,DIVORCED,1.0,0,2,0,1.0,MANAGER,21553.0
200199,0,38.0,SELFENQUIRY,1,35.0,LARGEBUSINESS,MALE,2,3.0,DELUXE,3.0,DIVORCED,4.0,0,2,0,1.0,MANAGER,21261.0
200201,0,49.0,COMPANYINVITED,1,24.0,SALARIED,MALE,3,3.0,DELUXE,3.0,MARRIED,2.0,1,2,0,1.0,MANAGER,21804.0
200203,0,40.0,SELFENQUIRY,1,25.0,SMALLBUSINESS,MALE,2,3.0,DELUXE,3.0,DIVORCED,1.0,1,2,1,1.0,MANAGER,17741.0
200204,1,38.0,SELFENQUIRY,1,35.0,SMALLBUSINESS,MALE,3,3.0,DELUXE,5.0,DIVORCED,1.0,1,3,0,1.0,MANAGER,21673.0
200205,1,29.0,SELFENQUIRY,3,33.0,SMALLBUSINESS,FEMALE,2,3.0,STANDARD,3.0,DIVORCED,2.0,0,3,1,1.0,SENIORMANAGER,22639.0
200206,0,22.0,SELFENQUIRY,1,11.0,SALARIED,MALE,2,2.0,BASIC,4.0,MARRIED,2.0,1,4,0,0.0,EXECUTIVE,17328.0
200207,0,36.0,COMPANYINVITED,1,24.0,SMALLBUSINESS,FEMALE,3,3.0,BASIC,3.0,SINGLE,2.0,0,3,1,2.0,EXECUTIVE,17153.0
200209,0,46.0,SELFENQUIRY,1,6.0,SMALLBUSINESS,MALE,3,3.0,STANDARD,5.0,MARRIED,1.0,0,2,0,0.0,SENIORMANAGER,24396.0
200210,1,32.0,SELFENQUIRY,3,10.0,SMALLBUSINESS,MALE,2,5.0,STANDARD,3.0,DIVORCED,2.0,0,2,1,1.0,SENIORMANAGER,25400.0
200211,0,30.0,COMPANYINVITED,1,6.0,SALARIED,MALE,2,4.0,STANDARD,3.0,UNMARRIED,2.0,0,5,1,1.0,SENIORMANAGER,23474.0
200212,0,27.0,COMPANYINVITED,3,26.0,SALARIED,FEMALE,2,3.0,DELUXE,3.0,UNMARRIED,2.0,0,2,1,1.0,MANAGER,24981.0
200213,0,51.0,SELFENQUIRY,1,14.0,SALARIED,MALE,2,4.0,STANDARD,4.0,DIVORCED,6.0,0,3,1,1.0,SENIORMANAGER,27490.0
200214,1,30.0,SELFENQUIRY,1,9.0,LARGEBUSINESS,FEMALE,2,3.0,BASIC,5.0,SINGLE,6.0,1,4,1,1.0,EXECUTIVE,17657.0
200215,0,41.0,SELFENQUIRY,3,12.0,SALARIED,FEMALE,3,3.0,STANDARD,3.0,SINGLE,4.0,1,2,0,1.0,SENIORMANAGER,28591.0
200216,1,30.0,COMPANYINVITED,3,32.0,SMALLBUSINESS,FEMALE,2,4.0,DELUXE,5.0,UNMARRIED,6.0,0,2,0,1.0,MANAGER,21696.0
200217,1,29.0,SELFENQUIRY,1,6.0,LARGEBUSINESS,MALE,2,3.0,BASIC,3.0,SINGLE,1.0,0,2,0,0.0,EXECUTIVE,17058.0
200218,0,45.0,COMPANYINVITED,3,12.0,SMALLBUSINESS,FEMALE,2,4.0,STANDARD,3.0,UNMARRIED,7.0,0,4,1,0.0,SENIORMANAGER,23865.0
200219,0,54.0,SELFENQUIRY,3,9.0,SMALLBUSINESS,FEMALE,2,3.0,DELUXE,5.0,DIVORCED,3.0,0,4,1,1.0,MANAGER,20940.0
200220,0,36.0,SELFENQUIRY,1,11.0,SALARIED,MALE,3,3.0,DELUXE,4.0,SINGLE,1.0,0,2,0,2.0,MANAGER,20914.0
200221,0,33.0,SELFENQUIRY,1,10.0,SMALLBUSINESS,FEMALE,2,4.0,BASIC,4.0,DIVORCED,7.0,0,4,0,0.0,EXECUTIVE,17622.0
200222,0,37.0,COMPANYINVITED,1,17.0,SALARIED,MALE,2,3.0,STANDARD,3.0,MARRIED,2.0,1,3,0,1.0,SENIORMANAGER,27185.0
200223,0,38.0,SELFENQUIRY,3,9.0,SALARIED,MALE,3,3.0,STANDARD,3.0,MARRIED,1.0,0,2,1,1.0,SENIORMANAGER,25609.0
200225,0,59.0,SELFENQUIRY,1,9.0,SALARIED,MALE,3,4.0,BASIC,3.0,DIVORCED,4.0,0,3,0,1.0,EXECUTIVE,17177.0
200226,0,37.0,COMPANYINVITED,3,10.0,SMALLBUSINESS,MALE,2,3.0,BASIC,3.0,MARRIED,5.0,0,4,1,0.0,EXECUTIVE,17177.0
200227,0,29.0,COMPANYINVITED,3,6.0,SMALLBUSINESS,FEMALE,2,3.0,STANDARD,3.0,DIVORCED,2.0,0,3,1,0.0,SENIORMANAGER,22918.0
200228,0,35.0,COMPANYINVITED,3,6.0,SMALLBUSINESS,FEMALE,3,3.0,STANDARD,3.0,UNMARRIED,2.0,0,5,1,0.0,SENIORMANAGER,23789.0
200229,1,29.0,SELFENQUIRY,1,24.0,SMALLBUSINESS,MALE,2,4.0,BASIC,3.0,SINGLE,2.0,1,3,0,1.0,EXECUTIVE,17389.0
200230,0,52.0,SELFENQUIRY,1,8.0,SALARIED,FEMALE,2,4.0,BASIC,3.0,SINGLE,1.0,0,3,0,0.0,EXECUTIVE,18212.0
200231,0,42.0,SELFENQUIRY,1,10.0,LARGEBUSINESS,MALE,2,3.0,KING,3.0,DIVORCED,2.0,0,2,0,1.0,VP,34232.0
200232,0,59.0,SELFENQUIRY,2,12.0,SMALLBUSINESS,MALE,2,3.0,BASIC,3.0,DIVORCED,1.0,0,4,1,0.0,EXECUTIVE,17267.0
200233,0,50.0,SELFENQUIRY,3,6.0,SMALLBUSINESS,FEMALE,3,3.0,KING,3.0,MARRIED,4.0,0,2,1,1.0,VP,34517.0
200234,1,33.0,SELFENQUIRY,1,20.0,SMALLBUSINESS,MALE,2,3.0,BASIC,3.0,DIVORCED,6.0,1,2,0,1.0,EXECUTIVE,17436.0
200235,0,43.0,SELFENQUIRY,3,22.0,SMALLBUSINESS,FEMALE,3,3.0,SUPERDELUXE,3.0,DIVORCED,6.0,1,3,0,1.0,AVP,31064.0
200236,1,33.0,SELFENQUIRY,1,8.0,SALARIED,FEMALE,2,3.0,BASIC,5.0,DIVORCED,1.0,0,3,1,0.0,EXECUTIVE,17707.0
200237,0,52.0,COMPANYINVITED,3,8.0,SALARIED,MALE,3,4.0,KING,3.0,SINGLE,2.0,1,2,1,2.0,VP,34068.0
200240,0,39.0,SELFENQUIRY,1,6.0,SMALLBUSINESS,FEMALE,3,3.0,BASIC,3.0,MARRIED,1.0,0,3,0,1.0,EXECUTIVE,17232.0
200242,0,41.0,SELFENQUIRY,1,25.0,SALARIED,MALE,2,3.0,DELUXE,5.0,MARRIED,3.0,0,2,1,0.0,MANAGER,18072.0
200243,0,40.0,SELFENQUIRY,1,30.0,LARGEBUSINESS,MALE,3,3.0,DELUXE,3.0,MARRIED,2.0,0,3,1,1.0,MANAGER,18319.0
200244,0,45.0,SELFENQUIRY,1,6.0,SALARIED,MALE,3,2.0,KING,3.0,DIVORCED,1.0,0,4,1,2.0,VP,34202.0
200245,0,31.0,COMPANYINVITED,1,9.0,SMALLBUSINESS,MALE,3,3.0,STANDARD,3.0,MARRIED,1.0,0,4,1,2.0,SENIORMANAGER,28675.0
200246,0,33.0,SELFENQUIRY,1,11.0,SALARIED,FEMALE,3,4.0,BASIC,3.0,DIVORCED,2.0,0,2,0,2.0,EXECUTIVE,17911.0
200247,0,34.0,SELFENQUIRY,1,8.0,SALARIED,MALE,2,4.0,DELUXE,5.0,DIVORCED,7.0,0,4,0,1.0,MANAGER,20957.0
200249,0,45.0,COMPANYINVITED,1,13.0,SALARIED,MALE,3,2.0,DELUXE,3.0,DIVORCED,5.0,0,2,0,2.0,MANAGER,21434.0
200250,1,37.0,COMPANYINVITED,1,16.0,SMALLBUSINESS,MALE,3,3.0,STANDARD,3.0,MARRIED,7.0,0,3,1,2.0,SENIORMANAGER,25048.0
200251,0,39.0,COMPANYINVITED,1,8.0,LARGEBUSINESS,FEMALE,3,3.0,STANDARD,3.0,UNMARRIED,1.0,0,2,1,1.0,SENIORMANAGER,25938.0
200252,0,29.0,SELFENQUIRY,1,21.0,SALARIED,MALE,2,3.0,BASIC,3.0,SINGLE,2.0,0,3,0,0.0,EXECUTIVE,17340.0
200253,0,42.0,SELFENQUIRY,1,23.0,SALARIED,FEMALE,2,2.0,DELUXE,5.0,UNMARRIED,4.0,1,2,0,0.0,MANAGER,21545.0
200254,0,29.0,SELFENQUIRY,3,26.0,SMALLBUSINESS,MALE,2,3.0,DELUXE,3.0,MARRIED,3.0,0,2,1,1.0,MANAGER,21931.0
200256,0,42.0,SELFENQUIRY,1,8.0,SMALLBUSINESS,FEMALE,2,4.0,BASIC,5.0,MARRIED,1.0,1,4,1,0.0,EXECUTIVE,17593.0
200257,0,40.0,SELFENQUIRY,1,8.0,SMALLBUSINESS,MALE,2,3.0,KING,3.0,MARRIED,1.0,0,5,0,0.0,VP,34436.0
200258,0,51.0,SELFENQUIRY,1,6.0,SALARIED,MALE,3,3.0,BASIC,3.0,DIVORCED,2.0,0,4,1,0.0,EXECUTIVE,17723.0
200260,0,32.0,COMPANYINVITED,1,13.0,SALARIED,MALE,3,2.0,BASIC,4.0,DIVORCED,2.0,0,2,0,1.0,EXECUTIVE,17794.0
200261,0,38.0,COMPANYINVITED,3,8.0,SALARIED,MALE,2,4.0,DELUXE,3.0,DIVORCED,4.0,0,5,1,1.0,MANAGER,20249.0
200262,0,32.0,SELFENQUIRY,1,8.0,LARGEBUSINESS,MALE,2,4.0,DELUXE,5.0,SINGLE,5.0,0,4,0,1.0,MANAGER,17176.0
200263,0,46.0,SELFENQUIRY,3,8.0,LARGEBUSINESS,FEMALE,3,5.0,SUPERDELUXE,4.0,DIVORCED,4.0,1,5,1,2.0,AVP,31872.0
200265,0,29.0,SELFENQUIRY,3,8.0,SMALLBUSINESS,MALE,3,4.0,DELUXE,4.0,DIVORCED,3.0,0,4,0,1.0,MANAGER,21644.0
200266,0,31.0,SELFENQUIRY,1,29.0,SMALLBUSINESS,MALE,3,4.0,DELUXE,3.0,DIVORCED,1.0,0,3,1,1.0,MANAGER,20582.0
200268,0,45.0,SELFENQUIRY,1,26.0,SMALLBUSINESS,MALE,3,3.0,SUPERDELUXE,3.0,DIVORCED,1.0,1,3,0,0.0,AVP,28496.0
200269,0,36.0,SELFENQUIRY,1,12.0,SALARIED,MALE,2,3.0,BASIC,3.0,DIVORCED,1.0,0,5,1,1.0,EXECUTIVE,18210.0
200270,0,55.0,SELFENQUIRY,1,6.0,SMALLBUSINESS,MALE,2,3.0,KING,5.0,SINGLE,1.0,1,2,1,0.0,VP,34045.0
200271,1,47.0,COMPANYINVITED,1,35.0,SALARIED,MALE,2,3.0,STANDARD,4.0,DIVORCED,2.0,1,3,1,0.0,SENIORMANAGER,26849.0
200272,0,28.0,SELFENQUIRY,1,15.0,SMALLBUSINESS,MALE,3,3.0,BASIC,3.0,DIVORCED,2.0,0,2,1,1.0,EXECUTIVE,17070.0
200273,0,37.0,SELFENQUIRY,3,12.0,SMALLBUSINESS,MALE,3,3.0,DELUXE,3.0,DIVORCED,5.0,0,3,0,0.0,MANAGER,21502.0
200274,0,21.0,SELFENQUIRY,1,9.0,SMALLBUSINESS,MALE,3,4.0,BASIC,3.0,SINGLE,2.0,0,5,1,1.0,EXECUTIVE,18230.0
200275,0,37.0,COMPANYINVITED,1,6.0,SMALLBUSINESS,FEMALE,1,3.0,STANDARD,3.0,MARRIED,3.0,1,3,0,0.0,SENIORMANAGER,28603.0
200276,0,35.0,SELFENQUIRY,1,28.0,SALARIED,FEMALE,3,2.0,STANDARD,4.0,MARRIED,1.0,0,5,1,1.0,SENIORMANAGER,26996.0
200277,0,38.0,SELFENQUIRY,3,13.0,SMALLBUSINESS,FEMALE,2,2.0,DELUXE,5.0,MARRIED,2.0,1,3,0,0.0,MANAGER,20605.0
200278,0,26.0,COMPANYINVITED,1,6.0,SALARIED,FEMALE,2,3.0,DELUXE,4.0,MARRIED,2.0,0,5,0,1.0,MANAGER,21397.0
200279,0,50.0,SELFENQUIRY,1,10.0,SALARIED,MALE,3,3.0,KING,4.0,MARRIED,4.0,0,5,1,0.0,VP,34144.0
200280,0,53.0,SELFENQUIRY,1,9.0,SMALLBUSINESS,MALE,2,3.0,SUPERDELUXE,3.0,DIVORCED,4.0,1,5,0,0.0,AVP,32584.0
200281,0,42.0,SELFENQUIRY,3,6.0,SALARIED,MALE,2,3.0,DELUXE,3.0,DIVORCED,2.0,0,3,1,0.0,MANAGER,19907.0
200283,0,55.0,SELFENQUIRY,1,26.0,LARGEBUSINESS,MALE,2,3.0,DELUXE,3.0,DIVORCED,4.0,1,2,1,1.0,MANAGER,20415.0
200285,0,37.0,SELFENQUIRY,1,6.0,SALARIED,FEMALE,2,3.0,BASIC,3.0,SINGLE,2.0,0,2,1,1.0,EXECUTIVE,17115.0
200286,1,44.0,COMPANYINVITED,1,30.0,SALARIED,MALE,2,3.0,BASIC,3.0,MARRIED,4.0,1,5,0,1.0,EXECUTIVE,18161.0
200287,0,38.0,SELFENQUIRY,1,29.0,SALARIED,MALE,2,3.0,DELUXE,3.0,MARRIED,1.0,0,3,0,0.0,MANAGER,20745.0
200288,1,26.0,SELFENQUIRY,1,22.0,SMALLBUSINESS,MALE,2,3.0,BASIC,4.0,MARRIED,3.0,1,2,1,1.0,EXECUTIVE,17373.0
200289,0,28.0,SELFENQUIRY,1,14.0,SALARIED,FEMALE,3,3.0,BASIC,3.0,SINGLE,2.0,0,4,0,1.0,EXECUTIVE,18310.0
200290,0,49.0,COMPANYINVITED,1,16.0,SALARIED,FEMALE,2,3.0,KING,5.0,SINGLE,1.0,1,3,0,0.0,VP,33665.0
200292,0,31.0,COMPANYINVITED,3,11.0,SMALLBUSINESS,FEMALE,2,3.0,BASIC,4.0,MARRIED,2.0,0,3,0,1.0,EXECUTIVE,17789.0
200293,1,26.0,SELFENQUIRY,3,10.0,SMALLBUSINESS,MALE,2,4.0,DELUXE,3.0,SINGLE,2.0,1,2,1,1.0,MANAGER,20828.0
200294,0,37.0,COMPANYINVITED,1,15.0,SMALLBUSINESS,MALE,2,3.0,BASIC,3.0,DIVORCED,2.0,1,2,0,0.0,EXECUTIVE,17326.0
200295,0,42.0,COMPANYINVITED,3,32.0,SMALLBUSINESS,FEMALE,3,3.0,SUPERDELUXE,4.0,DIVORCED,6.0,0,3,1,2.0,AVP,28525.0
200296,1,18.0,SELFENQUIRY,1,9.0,SALARIED,MALE,2,3.0,BASIC,3.0,SINGLE,2.0,0,4,0,0.0,EXECUTIVE,16420.0
200297,0,35.0,SELFENQUIRY,3,22.0,SMALLBUSINESS,MALE,3,3.0,STANDARD,4.0,DIVORCED,1.0,0,2,1,2.0,SENIORMANAGER,23020.0
200299,0,51.0,SELFENQUIRY,1,8.0,SMALLBUSINESS,MALE,2,5.0,DELUXE,4.0,MARRIED,6.0,0,2,0,0.0,MANAGER,20482.0
200300,0,41.0,SELFENQUIRY,3,8.0,SALARIED,MALE,2,3.0,SUPERDELUXE,4.0,SINGLE,2.0,0,3,1,0.0,AVP,31015.0
200301,0,18.0,SELFENQUIRY,3,16.0,SMALLBUSINESS,FEMALE,3,4.0,BASIC,3.0,SINGLE,2.0,0,2,1,2.0,EXECUTIVE,16200.0
200302,0,28.0,SELFENQUIRY,1,22.0,SMALLBUSINESS,MALE,3,2.0,DELUXE,5.0,SINGLE,1.0,0,5,0,2.0,MANAGER,20661.0
200303,0,31.0,SELFENQUIRY,3,13.0,LARGEBUSINESS,MALE,3,2.0,DELUXE,3.0,DIVORCED,5.0,0,2,1,0.0,MANAGER,21929.0
200304,0,39.0,SELFENQUIRY,1,6.0,SMALLBUSINESS,MALE,2,2.0,STANDARD,3.0,MARRIED,1.0,0,3,1,0.0,SENIORMANAGER,24613.0
200305,0,36.0,COMPANYINVITED,1,30.0,SALARIED,FEMALE,2,3.0,DELUXE,4.0,DIVORCED,1.0,0,3,0,0.0,MANAGER,20674.0
200306,0,32.0,SELFENQUIRY,3,13.0,SALARIED,MALE,3,4.0,DELUXE,3.0,DIVORCED,2.0,0,3,1,2.0,MANAGER,20484.0
200307,0,38.0,SELFENQUIRY,1,31.0,SALARIED,FEMALE,2,4.0,STANDARD,4.0,DIVORCED,4.0,0,3,1,0.0,SENIORMANAGER,27061.0
200308,0,58.0,COMPANYINVITED,1,6.0,SALARIED,MALE,2,5.0,DELUXE,3.0,MARRIED,3.0,1,2,1,1.0,MANAGER,20660.0
200310,0,31.0,SELFENQUIRY,2,8.0,SALARIED,MALE,3,4.0,DELUXE,5.0,DIVORCED,4.0,0,3,0,1.0,MANAGER,21410.0
200311,0,45.0,COMPANYINVITED,1,13.0,SALARIED,MALE,3,3.0,STANDARD,5.0,MARRIED,2.0,0,2,1,2.0,SENIORMANAGER,20210.0
200312,0,31.0,SELFENQUIRY,1,8.0,SALARIED,MALE,2,3.0,BASIC,3.0,MARRIED,1.0,1,4,1,1.0,EXECUTIVE,17695.0
200313,0,33.0,COMPANYINVITED,1,11.0,SALARIED,FEMALE,3,3.0,STANDARD,4.0,DIVORCED,7.0,0,3,1,2.0,SENIORMANAGER,26878.0
200314,0,39.0,SELFENQUIRY,1,16.0,SMALLBUSINESS,MALE,2,3.0,SUPERDELUXE,5.0,DIVORCED,2.0,1,3,1,1.0,AVP,32068.0
200315,0,43.0,COMPANYINVITED,1,16.0,SALARIED,FEMALE,2,3.0,BASIC,3.0,SINGLE,1.0,0,5,0,1.0,EXECUTIVE,17455.0
200316,0,49.0,SELFENQUIRY,1,6.0,LARGEBUSINESS,FEMALE,2,4.0,SUPERDELUXE,3.0,SINGLE,1.0,1,3,1,0.0,AVP,28964.0
200318,0,27.0,SELFENQUIRY,1,11.0,SALARIED,FEMALE,2,3.0,BASIC,4.0,SINGLE,2.0,1,3,0,1.0,EXECUTIVE,17478.0
200319,0,32.0,SELFENQUIRY,3,14.0,LARGEBUSINESS,FEMALE,3,4.0,DELUXE,4.0,DIVORCED,2.0,1,2,1,0.0,MANAGER,20228.0
200321,0,31.0,SELFENQUIRY,3,13.0,SMALLBUSINESS,MALE,3,3.0,DELUXE,3.0,MARRIED,5.0,0,2,0,0.0,MANAGER,22547.0
200324,0,30.0,SELFENQUIRY,1,34.0,SMALLBUSINESS,FEMALE,3,3.0,DELUXE,3.0,DIVORCED,2.0,0,3,0,2.0,MANAGER,20775.0
200325,0,31.0,COMPANYINVITED,1,13.0,SALARIED,FEMALE,2,4.0,STANDARD,3.0,DIVORCED,2.0,0,2,1,1.0,SENIORMANAGER,23943.0
200326,0,39.0,COMPANYINVITED,1,5.0,SMALLBUSINESS,MALE,2,4.0,KING,3.0,DIVORCED,2.0,0,5,1,1.0,VP,34272.0
200327,1,39.0,SELFENQUIRY,3,9.0,SMALLBUSINESS,FEMALE,2,3.0,DELUXE,3.0,DIVORCED,5.0,1,4,1,1.0,MANAGER,20238.0
200329,0,47.0,SELFENQUIRY,1,11.0,SALARIED,MALE,2,3.0,KING,3.0,DIVORCED,5.0,0,2,0,1.0,VP,33300.0
200330,0,43.0,COMPANYINVITED,1,16.0,SALARIED,FEMALE,2,4.0,DELUXE,3.0,MARRIED,2.0,0,3,0,0.0,MANAGER,20257.0
200331,0,27.0,COMPANYINVITED,3,6.0,SMALLBUSINESS,MALE,3,3.0,DELUXE,4.0,DIVORCED,1.0,1,2,0,2.0,MANAGER,21349.0
200333,0,43.0,SELFENQUIRY,1,13.0,SALARIED,FEMALE,2,3.0,STANDARD,5.0,DIVORCED,1.0,0,5,1,0.0,SENIORMANAGER,24985.0
200335,0,40.0,SELFENQUIRY,3,6.0,SMALLBUSINESS,MALE,2,5.0,DELUXE,3.0,DIVORCED,3.0,1,3,1,0.0,MANAGER,22457.0
200336,1,29.0,SELFENQUIRY,1,14.0,SALARIED,MALE,3,5.0,BASIC,5.0,DIVORCED,2.0,1,3,1,1.0,EXECUTIVE,17119.0
200338,0,30.0,SELFENQUIRY,3,11.0,SMALLBUSINESS,FEMALE,1,4.0,DELUXE,3.0,MARRIED,2.0,0,2,0,0.0,MANAGER,21118.0
200339,0,27.0,SELFENQUIRY,3,14.0,SMALLBUSINESS,FEMALE,2,3.0,DELUXE,4.0,DIVORCED,2.0,0,2,0,0.0,MANAGER,21214.0
200340,0,37.0,SELFENQUIRY,1,11.0,SMALLBUSINESS,MALE,3,3.0,DELUXE,3.0,MARRIED,1.0,0,3,0,0.0,MANAGER,21347.0
200341,0,38.0,SELFENQUIRY,1,21.0,SALARIED,MALE,3,4.0,STANDARD,3.0,MARRIED,1.0,1,5,1,1.0,SENIORMANAGER,26510.0
200342,0,31.0,SELFENQUIRY,1,13.0,SMALLBUSINESS,FEMALE,2,3.0,STANDARD,3.0,UNMARRIED,2.0,1,4,1,1.0,SENIORMANAGER,22143.0
200343,0,29.0,SELFENQUIRY,3,16.0,SMALLBUSINESS,FEMALE,2,4.0,DELUXE,4.0,MARRIED,2.0,1,5,0,1.0,MANAGER,23268.0
200344,0,35.0,SELFENQUIRY,1,11.0,LARGEBUSINESS,MALE,3,3.0,STANDARD,4.0,UNMARRIED,1.0,0,3,0,0.0,SENIORMANAGER,23095.0
200345,0,23.0,SELFENQUIRY,1,32.0,SALARIED,MALE,2,3.0,BASIC,3.0,MARRIED,2.0,0,2,1,1.0,EXECUTIVE,17904.0
200346,0,41.0,SELFENQUIRY,1,12.0,SMALLBUSINESS,MALE,3,4.0,DELUXE,4.0,SINGLE,7.0,1,3,1,0.0,MANAGER,21032.0
200347,0,47.0,COMPANYINVITED,3,10.0,SMALLBUSINESS,MALE,2,3.0,DELUXE,3.0,SINGLE,4.0,0,4,0,1.0,MANAGER,17976.0
200348,0,42.0,SELFENQUIRY,1,29.0,SALARIED,FEMALE,2,3.0,SUPERDELUXE,3.0,SINGLE,3.0,0,3,0,0.0,AVP,30992.0
200350,0,42.0,SELFENQUIRY,2,8.0,LARGEBUSINESS,MALE,2,3.0,BASIC,3.0,MARRIED,1.0,1,4,1,0.0,EXECUTIVE,17696.0
200351,0,32.0,SELFENQUIRY,1,8.0,SMALLBUSINESS,FEMALE,3,3.0,BASIC,4.0,DIVORCED,2.0,0,4,0,0.0,EXECUTIVE,17370.0
200352,0,48.0,SELFENQUIRY,3,35.0,SMALLBUSINESS,FEMALE,3,3.0,STANDARD,3.0,DIVORCED,4.0,0,4,0,0.0,SENIORMANAGER,27504.0
200353,0,37.0,SELFENQUIRY,1,12.0,SMALLBUSINESS,MALE,2,2.0,DELUXE,5.0,MARRIED,5.0,1,3,1,1.0,MANAGER,20974.0
200355,0,26.0,SELFENQUIRY,3,6.0,SALARIED,MALE,2,3.0,DELUXE,3.0,DIVORCED,2.0,0,5,1,0.0,MANAGER,20296.0
200356,0,42.0,SELFENQUIRY,1,8.0,SALARIED,MALE,3,4.0,DELUXE,3.0,UNMARRIED,4.0,0,2,0,1.0,MANAGER,21781.0
200357,1,21.0,COMPANYINVITED,3,6.0,LARGEBUSINESS,FEMALE,2,4.0,BASIC,4.0,SINGLE,2.0,1,5,1,1.0,EXECUTIVE,17174.0
200358,0,36.0,COMPANYINVITED,3,6.0,SMALLBUSINESS,FEMALE,2,3.0,DELUXE,3.0,UNMARRIED,5.0,0,2,1,1.0,MANAGER,21653.0
200359,0,36.0,COMPANYINVITED,3,9.0,SMALLBUSINESS,MALE,2,4.0,STANDARD,3.0,DIVORCED,5.0,0,2,0,1.0,SENIORMANAGER,24699.0
200360,0,57.0,SELFENQUIRY,1,6.0,SMALLBUSINESS,MALE,2,3.0,DELUXE,3.0,DIVORCED,3.0,0,3,1,1.0,MANAGER,21755.0
200361,0,40.0,SELFENQUIRY,1,16.0,SALARIED,FEMALE,2,2.0,BASIC,3.0,DIVORCED,4.0,1,3,0,1.0,EXECUTIVE,17213.0
200362,0,21.0,COMPANYINVITED,3,15.0,SMALLBUSINESS,MALE,2,3.0,BASIC,3.0,SINGLE,2.0,0,4,0,0.0,EXECUTIVE,17610.0
200363,1,33.0,SELFENQUIRY,3,11.0,SMALLBUSINESS,FEMALE,2,3.0,BASIC,3.0,SINGLE,2.0,1,2,1,0.0,EXECUTIVE,17851.0
200365,0,46.0,COMPANYINVITED,1,13.0,SMALLBUSINESS,FEMALE,1,3.0,DELUXE,3.0,DIVORCED,3.0,0,5,0,0.0,MANAGER,20258.0
200366,1,41.0,COMPANYINVITED,3,10.0,SMALLBUSINESS,MALE,2,3.0,DELUXE,4.0,UNMARRIED,2.0,0,3,1,0.0,MANAGER,24355.0
200367,0,50.0,SELFENQUIRY,1,16.0,LARGEBUSINESS,MALE,3,4.0,STANDARD,3.0,UNMARRIED,7.0,0,5,0,2.0,SENIORMANAGER,25496.0
200368,1,40.0,SELFENQUIRY,3,28.0,SMALLBUSINESS,MALE,3,4.0,DELUXE,3.0,DIVORCED,3.0,1,3,1,1.0,MANAGER,21380.0
200369,0,31.0,SELFENQUIRY,1,15.0,SALARIED,MALE,2,4.0,BASIC,4.0,SINGLE,1.0,1,3,1,0.0,EXECUTIVE,17657.0
200370,1,21.0,SELFENQUIRY,3,18.0,SALARIED,FEMALE,2,2.0,BASIC,4.0,SINGLE,2.0,0,5,0,1.0,EXECUTIVE,17716.0
200371,0,29.0,SELFENQUIRY,1,29.0,SALARIED,MALE,2,3.0,BASIC,3.0,SINGLE,1.0,0,3,1,0.0,EXECUTIVE,17201.0
200372,0,35.0,SELFENQUIRY,1,15.0,SALARIED,MALE,3,4.0,DELUXE,4.0,UNMARRIED,1.0,0,2,1,2.0,MANAGER,21540.0
200374,0,28.0,SELFENQUIRY,3,15.0,SALARIED,MALE,3,3.0,DELUXE,3.0,SINGLE,2.0,0,3,1,0.0,MANAGER,20253.0
200375,0,49.0,SELFENQUIRY,1,13.0,SALARIED,MALE,2,4.0,STANDARD,3.0,UNMARRIED,1.0,0,2,1,1.0,SENIORMANAGER,25965.0
200377,0,36.0,SELFENQUIRY,1,8.0,SALARIED,FEMALE,3,3.0,BASIC,3.0,DIVORCED,5.0,0,5,1,0.0,EXECUTIVE,17543.0
200378,1,34.0,COMPANYINVITED,3,25.0,SMALLBUSINESS,MALE,3,2.0,DELUXE,3.0,SINGLE,1.0,1,2,1,2.0,MANAGER,20304.0
200379,0,55.0,SELFENQUIRY,1,8.0,SALARIED,FEMALE,3,3.0,SUPERDELUXE,3.0,SINGLE,3.0,1,5,0,1.0,AVP,31659.0
200381,0,30.0,SELFENQUIRY,3,8.0,LARGEBUSINESS,MALE,3,3.0,BASIC,4.0,DIVORCED,2.0,0,3,1,2.0,EXECUTIVE,17476.0
200382,1,26.0,COMPANYINVITED,1,9.0,LARGEBUSINESS,MALE,3,3.0,BASIC,5.0,SINGLE,1.0,0,3,0,2.0,EXECUTIVE,18102.0
200383,0,22.0,SELFENQUIRY,1,17.0,SMALLBUSINESS,FEMALE,2,3.0,BASIC,4.0,DIVORCED,2.0,0,2,1,0.0,EXECUTIVE,17244.0
200384,0,36.0,SELFENQUIRY,3,8.0,SMALLBUSINESS,MALE,3,4.0,STANDARD,3.0,DIVORCED,2.0,0,2,1,0.0,SENIORMANAGER,22596.0
200385,1,30.0,COMPANYINVITED,1,10.0,LARGEBUSINESS,MALE,2,3.0,BASIC,3.0,SINGLE,19.0,1,4,1,1.0,EXECUTIVE,17285.0
200386,0,37.0,SELFENQUIRY,1,20.0,SALARIED,FEMALE,3,3.0,BASIC,5.0,MARRIED,2.0,0,4,1,0.0,EXECUTIVE,18034.0
200387,0,40.0,SELFENQUIRY,3,8.0,SMALLBUSINESS,FEMALE,2,3.0,DELUXE,4.0,MARRIED,1.0,0,2,0,1.0,MANAGER,20715.0
200388,0,42.0,SELFENQUIRY,1,6.0,SALARIED,FEMALE,3,3.0,BASIC,5.0,MARRIED,4.0,0,3,1,1.0,EXECUTIVE,17576.0
200390,0,43.0,SELFENQUIRY,1,18.0,SALARIED,MALE,2,4.0,SUPERDELUXE,4.0,MARRIED,2.0,0,3,0,1.0,AVP,29336.0
200392,0,54.0,SELFENQUIRY,1,11.0,SMALLBUSINESS,MALE,2,3.0,KING,5.0,DIVORCED,5.0,0,4,1,0.0,VP,34406.0
200393,0,34.0,COMPANYINVITED,3,10.0,SMALLBUSINESS,FEMALE,3,3.0,DELUXE,3.0,DIVORCED,1.0,0,2,1,0.0,MANAGER,21538.0
200395,0,43.0,COMPANYINVITED,1,27.0,SMALLBUSINESS,MALE,3,3.0,BASIC,3.0,DIVORCED,1.0,0,4,0,2.0,EXECUTIVE,17258.0
200399,0,31.0,SELFENQUIRY,1,6.0,SALARIED,MALE,3,4.0,BASIC,5.0,DIVORCED,2.0,0,4,0,0.0,EXECUTIVE,17218.0
200400,0,39.0,COMPANYINVITED,1,6.0,SALARIED,MALE,2,3.0,KING,3.0,MARRIED,2.0,1,3,0,1.0,VP,34197.0
200401,0,56.0,COMPANYINVITED,3,12.0,SALARIED,FEMALE,2,2.0,SUPERDELUXE,5.0,DIVORCED,1.0,0,3,1,0.0,AVP,28212.0
200402,0,30.0,SELFENQUIRY,3,18.0,LARGEBUSINESS,FEMALE,2,3.0,DELUXE,3.0,UNMARRIED,1.0,0,2,1,0.0,MANAGER,21577.0
200403,0,41.0,SELFENQUIRY,3,6.0,SMALLBUSINESS,MALE,2,2.0,STANDARD,5.0,DIVORCED,2.0,0,3,1,1.0,SENIORMANAGER,23392.0
200406,0,52.0,SELFENQUIRY,1,9.0,SMALLBUSINESS,MALE,2,4.0,STANDARD,3.0,DIVORCED,3.0,1,2,0,0.0,SENIORMANAGER,22969.0
200407,0,45.0,SELFENQUIRY,1,16.0,SALARIED,MALE,3,3.0,BASIC,3.0,DIVORCED,4.0,0,5,1,0.0,EXECUTIVE,17654.0
200408,0,52.0,SELFENQUIRY,1,10.0,SALARIED,FEMALE,1,3.0,SUPERDELUXE,3.0,DIVORCED,3.0,0,5,1,0.0,AVP,31555.0
200410,0,30.0,SELFENQUIRY,1,8.0,SALARIED,FEMALE,2,5.0,DELUXE,3.0,SINGLE,3.0,0,2,0,1.0,MANAGER,21091.0
200411,0,60.0,SELFENQUIRY,1,13.0,SALARIED,FEMALE,2,3.0,KING,5.0,DIVORCED,6.0,0,5,0,0.0,VP,34566.0
200414,1,24.0,SELFENQUIRY,3,6.0,LARGEBUSINESS,FEMALE,3,3.0,BASIC,4.0,SINGLE,2.0,1,4,1,2.0,EXECUTIVE,18202.0
200415,1,34.0,COMPANYINVITED,3,12.0,SMALLBUSINESS,FEMALE,2,5.0,BASIC,3.0,MARRIED,1.0,0,4,1,1.0,EXECUTIVE,17351.0
200416,0,38.0,COMPANYINVITED,1,8.0,SALARIED,MALE,2,3.0,BASIC,3.0,DIVORCED,2.0,1,5,1,1.0,EXECUTIVE,16702.0
200417,0,40.0,SELFENQUIRY,3,8.0,SALARIED,FEMALE,3,3.0,KING,3.0,DIVORCED,1.0,0,3,0,0.0,VP,33041.0
200418,0,26.0,SELFENQUIRY,1,29.0,SALARIED,FEMALE,2,3.0,BASIC,3.0,MARRIED,2.0,0,3,1,1.0,EXECUTIVE,17886.0
200419,0,30.0,COMPANYINVITED,1,9.0,SALARIED,MALE,2,3.0,BASIC,3.0,DIVORCED,5.0,0,3,0,1.0,EXECUTIVE,17097.0
200420,0,29.0,SELFENQUIRY,1,9.0,SMALLBUSINESS,MALE,3,4.0,STANDARD,3.0,DIVORCED,2.0,0,2,1,2.0,SENIORMANAGER,26935.0
200421,1,29.0,SELFENQUIRY,1,31.0,LARGEBUSINESS,FEMALE,3,4.0,BASIC,4.0,DIVORCED,6.0,0,3,0,2.0,EXECUTIVE,17546.0
200422,1,19.0,SELFENQUIRY,2,8.0,LARGEBUSINESS,MALE,2,4.0,BASIC,3.0,SINGLE,2.0,0,3,1,1.0,EXECUTIVE,17564.0
200423,0,30.0,COMPANYINVITED,3,28.0,SALARIED,FEMALE,3,3.0,STANDARD,5.0,DIVORCED,1.0,0,2,1,0.0,SENIORMANAGER,23412.0
200424,0,57.0,SELFENQUIRY,3,35.0,SMALLBUSINESS,MALE,2,4.0,SUPERDELUXE,3.0,MARRIED,4.0,0,3,0,0.0,AVP,29118.0
200425,0,50.0,SELFENQUIRY,1,35.0,SALARIED,MALE,2,4.0,SUPERDELUXE,3.0,DIVORCED,1.0,0,5,1,1.0,AVP,32046.0
200426,0,30.0,COMPANYINVITED,1,8.0,SMALLBUSINESS,FEMALE,2,3.0,BASIC,3.0,SINGLE,1.0,0,4,1,0.0,EXECUTIVE,17564.0
200427,0,60.0,COMPANYINVITED,3,34.0,SMALLBUSINESS,FEMALE,3,4.0,STANDARD,5.0,DIVORCED,5.0,0,2,1,0.0,SENIORMANAGER,25266.0
200428,0,47.0,SELFENQUIRY,1,8.0,SMALLBUSINESS,FEMALE,3,3.0,DELUXE,3.0,MARRIED,6.0,0,2,0,1.0,MANAGER,20070.0
200429,0,46.0,SELFENQUIRY,1,8.0,SALARIED,MALE,2,3.0,SUPERDELUXE,3.0,DIVORCED,7.0,0,5,0,0.0,AVP,32861.0
200432,0,34.0,SELFENQUIRY,1,8.0,SALARIED,MALE,3,4.0,BASIC,3.0,MARRIED,4.0,0,5,1,0.0,EXECUTIVE,17768.0
200433,0,46.0,SELFENQUIRY,3,16.0,SMALLBUSINESS,FEMALE,3,4.0,STANDARD,3.0,DIVORCED,3.0,1,2,1,1.0,SENIORMANAGER,24071.0
200434,0,31.0,SELFENQUIRY,1,15.0,SALARIED,MALE,2,3.0,STANDARD,4.0,MARRIED,2.0,0,3,1,1.0,SENIORMANAGER,25648.0
200435,1,33.0,SELFENQUIRY,1,21.0,SMALLBUSINESS,MALE,2,3.0,STANDARD,3.0,DIVORCED,1.0,1,5,0,0.0,SENIORMANAGER,28610.0
200437,0,30.0,SELFENQUIRY,3,13.0,SMALLBUSINESS,MALE,2,3.0,BASIC,4.0,SINGLE,1.0,0,2,1,0.0,EXECUTIVE,17983.0
200438,0,35.0,SELFENQUIRY,1,22.0,SALARIED,MALE,3,3.0,STANDARD,3.0,DIVORCED,5.0,1,2,0,1.0,SENIORMANAGER,22632.0
200439,1,31.0,COMPANYINVITED,1,26.0,SALARIED,MALE,3,3.0,STANDARD,3.0,DIVORCED,4.0,0,3,1,0.0,SENIORMANAGER,24824.0
200440,1,34.0,COMPANYINVITED,2,29.0,SALARIED,FEMALE,2,3.0,STANDARD,5.0,MARRIED,1.0,1,3,1,0.0,SENIORMANAGER,24950.0
200441,0,42.0,COMPANYINVITED,1,11.0,SALARIED,MALE,3,3.0,BASIC,3.0,DIVORCED,5.0,0,3,1,0.0,EXECUTIVE,17093.0
200442,0,36.0,COMPANYINVITED,3,16.0,SMALLBUSINESS,MALE,2,3.0,STANDARD,3.0,UNMARRIED,2.0,0,2,1,1.0,SENIORMANAGER,24980.0
200445,0,55.0,SELFENQUIRY,3,24.0,SALARIED,FEMALE,2,3.0,SUPERDELUXE,4.0,SINGLE,4.0,0,2,0,1.0,AVP,31835.0
200446,0,41.0,COMPANYINVITED,3,16.0,SALARIED,MALE,2,3.0,DELUXE,3.0,SINGLE,1.0,0,2,0,1.0,MANAGER,21230.0
200448,0,40.0,SELFENQUIRY,1,12.0,SALARIED,FEMALE,3,3.0,SUPERDELUXE,3.0,UNMARRIED,1.0,0,5,1,2.0,AVP,28237.0
200450,0,31.0,SELFENQUIRY,3,8.0,SALARIED,MALE,3,3.0,DELUXE,3.0,UNMARRIED,5.0,1,5,1,1.0,MANAGER,21582.0
200451,0,42.0,SELFENQUIRY,1,30.0,SMALLBUSINESS,MALE,2,3.0,STANDARD,5.0,DIVORCED,2.0,1,2,1,1.0,SENIORMANAGER,22406.0
200453,1,26.0,COMPANYINVITED,2,23.0,SALARIED,FEMALE,2,3.0,BASIC,3.0,MARRIED,1.0,1,5,0,1.0,EXECUTIVE,17741.0
200455,0,33.0,SELFENQUIRY,1,6.0,SMALLBUSINESS,FEMALE,3,2.0,SUPERDELUXE,3.0,MARRIED,5.0,0,2,0,2.0,AVP,31184.0
200456,0,31.0,SELFENQUIRY,3,13.0,SALARIED,MALE,2,4.0,STANDARD,3.0,MARRIED,1.0,0,3,1,0.0,SENIORMANAGER,26557.0
200457,1,18.0,COMPANYINVITED,3,11.0,SMALLBUSINESS,MALE,3,3.0,BASIC,4.0,SINGLE,2.0,1,4,1,2.0,EXECUTIVE,16878.0
200458,0,40.0,COMPANYINVITED,3,34.0,SALARIED,MALE,2,5.0,STANDARD,5.0,MARRIED,4.0,0,5,1,0.0,SENIORMANAGER,25932.0
200459,0,41.0,COMPANYINVITED,1,8.0,SALARIED,FEMALE,3,4.0,DELUXE,3.0,UNMARRIED,3.0,1,2,0,0.0,MANAGER,21811.0
200462,0,34.0,SELFENQUIRY,3,27.0,SALARIED,MALE,3,2.0,DELUXE,3.0,SINGLE,2.0,0,3,1,0.0,MANAGER,20337.0
200463,1,26.0,SELFENQUIRY,1,30.0,LARGEBUSINESS,MALE,3,5.0,BASIC,3.0,SINGLE,2.0,1,3,1,2.0,EXECUTIVE,17340.0
200464,0,37.0,SELFENQUIRY,1,6.0,LARGEBUSINESS,FEMALE,2,3.0,STANDARD,3.0,UNMARRIED,5.0,0,5,1,1.0,SENIORMANAGER,22491.0
200465,0,46.0,COMPANYINVITED,1,24.0,SMALLBUSINESS,FEMALE,2,3.0,STANDARD,3.0,DIVORCED,6.0,0,3,1,0.0,SENIORMANAGER,25527.0
200466,0,41.0,SELFENQUIRY,3,8.0,SALARIED,FEMALE,3,3.0,SUPERDELUXE,5.0,DIVORCED,1.0,0,5,1,1.0,AVP,31595.0
200467,0,37.0,COMPANYINVITED,3,15.0,SMALLBUSINESS,MALE,3,3.0,STANDARD,4.0,MARRIED,2.0,0,2,1,0.0,SENIORMANAGER,23834.0
200468,0,52.0,SELFENQUIRY,1,12.0,LARGEBUSINESS,MALE,3,3.0,DELUXE,5.0,MARRIED,4.0,1,4,1,2.0,MANAGER,20577.0
200470,0,24.0,COMPANYINVITED,3,30.0,SMALLBUSINESS,MALE,2,3.0,BASIC,3.0,DIVORCED,1.0,0,4,0,1.0,EXECUTIVE,17400.0
200471,0,38.0,SELFENQUIRY,1,16.0,SMALLBUSINESS,FEMALE,3,3.0,DELUXE,3.0,DIVORCED,4.0,0,3,1,2.0,MANAGER,24824.0
200472,0,37.0,SELFENQUIRY,1,6.0,SALARIED,FEMALE,3,3.0,DELUXE,4.0,DIVORCED,7.0,0,2,1,1.0,MANAGER,21447.0
200473,0,49.0,SELFENQUIRY,1,24.0,SALARIED,MALE,2,4.0,KING,3.0,MARRIED,2.0,1,3,0,1.0,VP,34502.0
200474,0,24.0,SELFENQUIRY,1,29.0,SMALLBUSINESS,MALE,2,2.0,BASIC,3.0,DIVORCED,2.0,1,4,0,1.0,EXECUTIVE,17725.0
200475,0,26.0,SELFENQUIRY,3,34.0,SMALLBUSINESS,MALE,3,3.0,DELUXE,4.0,DIVORCED,2.0,0,3,1,0.0,MANAGER,21272.0
200476,0,24.0,SELFENQUIRY,1,23.0,SALARIED,MALE,3,4.0,BASIC,4.0,DIVORCED,2.0,0,3,1,1.0,EXECUTIVE,17127.0
200477,0,50.0,COMPANYINVITED,2,9.0,SMALLBUSINESS,MALE,2,3.0,KING,4.0,DIVORCED,2.0,0,2,1,0.0,VP,33200.0
200478,0,25.0,SELFENQUIRY,3,19.0,SMALLBUSINESS,MALE,2,3.0,BASIC,3.0,DIVORCED,2.0,0,3,1,0.0,EXECUTIVE,17096.0
200479,1,24.0,COMPANYINVITED,1,13.0,SALARIED,FEMALE,2,3.0,BASIC,3.0,DIVORCED,2.0,1,4,0,0.0,EXECUTIVE,17886.0
200480,1,30.0,COMPANYINVITED,3,18.0,SALARIED,MALE,3,4.0,BASIC,5.0,DIVORCED,2.0,0,5,1,0.0,EXECUTIVE,17033.0
200484,0,31.0,SELFENQUIRY,3,12.0,SMALLBUSINESS,MALE,3,2.0,DELUXE,3.0,MARRIED,5.0,0,5,1,2.0,MANAGER,20460.0
200485,0,27.0,SELFENQUIRY,1,12.0,SMALLBUSINESS,FEMALE,3,4.0,BASIC,3.0,MARRIED,1.0,0,2,1,1.0,EXECUTIVE,17187.0
200486,0,37.0,SELFENQUIRY,3,8.0,SMALLBUSINESS,MALE,3,3.0,DELUXE,3.0,DIVORCED,5.0,1,3,0,1.0,MANAGER,24602.0
200487,0,20.0,SELFENQUIRY,1,6.0,SALARIED,FEMALE,2,4.0,BASIC,4.0,SINGLE,2.0,0,4,1,0.0,EXECUTIVE,17836.0
200489,0,43.0,SELFENQUIRY,1,12.0,SALARIED,MALE,2,4.0,SUPERDELUXE,3.0,MARRIED,5.0,1,3,1,0.0,AVP,31627.0
200490,0,38.0,SELFENQUIRY,1,6.0,SALARIED,FEMALE,2,3.0,BASIC,5.0,SINGLE,4.0,0,2,1,1.0,EXECUTIVE,17619.0
200491,0,43.0,COMPANYINVITED,1,15.0,SMALLBUSINESS,MALE,3,3.0,DELUXE,3.0,MARRIED,4.0,1,3,1,0.0,MANAGER,20679.0
200492,0,48.0,SELFENQUIRY,1,6.0,SALARIED,FEMALE,2,4.0,SUPERDELUXE,5.0,DIVORCED,1.0,0,4,0,1.0,AVP,30402.0
200493,0,44.0,SELFENQUIRY,2,6.0,SALARIED,FEMALE,2,4.0,DELUXE,3.0,SINGLE,5.0,0,5,1,1.0,MANAGER,20985.0
200494,0,34.0,SELFENQUIRY,3,20.0,LARGEBUSINESS,FEMALE,2,3.0,BASIC,3.0,MARRIED,2.0,1,5,1,1.0,EXECUTIVE,17579.0
200495,1,27.0,SELFENQUIRY,3,8.0,SMALLBUSINESS,MALE,2,3.0,BASIC,5.0,MARRIED,1.0,0,5,0,1.0,EXECUTIVE,18041.0
200497,0,44.0,SELFENQUIRY,1,9.0,SALARIED,MALE,2,3.0,KING,3.0,DIVORCED,5.0,1,2,1,0.0,VP,34513.0
200498,0,22.0,SELFENQUIRY,1,12.0,SMALLBUSINESS,MALE,3,3.0,BASIC,3.0,DIVORCED,1.0,0,2,1,0.0,EXECUTIVE,17773.0
200499,0,33.0,SELFENQUIRY,3,14.0,SMALLBUSINESS,MALE,2,3.0,DELUXE,3.0,MARRIED,1.0,0,2,1,1.0,MANAGER,22104.0
200500,0,32.0,SELFENQUIRY,1,15.0,SALARIED,FEMALE,3,3.0,DELUXE,3.0,DIVORCED,2.0,1,5,1,2.0,MANAGER,21322.0
200501,0,30.0,COMPANYINVITED,1,9.0,SMALLBUSINESS,FEMALE,3,3.0,BASIC,3.0,MARRIED,2.0,0,3,1,1.0,EXECUTIVE,17083.0
200502,0,53.0,SELFENQUIRY,3,6.0,SMALLBUSINESS,FEMALE,2,3.0,DELUXE,5.0,UNMARRIED,1.0,0,2,1,1.0,MANAGER,23381.0
200503,0,34.0,SELFENQUIRY,1,6.0,SALARIED,MALE,2,3.0,BASIC,3.0,DIVORCED,2.0,0,3,1,0.0,EXECUTIVE,17691.0
200505,0,26.0,SELFENQUIRY,1,12.0,SALARIED,FEMALE,3,3.0,BASIC,3.0,DIVORCED,2.0,1,2,0,0.0,EXECUTIVE,17659.0
200506,0,37.0,SELFENQUIRY,1,9.0,SALARIED,MALE,2,3.0,STANDARD,3.0,DIVORCED,2.0,0,2,1,0.0,SENIORMANAGER,24434.0
200507,0,29.0,SELFENQUIRY,3,9.0,SMALLBUSINESS,FEMALE,3,3.0,DELUXE,3.0,DIVORCED,2.0,0,2,0,0.0,MANAGER,20561.0
200508,0,35.0,SELFENQUIRY,1,12.0,SALARIED,MALE,2,5.0,DELUXE,3.0,UNMARRIED,2.0,0,5,1,0.0,MANAGER,21646.0
200509,0,33.0,COMPANYINVITED,1,12.0,SALARIED,MALE,1,3.0,DELUXE,3.0,MARRIED,4.0,0,5,1,0.0,MANAGER,22725.0
200510,0,54.0,SELFENQUIRY,2,25.0,SMALLBUSINESS,MALE,2,3.0,STANDARD,4.0,DIVORCED,3.0,0,3,1,0.0,SENIORMANAGER,25725.0
200511,0,36.0,SELFENQUIRY,1,15.0,SMALLBUSINESS,MALE,2,4.0,DELUXE,4.0,MARRIED,3.0,1,4,1,0.0,MANAGER,23847.0
200512,0,27.0,SELFENQUIRY,1,9.0,SMALLBUSINESS,MALE,2,4.0,BASIC,3.0,SINGLE,1.0,0,2,0,0.0,EXECUTIVE,17045.0
200513,1,20.0,SELFENQUIRY,1,16.0,SMALLBUSINESS,MALE,2,3.0,BASIC,3.0,SINGLE,2.0,1,5,0,0.0,EXECUTIVE,16009.0
200514,1,33.0,COMPANYINVITED,1,9.0,SALARIED,MALE,3,3.0,BASIC,5.0,SINGLE,2.0,1,5,1,2.0,EXECUTIVE,18348.0
200515,0,35.0,COMPANYINVITED,1,9.0,SALARIED,MALE,2,4.0,BASIC,3.0,DIVORCED,2.0,0,2,1,1.0,EXECUTIVE,16281.0
200516,0,23.0,SELFENQUIRY,1,10.0,SMALLBUSINESS,MALE,2,2.0,BASIC,5.0,DIVORCED,3.0,0,4,0,1.0,EXECUTIVE,17819.0
200519,0,29.0,COMPANYINVITED,1,6.0,SALARIED,MALE,3,5.0,BASIC,3.0,MARRIED,2.0,0,2,1,0.0,EXECUTIVE,17720.0
200520,0,48.0,SELFENQUIRY,3,8.0,SMALLBUSINESS,MALE,2,2.0,DELUXE,4.0,DIVORCED,4.0,0,3,1,0.0,MANAGER,23120.0
200523,0,50.0,SELFENQUIRY,1,34.0,SMALLBUSINESS,MALE,3,2.0,BASIC,3.0,DIVORCED,2.0,1,2,1,2.0,EXECUTIVE,18221.0
200524,0,34.0,SELFENQUIRY,1,15.0,SMALLBUSINESS,FEMALE,2,4.0,STANDARD,4.0,UNMARRIED,2.0,0,2,1,1.0,SENIORMANAGER,23621.0
200527,0,32.0,SELFENQUIRY,3,16.0,SMALLBUSINESS,MALE,2,3.0,DELUXE,3.0,SINGLE,2.0,0,4,0,1.0,MANAGER,20396.0
200528,1,50.0,COMPANYINVITED,3,14.0,LARGEBUSINESS,MALE,2,3.0,DELUXE,3.0,DIVORCED,4.0,1,5,1,0.0,MANAGER,21796.0
200529,0,38.0,SELFENQUIRY,1,6.0,SALARIED,FEMALE,2,2.0,DELUXE,3.0,UNMARRIED,1.0,0,2,1,1.0,MANAGER,22625.0
200530,0,27.0,SELFENQUIRY,1,6.0,SALARIED,FEMALE,3,3.0,STANDARD,5.0,DIVORCED,2.0,0,4,1,2.0,SENIORMANAGER,22412.0
200531,0,32.0,SELFENQUIRY,1,9.0,SALARIED,FEMALE,2,3.0,STANDARD,3.0,UNMARRIED,4.0,0,2,1,1.0,SENIORMANAGER,26159.0
200533,0,40.0,COMPANYINVITED,3,11.0,SALARIED,MALE,2,4.0,STANDARD,5.0,DIVORCED,6.0,1,5,0,1.0,SENIORMANAGER,25475.0
200534,0,53.0,SELFENQUIRY,1,13.0,SALARIED,MALE,2,2.0,SUPERDELUXE,3.0,DIVORCED,4.0,0,2,0,0.0,AVP,29814.0
200535,0,41.0,SELFENQUIRY,2,16.0,SALARIED,MALE,3,4.0,KING,3.0,MARRIED,4.0,0,2,1,0.0,VP,34141.0
200536,0,60.0,SELFENQUIRY,3,22.0,SMALLBUSINESS,MALE,2,3.0,DELUXE,5.0,SINGLE,1.0,0,4,1,0.0,MANAGER,20405.0
200537,0,27.0,COMPANYINVITED,1,16.0,SALARIED,MALE,2,3.0,STANDARD,5.0,MARRIED,2.0,0,3,1,0.0,SENIORMANAGER,23793.0
200538,0,41.0,SELFENQUIRY,2,6.0,SALARIED,MALE,2,4.0,KING,3.0,DIVORCED,2.0,0,2,1,1.0,VP,34189.0
200540,1,28.0,SELFENQUIRY,1,6.0,SALARIED,FEMALE,3,5.0,BASIC,4.0,SINGLE,1.0,1,2,1,0.0,EXECUTIVE,17216.0
200541,0,36.0,COMPANYINVITED,1,14.0,SALARIED,FEMALE,3,2.0,STANDARD,5.0,DIVORCED,1.0,0,3,0,0.0,SENIORMANAGER,26713.0
200542,0,38.0,SELFENQUIRY,1,6.0,SALARIED,FEMALE,2,3.0,STANDARD,3.0,UNMARRIED,5.0,1,2,0,1.0,SENIORMANAGER,22861.0
200544,0,47.0,COMPANYINVITED,3,9.0,SMALLBUSINESS,FEMALE,2,3.0,SUPERDELUXE,3.0,MARRIED,1.0,1,5,1,1.0,AVP,28770.0
200545,0,30.0,SELFENQUIRY,3,33.0,SMALLBUSINESS,MALE,2,3.0,DELUXE,3.0,MARRIED,1.0,0,3,1,0.0,MANAGER,20304.0
200546,0,29.0,SELFENQUIRY,3,16.0,SALARIED,MALE,2,3.0,BASIC,3.0,SINGLE,2.0,0,4,0,0.0,EXECUTIVE,17642.0
200547,1,42.0,COMPANYINVITED,1,25.0,SMALLBUSINESS,MALE,2,2.0,BASIC,3.0,MARRIED,7.0,1,3,1,1.0,EXECUTIVE,17759.0
200548,0,43.0,COMPANYINVITED,3,21.0,SALARIED,MALE,2,4.0,DELUXE,3.0,DIVORCED,4.0,0,5,0,1.0,MANAGER,21804.0
200549,0,34.0,SELFENQUIRY,1,14.0,SMALLBUSINESS,FEMALE,3,3.0,DELUXE,3.0,SINGLE,4.0,0,4,1,1.0,MANAGER,21142.0
200550,0,23.0,SELFENQUIRY,1,15.0,SMALLBUSINESS,MALE,2,3.0,BASIC,5.0,DIVORCED,2.0,0,3,0,1.0,EXECUTIVE,17500.0
200551,0,39.0,SELFENQUIRY,2,9.0,SALARIED,FEMALE,2,2.0,DELUXE,4.0,DIVORCED,1.0,0,2,1,0.0,MANAGER,21389.0
200552,0,56.0,SELFENQUIRY,1,15.0,SMALLBUSINESS,MALE,2,3.0,SUPERDELUXE,3.0,DIVORCED,1.0,0,4,0,0.0,AVP,26103.0
200553,0,40.0,SELFENQUIRY,1,8.0,SMALLBUSINESS,FEMALE,2,4.0,BASIC,3.0,SINGLE,1.0,1,3,1,1.0,EXECUTIVE,17342.0
200554,0,27.0,SELFENQUIRY,1,13.0,SMALLBUSINESS,FEMALE,2,4.0,DELUXE,5.0,UNMARRIED,1.0,0,3,1,0.0,MANAGER,21811.0
200555,0,29.0,SELFENQUIRY,3,16.0,SMALLBUSINESS,MALE,2,3.0,BASIC,4.0,MARRIED,2.0,0,2,0,1.0,EXECUTIVE,17297.0
200556,0,53.0,SELFENQUIRY,1,12.0,SALARIED,MALE,2,3.0,DELUXE,3.0,SINGLE,3.0,0,5,1,0.0,MANAGER,17450.0
200557,0,35.0,COMPANYINVITED,1,8.0,SALARIED,FEMALE,3,3.0,DELUXE,5.0,MARRIED,3.0,0,4,0,0.0,MANAGER,20093.0
200558,0,32.0,COMPANYINVITED,1,30.0,SALARIED,MALE,3,3.0,DELUXE,3.0,DIVORCED,2.0,0,4,1,0.0,MANAGER,20309.0
200559,0,38.0,SELFENQUIRY,1,8.0,SMALLBUSINESS,MALE,3,3.0,BASIC,3.0,DIVORCED,7.0,1,4,0,0.0,EXECUTIVE,18057.0
200560,0,34.0,SELFENQUIRY,1,14.0,SALARIED,FEMALE,2,3.0,DELUXE,5.0,MARRIED,4.0,0,5,1,0.0,MANAGER,20121.0
200561,0,52.0,SELFENQUIRY,3,9.0,SMALLBUSINESS,MALE,2,4.0,SUPERDELUXE,5.0,DIVORCED,2.0,0,5,1,0.0,AVP,31856.0
200562,1,33.0,SELFENQUIRY,1,6.0,SALARIED,MALE,3,3.0,BASIC,3.0,SINGLE,2.0,1,3,1,0.0,EXECUTIVE,17686.0
200563,0,25.0,SELFENQUIRY,3,32.0,SMALLBUSINESS,FEMALE,2,3.0,DELUXE,3.0,SINGLE,2.0,0,4,0,0.0,MANAGER,21180.0
200564,0,45.0,SELFENQUIRY,3,8.0,LARGEBUSINESS,MALE,2,5.0,DELUXE,3.0,UNMARRIED,1.0,0,5,0,0.0,MANAGER,21632.0
200566,1,47.0,COMPANYINVITED,3,33.0,SALARIED,FEMALE,3,1.0,DELUXE,3.0,UNMARRIED,5.0,1,4,1,2.0,MANAGER,21397.0
200567,0,34.0,SELFENQUIRY,3,8.0,SALARIED,MALE,2,3.0,DELUXE,3.0,SINGLE,2.0,0,5,0,0.0,MANAGER,21274.0
200569,0,36.0,COMPANYINVITED,3,14.0,SALARIED,MALE,3,4.0,STANDARD,5.0,UNMARRIED,2.0,0,2,0,2.0,SENIORMANAGER,22587.0
200573,1,26.0,SELFENQUIRY,3,14.0,LARGEBUSINESS,MALE,2,4.0,DELUXE,5.0,SINGLE,7.0,0,3,1,1.0,MANAGER,20326.0
200574,0,34.0,SELFENQUIRY,1,6.0,SALARIED,FEMALE,3,1.0,BASIC,3.0,SINGLE,3.0,0,2,0,0.0,EXECUTIVE,18280.0
200575,0,54.0,SELFENQUIRY,1,25.0,SMALLBUSINESS,FEMALE,3,3.0,DELUXE,5.0,MARRIED,1.0,1,3,0,0.0,MANAGER,20485.0
200577,0,37.0,SELFENQUIRY,1,16.0,SALARIED,FEMALE,2,3.0,BASIC,5.0,MARRIED,1.0,1,3,1,1.0,EXECUTIVE,17782.0
200578,0,38.0,COMPANYINVITED,1,8.0,SALARIED,FEMALE,3,1.0,DELUXE,5.0,SINGLE,7.0,1,2,1,2.0,MANAGER,20980.0
200580,0,35.0,SELFENQUIRY,3,14.0,SALARIED,FEMALE,3,3.0,BASIC,3.0,DIVORCED,2.0,0,3,0,0.0,EXECUTIVE,17572.0
200583,0,34.0,SELFENQUIRY,3,14.0,SALARIED,FEMALE,3,3.0,DELUXE,5.0,DIVORCED,6.0,0,2,1,0.0,MANAGER,21500.0
200584,0,42.0,COMPANYINVITED,1,14.0,SALARIED,MALE,3,3.0,KING,3.0,MARRIED,2.0,0,5,0,1.0,VP,33430.0
200585,1,23.0,SELFENQUIRY,1,12.0,SALARIED,MALE,3,1.0,BASIC,5.0,DIVORCED,2.0,1,3,1,2.0,EXECUTIVE,16601.0
200586,0,24.0,COMPANYINVITED,1,15.0,SALARIED,MALE,2,4.0,BASIC,4.0,MARRIED,2.0,0,5,1,0.0,EXECUTIVE,17694.0
200587,0,52.0,SELFENQUIRY,1,17.0,SALARIED,FEMALE,2,3.0,DELUXE,3.0,DIVORCED,1.0,0,2,1,1.0,MANAGER,18149.0
200588,0,50.0,SELFENQUIRY,1,8.0,SMALLBUSINESS,MALE,3,3.0,SUPERDELUXE,3.0,DIVORCED,6.0,0,2,0,1.0,AVP,32639.0
200589,1,29.0,SELFENQUIRY,1,6.0,SALARIED,FEMALE,2,4.0,BASIC,5.0,DIVORCED,2.0,1,2,0,0.0,EXECUTIVE,17319.0
200590,0,33.0,SELFENQUIRY,1,13.0,SMALLBUSINESS,MALE,2,3.0,STANDARD,3.0,DIVORCED,1.0,0,4,0,0.0,SENIORMANAGER,26691.0
200591,1,33.0,SELFENQUIRY,3,22.0,SMALLBUSINESS,FEMALE,3,3.0,DELUXE,5.0,SINGLE,6.0,0,3,1,0.0,MANAGER,20324.0
200592,0,47.0,SELFENQUIRY,1,8.0,SALARIED,FEMALE,2,3.0,SUPERDELUXE,3.0,DIVORCED,2.0,1,4,1,0.0,AVP,31752.0
200593,0,36.0,SELFENQUIRY,1,6.0,SALARIED,FEMALE,2,3.0,DELUXE,4.0,DIVORCED,1.0,0,5,0,0.0,MANAGER,20228.0
200594,0,29.0,SELFENQUIRY,1,29.0,SALARIED,MALE,2,1.0,BASIC,3.0,DIVORCED,2.0,0,2,1,1.0,EXECUTIVE,17700.0
200595,1,58.0,SELFENQUIRY,1,8.0,SALARIED,MALE,2,3.0,KING,4.0,SINGLE,1.0,1,3,1,1.0,VP,34246.0
200596,0,35.0,SELFENQUIRY,1,6.0,SALARIED,FEMALE,2,1.0,BASIC,3.0,SINGLE,4.0,0,3,0,0.0,EXECUTIVE,17506.0
200597,0,42.0,SELFENQUIRY,1,6.0,SALARIED,FEMALE,2,4.0,DELUXE,3.0,DIVORCED,1.0,1,3,0,1.0,MANAGER,21062.0
200599,0,36.0,SELFENQUIRY,2,19.0,SALARIED,MALE,2,3.0,BASIC,4.0,DIVORCED,5.0,0,3,1,0.0,EXECUTIVE,17143.0
200600,0,32.0,SELFENQUIRY,1,10.0,SALARIED,FEMALE,3,4.0,DELUXE,3.0,DIVORCED,2.0,0,4,1,0.0,MANAGER,21162.0
200601,0,40.0,COMPANYINVITED,1,22.0,SMALLBUSINESS,MALE,2,4.0,DELUXE,3.0,SINGLE,7.0,0,5,1,1.0,MANAGER,20094.0
200602,0,30.0,SELFENQUIRY,1,8.0,SMALLBUSINESS,FEMALE,2,4.0,DELUXE,3.0,UNMARRIED,6.0,1,2,1,1.0,MANAGER,21877.0
200603,0,45.0,SELFENQUIRY,1,8.0,SALARIED,FEMALE,3,4.0,BASIC,3.0,SINGLE,2.0,0,3,1,1.0,EXECUTIVE,17274.0
200605,0,38.0,COMPANYINVITED,1,18.0,SALARIED,MALE,2,4.0,DELUXE,5.0,MARRIED,3.0,0,5,1,0.0,MANAGER,21288.0
200606,0,34.0,COMPANYINVITED,1,22.0,SALARIED,FEMALE,3,4.0,BASIC,3.0,SINGLE,2.0,0,5,1,1.0,EXECUTIVE,17553.0
200607,1,49.0,SELFENQUIRY,3,17.0,SMALLBUSINESS,FEMALE,2,3.0,STANDARD,3.0,DIVORCED,2.0,0,4,0,1.0,SENIORMANAGER,22654.0
200608,1,55.0,SELFENQUIRY,3,8.0,SMALLBUSINESS,MALE,2,3.0,DELUXE,3.0,SINGLE,5.0,0,2,0,1.0,MANAGER,20160.0
200609,0,43.0,SELFENQUIRY,1,20.0,SALARIED,MALE,3,3.0,SUPERDELUXE,5.0,DIVORCED,7.0,0,5,1,0.0,AVP,32159.0
200610,0,27.0,SELFENQUIRY,1,11.0,LARGEBUSINESS,MALE,2,4.0,STANDARD,3.0,MARRIED,2.0,1,3,0,0.0,SENIORMANAGER,27808.0
200611,0,35.0,SELFENQUIRY,1,13.0,SALARIED,MALE,2,3.0,STANDARD,3.0,UNMARRIED,4.0,0,3,0,0.0,SENIORMANAGER,25221.0
200614,1,26.0,COMPANYINVITED,1,11.0,SMALLBUSINESS,FEMALE,2,4.0,BASIC,3.0,DIVORCED,2.0,1,2,0,1.0,EXECUTIVE,17366.0
200615,0,27.0,COMPANYINVITED,1,9.0,SMALLBUSINESS,MALE,2,3.0,BASIC,3.0,DIVORCED,2.0,0,2,1,0.0,EXECUTIVE,16706.0
200616,0,51.0,SELFENQUIRY,3,32.0,SMALLBUSINESS,FEMALE,3,3.0,SUPERDELUXE,3.0,DIVORCED,3.0,0,3,0,1.0,AVP,31307.0
200617,0,44.0,SELFENQUIRY,1,10.0,SMALLBUSINESS,MALE,2,3.0,DELUXE,4.0,SINGLE,1.0,0,2,1,0.0,MANAGER,20933.0
200620,0,35.0,SELFENQUIRY,1,33.0,SMALLBUSINESS,FEMALE,2,4.0,BASIC,5.0,SINGLE,2.0,0,4,1,1.0,EXECUTIVE,17559.0
200621,0,36.0,SELFENQUIRY,3,6.0,SALARIED,MALE,2,3.0,DELUXE,3.0,DIVORCED,2.0,1,3,1,1.0,MANAGER,21201.0
200624,0,53.0,SELFENQUIRY,3,13.0,SMALLBUSINESS,FEMALE,3,4.0,STANDARD,3.0,DIVORCED,1.0,1,2,0,0.0,SENIORMANAGER,25934.0
200625,0,45.0,SELFENQUIRY,3,15.0,SMALLBUSINESS,MALE,3,3.0,STANDARD,5.0,MARRIED,5.0,1,2,1,0.0,SENIORMANAGER,25761.0
200626,0,32.0,SELFENQUIRY,1,14.0,SMALLBUSINESS,FEMALE,3,1.0,DELUXE,3.0,DIVORCED,6.0,0,3,1,2.0,MANAGER,20175.0
200627,0,52.0,COMPANYINVITED,1,31.0,SMALLBUSINESS,FEMALE,2,4.0,SUPERDELUXE,3.0,DIVORCED,4.0,0,5,0,1.0,AVP,28826.0
200628,0,37.0,SELFENQUIRY,3,22.0,SMALLBUSINESS,MALE,3,4.0,DELUXE,3.0,MARRIED,5.0,0,5,1,2.0,MANAGER,21334.0
200631,0,44.0,SELFENQUIRY,1,14.0,SALARIED,MALE,3,1.0,BASIC,3.0,DIVORCED,3.0,1,3,1,2.0,EXECUTIVE,17818.0
200632,0,42.0,COMPANYINVITED,1,8.0,SMALLBUSINESS,MALE,2,3.0,BASIC,3.0,SINGLE,6.0,1,2,0,1.0,EXECUTIVE,17515.0
200633,0,36.0,SELFENQUIRY,2,14.0,SALARIED,MALE,3,4.0,BASIC,5.0,DIVORCED,1.0,0,2,1,2.0,EXECUTIVE,17342.0
200635,0,35.0,SELFENQUIRY,1,15.0,SALARIED,FEMALE,3,4.0,STANDARD,3.0,DIVORCED,2.0,1,4,1,1.0,SENIORMANAGER,25685.0
200636,1,35.0,COMPANYINVITED,1,31.0,SALARIED,FEMALE,3,3.0,BASIC,4.0,MARRIED,2.0,1,3,0,0.0,EXECUTIVE,17022.0
200637,0,32.0,COMPANYINVITED,1,6.0,SALARIED,MALE,3,3.0,BASIC,3.0,MARRIED,1.0,0,5,0,0.0,EXECUTIVE,17314.0
200640,0,24.0,COMPANYINVITED,1,10.0,SALARIED,MALE,2,4.0,BASIC,3.0,DIVORCED,1.0,0,3,0,0.0,EXECUTIVE,18162.0
200641,0,32.0,COMPANYINVITED,3,11.0,SALARIED,MALE,2,3.0,DELUXE,4.0,DIVORCED,2.0,0,3,1,1.0,MANAGER,21524.0
200642,0,38.0,SELFENQUIRY,3,15.0,SMALLBUSINESS,MALE,3,4.0,BASIC,4.0,DIVORCED,1.0,0,4,0,0.0,EXECUTIVE,17899.0
200643,0,42.0,SELFENQUIRY,1,9.0,SALARIED,FEMALE,3,1.0,DELUXE,3.0,DIVORCED,3.0,1,5,0,0.0,MANAGER,20231.0
200644,0,31.0,SELFENQUIRY,1,17.0,SALARIED,MALE,2,3.0,BASIC,3.0,DIVORCED,4.0,1,3,1,1.0,EXECUTIVE,17356.0
200645,1,29.0,SELFENQUIRY,3,6.0,SMALLBUSINESS,FEMALE,2,4.0,BASIC,3.0,MARRIED,7.0,1,2,0,1.0,EXECUTIVE,17800.0
200646,0,53.0,SELFENQUIRY,3,14.0,SMALLBUSINESS,MALE,3,3.0,SUPERDELUXE,3.0,DIVORCED,6.0,0,3,0,2.0,AVP,26836.0
200647,0,35.0,SELFENQUIRY,1,31.0,LARGEBUSINESS,MALE,3,4.0,STANDARD,4.0,DIVORCED,4.0,0,3,1,1.0,SENIORMANAGER,25903.0
200648,0,37.0,COMPANYINVITED,3,27.0,SMALLBUSINESS,FEMALE,2,3.0,BASIC,3.0,DIVORCED,6.0,0,2,1,1.0,EXECUTIVE,17973.0
200649,0,53.0,SELFENQUIRY,1,29.0,SALARIED,FEMALE,3,3.0,SUPERDELUXE,3.0,SINGLE,7.0,0,5,1,1.0,AVP,29275.0
200650,0,43.0,COMPANYINVITED,1,6.0,SALARIED,FEMALE,2,3.0,DELUXE,3.0,DIVORCED,5.0,0,2,1,1.0,MANAGER,20562.0
200652,0,37.0,COMPANYINVITED,3,25.0,SMALLBUSINESS,MALE,2,3.0,STANDARD,4.0,UNMARRIED,2.0,1,5,0,0.0,SENIORMANAGER,22642.0
200653,0,50.0,COMPANYINVITED,1,8.0,SALARIED,MALE,3,3.0,SUPERDELUXE,5.0,MARRIED,2.0,0,5,1,2.0,AVP,32924.0
200654,0,39.0,SELFENQUIRY,2,8.0,SALARIED,FEMALE,2,4.0,DELUXE,3.0,DIVORCED,1.0,0,3,0,0.0,MANAGER,20204.0
200655,0,33.0,SELFENQUIRY,2,9.0,SALARIED,MALE,2,3.0,BASIC,4.0,MARRIED,4.0,1,5,0,1.0,EXECUTIVE,17277.0
200656,1,32.0,SELFENQUIRY,1,31.0,SALARIED,MALE,2,3.0,BASIC,3.0,SINGLE,2.0,1,5,1,0.0,EXECUTIVE,17795.0
200657,0,29.0,SELFENQUIRY,1,13.0,SMALLBUSINESS,FEMALE,3,4.0,BASIC,3.0,MARRIED,7.0,0,5,1,0.0,EXECUTIVE,17532.0
200658,0,44.0,SELFENQUIRY,1,15.0,SALARIED,MALE,3,3.0,BASIC,5.0,DIVORCED,2.0,1,3,1,0.0,EXECUTIVE,17559.0
200659,0,28.0,SELFENQUIRY,3,11.0,SMALLBUSINESS,MALE,3,3.0,DELUXE,3.0,SINGLE,2.0,0,3,1,0.0,MANAGER,19908.0
200660,1,58.0,COMPANYINVITED,1,8.0,SALARIED,MALE,2,4.0,BASIC,3.0,MARRIED,1.0,1,2,0,0.0,EXECUTIVE,17380.0
200662,1,20.0,SELFENQUIRY,3,8.0,SMALLBUSINESS,FEMALE,2,4.0,BASIC,3.0,SINGLE,2.0,0,4,0,1.0,EXECUTIVE,17044.0
200663,1,21.0,SELFENQUIRY,1,24.0,SALARIED,FEMALE,3,3.0,BASIC,3.0,SINGLE,2.0,0,3,1,1.0,EXECUTIVE,17693.0
200664,0,36.0,SELFENQUIRY,1,20.0,SALARIED,MALE,3,3.0,DELUXE,3.0,DIVORCED,1.0,1,5,1,2.0,MANAGER,21586.0
200665,0,47.0,SELFENQUIRY,3,8.0,SALARIED,FEMALE,3,4.0,BASIC,3.0,SINGLE,2.0,1,2,1,0.0,EXECUTIVE,18294.0
200667,1,41.0,SELFENQUIRY,1,8.0,SALARIED,FEMALE,2,5.0,BASIC,3.0,MARRIED,5.0,1,3,0,0.0,EXECUTIVE,17778.0
200668,0,28.0,SELFENQUIRY,1,15.0,SMALLBUSINESS,FEMALE,3,3.0,BASIC,3.0,MARRIED,6.0,0,3,1,1.0,EXECUTIVE,17377.0
200669,1,39.0,SELFENQUIRY,1,12.0,SMALLBUSINESS,MALE,3,3.0,BASIC,5.0,DIVORCED,1.0,1,2,1,1.0,EXECUTIVE,17404.0
200670,0,27.0,SELFENQUIRY,1,10.0,SALARIED,FEMALE,3,3.0,BASIC,3.0,SINGLE,2.0,0,2,1,1.0,EXECUTIVE,17318.0
200671,0,34.0,SELFENQUIRY,1,16.0,SALARIED,MALE,2,3.0,BASIC,4.0,MARRIED,2.0,0,2,1,0.0,EXECUTIVE,17008.0
200672,0,42.0,SELFENQUIRY,3,20.0,SMALLBUSINESS,FEMALE,3,4.0,DELUXE,3.0,SINGLE,1.0,0,3,0,0.0,MANAGER,21244.0
200673,0,33.0,SELFENQUIRY,1,6.0,SALARIED,MALE,3,4.0,BASIC,5.0,SINGLE,4.0,1,4,0,0.0,EXECUTIVE,17799.0
200674,0,58.0,SELFENQUIRY,1,11.0,LARGEBUSINESS,FEMALE,2,4.0,STANDARD,4.0,MARRIED,3.0,1,5,1,1.0,SENIORMANAGER,25552.0
200675,0,31.0,SELFENQUIRY,3,13.0,SALARIED,MALE,2,4.0,BASIC,3.0,DIVORCED,4.0,0,4,1,1.0,EXECUTIVE,17329.0
200677,0,49.0,SELFENQUIRY,1,14.0,SALARIED,FEMALE,2,3.0,STANDARD,4.0,DIVORCED,5.0,0,4,0,0.0,SENIORMANAGER,22403.0
200678,0,48.0,SELFENQUIRY,1,26.0,SMALLBUSINESS,MALE,2,3.0,BASIC,3.0,DIVORCED,5.0,0,2,0,0.0,EXECUTIVE,17259.0
200679,0,31.0,COMPANYINVITED,3,26.0,SMALLBUSINESS,FEMALE,2,3.0,DELUXE,3.0,DIVORCED,2.0,0,2,1,0.0,MANAGER,21932.0
200681,0,38.0,SELFENQUIRY,1,6.0,LARGEBUSINESS,FEMALE,3,3.0,STANDARD,5.0,DIVORCED,2.0,0,4,1,2.0,SENIORMANAGER,28582.0
200682,0,32.0,COMPANYINVITED,1,6.0,SALARIED,FEMALE,3,4.0,BASIC,4.0,DIVORCED,7.0,0,3,1,0.0,EXECUTIVE,17332.0
200683,1,25.0,SELFENQUIRY,3,25.0,SMALLBUSINESS,MALE,2,4.0,BASIC,4.0,DIVORCED,2.0,1,2,0,0.0,EXECUTIVE,17413.0
200684,0,40.0,SELFENQUIRY,3,16.0,SMALLBUSINESS,MALE,3,4.0,STANDARD,4.0,MARRIED,3.0,0,4,1,1.0,SENIORMANAGER,24705.0
200687,0,36.0,SELFENQUIRY,1,8.0,SMALLBUSINESS,MALE,3,3.0,BASIC,3.0,SINGLE,5.0,0,5,1,0.0,EXECUTIVE,17519.0
200688,1,19.0,SELFENQUIRY,3,27.0,SALARIED,MALE,2,4.0,BASIC,4.0,SINGLE,2.0,1,2,0,1.0,EXECUTIVE,17121.0
200689,1,20.0,SELFENQUIRY,1,10.0,LARGEBUSINESS,MALE,2,3.0,BASIC,5.0,SINGLE,2.0,0,3,1,1.0,EXECUTIVE,17973.0
200690,0,31.0,SELFENQUIRY,1,18.0,SMALLBUSINESS,FEMALE,2,3.0,DELUXE,3.0,DIVORCED,1.0,1,4,0,1.0,MANAGER,20855.0
200692,0,32.0,SELFENQUIRY,1,9.0,SMALLBUSINESS,FEMALE,3,3.0,DELUXE,5.0,DIVORCED,2.0,0,2,1,1.0,MANAGER,21725.0
200693,1,36.0,SELFENQUIRY,3,9.0,SALARIED,MALE,2,4.0,STANDARD,3.0,DIVORCED,2.0,1,2,1,0.0,SENIORMANAGER,25325.0
200694,0,33.0,SELFENQUIRY,1,6.0,SALARIED,FEMALE,2,4.0,DELUXE,3.0,UNMARRIED,1.0,0,4,0,0.0,MANAGER,21949.0
200695,1,37.0,SELFENQUIRY,3,6.0,SALARIED,MALE,2,4.0,STANDARD,3.0,DIVORCED,6.0,0,2,1,1.0,SENIORMANAGER,25609.0
200697,0,29.0,COMPANYINVITED,3,26.0,LARGEBUSINESS,FEMALE,2,3.0,BASIC,3.0,DIVORCED,2.0,0,3,0,1.0,EXECUTIVE,17157.0
200699,0,52.0,SELFENQUIRY,1,6.0,SALARIED,MALE,3,3.0,SUPERDELUXE,3.0,DIVORCED,3.0,0,2,1,1.0,AVP,32099.0
200700,1,58.0,SELFENQUIRY,1,8.0,LARGEBUSINESS,MALE,2,3.0,BASIC,3.0,SINGLE,5.0,0,2,1,1.0,EXECUTIVE,17479.0
200701,0,53.0,SELFENQUIRY,3,8.0,SMALLBUSINESS,MALE,2,3.0,SUPERDELUXE,3.0,MARRIED,7.0,0,3,1,0.0,AVP,29852.0
200702,0,30.0,SELFENQUIRY,3,14.0,SALARIED,MALE,3,3.0,STANDARD,3.0,MARRIED,6.0,0,3,1,0.0,SENIORMANAGER,22264.0
200703,0,38.0,COMPANYINVITED,3,16.0,LARGEBUSINESS,FEMALE,2,3.0,DELUXE,3.0,SINGLE,2.0,1,3,0,1.0,MANAGER,20666.0
200704,0,35.0,SELFENQUIRY,3,9.0,SALARIED,MALE,3,3.0,STANDARD,3.0,MARRIED,7.0,0,5,0,1.0,SENIORMANAGER,22823.0
200705,0,39.0,SELFENQUIRY,3,8.0,SALARIED,MALE,2,1.0,STANDARD,3.0,UNMARRIED,1.0,0,2,1,1.0,SENIORMANAGER,22880.0
200706,1,40.0,COMPANYINVITED,3,30.0,SALARIED,FEMALE,3,1.0,SUPERDELUXE,4.0,UNMARRIED,5.0,1,3,1,2.0,AVP,28194.0
200707,0,47.0,COMPANYINVITED,1,22.0,SMALLBUSINESS,MALE,3,1.0,DELUXE,3.0,MARRIED,2.0,1,2,0,0.0,MANAGER,20067.0
200708,0,36.0,COMPANYINVITED,3,14.0,LARGEBUSINESS,MALE,2,3.0,DELUXE,3.0,MARRIED,5.0,0,3,1,0.0,MANAGER,20079.0
200709,1,31.0,COMPANYINVITED,1,15.0,SMALLBUSINESS,MALE,2,4.0,BASIC,5.0,SINGLE,1.0,1,3,1,0.0,EXECUTIVE,17321.0
200710,0,33.0,COMPANYINVITED,3,23.0,SALARIED,MALE,2,3.0,SUPERDELUXE,3.0,SINGLE,2.0,0,3,1,1.0,AVP,32444.0
200711,1,29.0,SELFENQUIRY,1,16.0,SALARIED,FEMALE,3,4.0,BASIC,5.0,SINGLE,7.0,1,5,1,1.0,EXECUTIVE,17404.0
200713,0,45.0,SELFENQUIRY,1,6.0,SMALLBUSINESS,FEMALE,3,3.0,BASIC,3.0,MARRIED,4.0,0,5,0,1.0,EXECUTIVE,17270.0
200714,0,50.0,SELFENQUIRY,1,6.0,SMALLBUSINESS,MALE,3,3.0,SUPERDELUXE,3.0,MARRIED,1.0,0,5,0,2.0,AVP,32399.0
200715,0,33.0,COMPANYINVITED,1,6.0,SALARIED,FEMALE,2,1.0,DELUXE,4.0,DIVORCED,2.0,1,3,0,1.0,MANAGER,20488.0
200716,0,41.0,COMPANYINVITED,1,15.0,SMALLBUSINESS,MALE,3,3.0,KING,3.0,MARRIED,3.0,0,4,1,2.0,VP,34419.0
200717,0,27.0,SELFENQUIRY,1,22.0,LARGEBUSINESS,FEMALE,2,3.0,BASIC,4.0,DIVORCED,1.0,0,2,1,0.0,EXECUTIVE,17811.0
200720,1,30.0,SELFENQUIRY,1,28.0,SALARIED,FEMALE,2,3.0,BASIC,3.0,DIVORCED,5.0,1,2,0,1.0,EXECUTIVE,17132.0
200721,0,50.0,SELFENQUIRY,1,30.0,SALARIED,MALE,3,3.0,SUPERDELUXE,3.0,DIVORCED,4.0,1,4,0,0.0,AVP,28973.0
200722,0,38.0,COMPANYINVITED,1,16.0,SMALLBUSINESS,MALE,3,3.0,BASIC,3.0,DIVORCED,1.0,0,5,0,2.0,EXECUTIVE,17684.0
200723,0,46.0,SELFENQUIRY,1,13.0,SMALLBUSINESS,MALE,3,3.0,STANDARD,3.0,MARRIED,7.0,0,2,0,2.0,SENIORMANAGER,25845.0
200727,0,18.0,COMPANYINVITED,1,11.0,SALARIED,MALE,3,3.0,BASIC,3.0,SINGLE,2.0,0,2,1,1.0,EXECUTIVE,16051.0
200728,0,54.0,SELFENQUIRY,1,23.0,LARGEBUSINESS,FEMALE,2,3.0,STANDARD,3.0,DIVORCED,1.0,0,5,1,0.0,SENIORMANAGER,25739.0
200729,0,35.0,SELFENQUIRY,1,31.0,SMALLBUSINESS,FEMALE,2,3.0,STANDARD,3.0,MARRIED,2.0,1,3,1,1.0,SENIORMANAGER,25388.0
200730,0,30.0,SELFENQUIRY,1,14.0,SALARIED,FEMALE,3,1.0,STANDARD,5.0,DIVORCED,1.0,1,2,0,2.0,SENIORMANAGER,26416.0
200731,1,20.0,SELFENQUIRY,1,17.0,SMALLBUSINESS,FEMALE,3,4.0,BASIC,5.0,SINGLE,2.0,1,3,0,1.0,EXECUTIVE,17600.0
200732,1,30.0,COMPANYINVITED,1,11.0,SMALLBUSINESS,FEMALE,2,3.0,BASIC,4.0,SINGLE,1.0,0,3,0,0.0,EXECUTIVE,17422.0
200733,0,26.0,SELFENQUIRY,1,8.0,SMALLBUSINESS,MALE,2,1.0,DELUXE,3.0,DIVORCED,2.0,0,3,1,1.0,MANAGER,20472.0
200734,0,22.0,SELFENQUIRY,1,14.0,SALARIED,MALE,3,5.0,BASIC,5.0,DIVORCED,2.0,0,2,1,0.0,EXECUTIVE,17451.0
200736,0,48.0,SELFENQUIRY,1,10.0,SALARIED,MALE,3,4.0,STANDARD,3.0,UNMARRIED,1.0,0,5,1,1.0,SENIORMANAGER,25999.0
200738,0,39.0,SELFENQUIRY,1,6.0,SALARIED,FEMALE,3,4.0,SUPERDELUXE,3.0,DIVORCED,2.0,0,3,0,1.0,AVP,27742.0
200741,0,42.0,SELFENQUIRY,3,11.0,SMALLBUSINESS,MALE,2,3.0,KING,3.0,DIVORCED,7.0,0,4,0,1.0,VP,33303.0
200742,0,50.0,SELFENQUIRY,1,15.0,SALARIED,MALE,3,3.0,BASIC,3.0,DIVORCED,5.0,0,5,1,0.0,EXECUTIVE,17380.0
200743,0,59.0,SELFENQUIRY,1,8.0,SALARIED,FEMALE,3,4.0,SUPERDELUXE,3.0,SINGLE,4.0,1,5,0,2.0,AVP,28726.0
200745,0,55.0,COMPANYINVITED,1,24.0,SMALLBUSINESS,MALE,3,3.0,DELUXE,4.0,DIVORCED,4.0,1,5,1,2.0,MANAGER,21385.0
200747,0,38.0,SELFENQUIRY,3,9.0,SALARIED,MALE,2,3.0,DELUXE,3.0,UNMARRIED,1.0,1,3,1,1.0,MANAGER,21861.0
200750,0,44.0,SELFENQUIRY,3,34.0,SMALLBUSINESS,FEMALE,2,1.0,SUPERDELUXE,3.0,DIVORCED,4.0,1,2,1,1.0,AVP,28320.0
200751,0,50.0,COMPANYINVITED,3,6.0,SALARIED,FEMALE,3,3.0,DELUXE,3.0,DIVORCED,1.0,0,2,1,1.0,MANAGER,21347.0
200752,1,36.0,SELFENQUIRY,1,22.0,SALARIED,FEMALE,2,1.0,BASIC,5.0,SINGLE,2.0,0,2,1,0.0,EXECUTIVE,17743.0
200753,0,39.0,COMPANYINVITED,1,28.0,SMALLBUSINESS,FEMALE,2,3.0,STANDARD,5.0,UNMARRIED,2.0,1,5,1,0.0,SENIORMANAGER,25880.0
200754,0,33.0,COMPANYINVITED,3,14.0,SALARIED,FEMALE,2,4.0,BASIC,3.0,SINGLE,1.0,0,2,1,1.0,EXECUTIVE,17342.0
200755,0,45.0,SELFENQUIRY,3,17.0,SALARIED,FEMALE,2,3.0,SUPERDELUXE,3.0,DIVORCED,4.0,0,4,1,1.0,AVP,32650.0
200757,0,34.0,SELFENQUIRY,3,6.0,SMALLBUSINESS,MALE,3,1.0,DELUXE,3.0,MARRIED,1.0,0,5,1,2.0,MANAGER,24725.0
200758,0,59.0,SELFENQUIRY,3,6.0,LARGEBUSINESS,MALE,3,3.0,STANDARD,3.0,DIVORCED,4.0,1,2,0,1.0,SENIORMANAGER,26904.0
200759,0,45.0,SELFENQUIRY,2,30.0,SMALLBUSINESS,MALE,2,3.0,BASIC,4.0,SINGLE,2.0,0,4,0,0.0,EXECUTIVE,17177.0
200760,0,53.0,COMPANYINVITED,3,8.0,SMALLBUSINESS,FEMALE,2,4.0,STANDARD,4.0,DIVORCED,3.0,0,2,0,1.0,SENIORMANAGER,22525.0
200762,1,26.0,COMPANYINVITED,1,8.0,SALARIED,MALE,2,3.0,BASIC,5.0,DIVORCED,7.0,1,5,1,0.0,EXECUTIVE,17042.0
200763,0,34.0,SELFENQUIRY,3,16.0,SALARIED,FEMALE,2,3.0,BASIC,3.0,DIVORCED,2.0,1,2,0,1.0,EXECUTIVE,17220.0
200764,0,28.0,SELFENQUIRY,3,16.0,SMALLBUSINESS,MALE,3,3.0,BASIC,4.0,DIVORCED,2.0,0,5,1,1.0,EXECUTIVE,16052.0
200765,0,38.0,COMPANYINVITED,1,9.0,SALARIED,MALE,2,3.0,BASIC,3.0,DIVORCED,4.0,0,3,1,1.0,EXECUTIVE,17821.0
200766,0,50.0,SELFENQUIRY,1,8.0,SMALLBUSINESS,MALE,3,3.0,KING,3.0,DIVORCED,3.0,1,2,1,1.0,VP,34237.0
200768,0,40.0,SELFENQUIRY,3,32.0,SMALLBUSINESS,MALE,3,3.0,DELUXE,5.0,DIVORCED,2.0,0,2,1,1.0,MANAGER,23396.0
200769,0,26.0,COMPANYINVITED,1,6.0,SMALLBUSINESS,FEMALE,3,4.0,BASIC,3.0,MARRIED,2.0,0,2,1,0.0,EXECUTIVE,17007.0
200770,0,46.0,SELFENQUIRY,1,6.0,SMALLBUSINESS,MALE,2,3.0,KING,3.0,MARRIED,1.0,0,5,1,1.0,VP,34627.0
200771,0,54.0,SELFENQUIRY,3,8.0,SALARIED,FEMALE,2,4.0,STANDARD,3.0,DIVORCED,7.0,0,5,1,0.0,SENIORMANAGER,25686.0
200772,0,56.0,COMPANYINVITED,1,15.0,SMALLBUSINESS,FEMALE,3,3.0,BASIC,3.0,DIVORCED,3.0,0,2,0,0.0,EXECUTIVE,17942.0
200773,0,36.0,SELFENQUIRY,1,18.0,SMALLBUSINESS,FEMALE,2,4.0,STANDARD,3.0,UNMARRIED,1.0,0,2,1,0.0,SENIORMANAGER,23858.0
200774,0,55.0,COMPANYINVITED,1,8.0,SMALLBUSINESS,MALE,2,4.0,SUPERDELUXE,5.0,SINGLE,1.0,0,3,1,1.0,AVP,31756.0
200775,0,43.0,SELFENQUIRY,3,31.0,SMALLBUSINESS,MALE,3,4.0,STANDARD,3.0,MARRIED,6.0,0,4,1,1.0,SENIORMANAGER,25798.0
200776,1,20.0,COMPANYINVITED,3,15.0,SMALLBUSINESS,FEMALE,2,3.0,BASIC,3.0,SINGLE,2.0,1,4,0,0.0,EXECUTIVE,17323.0
200777,1,21.0,SELFENQUIRY,1,16.0,SALARIED,FEMALE,2,4.0,BASIC,5.0,SINGLE,2.0,0,3,1,0.0,EXECUTIVE,16416.0
200779,1,51.0,SELFENQUIRY,1,10.0,SALARIED,MALE,2,3.0,BASIC,3.0,DIVORCED,1.0,1,2,1,1.0,EXECUTIVE,17461.0
200780,1,28.0,COMPANYINVITED,1,30.0,LARGEBUSINESS,MALE,3,4.0,STANDARD,5.0,UNMARRIED,2.0,0,2,0,0.0,SENIORMANAGER,23722.0
200782,0,30.0,SELFENQUIRY,1,26.0,SALARIED,MALE,2,3.0,DELUXE,5.0,DIVORCED,1.0,0,4,1,0.0,MANAGER,24957.0
200784,0,38.0,SELFENQUIRY,1,23.0,SALARIED,FEMALE,3,4.0,STANDARD,3.0,DIVORCED,1.0,0,2,0,2.0,SENIORMANAGER,23823.0
200785,0,40.0,SELFENQUIRY,1,26.0,LARGEBUSINESS,MALE,3,3.0,STANDARD,3.0,DIVORCED,5.0,0,3,1,1.0,SENIORMANAGER,25322.0
200787,0,55.0,COMPANYINVITED,1,8.0,SALARIED,MALE,3,3.0,STANDARD,4.0,DIVORCED,4.0,0,2,1,1.0,SENIORMANAGER,25976.0
200789,1,44.0,SELFENQUIRY,2,6.0,SMALLBUSINESS,MALE,3,4.0,STANDARD,5.0,DIVORCED,1.0,0,4,1,0.0,SENIORMANAGER,25482.0
200790,0,33.0,SELFENQUIRY,1,11.0,SALARIED,MALE,2,4.0,STANDARD,3.0,MARRIED,5.0,0,3,0,0.0,SENIORMANAGER,22119.0
200791,1,35.0,SELFENQUIRY,3,10.0,LARGEBUSINESS,MALE,2,3.0,STANDARD,5.0,UNMARRIED,1.0,1,4,1,1.0,SENIORMANAGER,24582.0
200793,0,28.0,SELFENQUIRY,1,21.0,SALARIED,MALE,2,3.0,BASIC,3.0,MARRIED,2.0,0,4,1,1.0,EXECUTIVE,17207.0
200794,0,34.0,COMPANYINVITED,1,9.0,SALARIED,MALE,2,3.0,DELUXE,3.0,UNMARRIED,1.0,0,2,1,0.0,MANAGER,22756.0
200795,0,37.0,SELFENQUIRY,3,16.0,SALARIED,FEMALE,2,4.0,DELUXE,3.0,MARRIED,3.0,1,4,0,0.0,MANAGER,21694.0
200797,1,26.0,SELFENQUIRY,1,27.0,SMALLBUSINESS,MALE,2,3.0,BASIC,3.0,MARRIED,2.0,0,5,1,1.0,EXECUTIVE,17377.0
200798,1,33.0,SELFENQUIRY,1,31.0,SMALLBUSINESS,MALE,2,4.0,BASIC,4.0,SINGLE,5.0,1,4,0,0.0,EXECUTIVE,17313.0
200799,0,42.0,SELFENQUIRY,1,8.0,SMALLBUSINESS,MALE,2,3.0,SUPERDELUXE,5.0,DIVORCED,1.0,0,3,1,1.0,AVP,32665.0
200800,1,28.0,COMPANYINVITED,1,6.0,SMALLBUSINESS,MALE,2,4.0,BASIC,4.0,MARRIED,2.0,0,4,0,0.0,EXECUTIVE,17596.0
200803,0,34.0,COMPANYINVITED,1,9.0,SALARIED,MALE,2,4.0,BASIC,3.0,DIVORCED,4.0,0,2,1,0.0,EXECUTIVE,17979.0
200804,0,48.0,COMPANYINVITED,1,6.0,SMALLBUSINESS,MALE,2,1.0,SUPERDELUXE,3.0,SINGLE,3.0,0,2,0,0.0,AVP,31885.0
200805,0,45.0,COMPANYINVITED,3,15.0,SALARIED,FEMALE,3,4.0,DELUXE,3.0,DIVORCED,2.0,0,3,0,0.0,MANAGER,20593.0
200806,0,52.0,SELFENQUIRY,1,13.0,SALARIED,MALE,2,3.0,STANDARD,4.0,UNMARRIED,1.0,0,3,1,1.0,SENIORMANAGER,25445.0
200807,0,38.0,SELFENQUIRY,3,16.0,SMALLBUSINESS,MALE,3,4.0,STANDARD,3.0,MARRIED,1.0,1,3,1,0.0,SENIORMANAGER,23740.0
200808,0,29.0,SELFENQUIRY,1,34.0,SALARIED,FEMALE,3,3.0,BASIC,3.0,MARRIED,5.0,0,5,0,1.0,EXECUTIVE,17514.0
200809,0,28.0,SELFENQUIRY,1,9.0,SMALLBUSINESS,FEMALE,3,3.0,STANDARD,4.0,MARRIED,1.0,0,4,0,0.0,SENIORMANAGER,22655.0
200810,0,46.0,SELFENQUIRY,3,9.0,SMALLBUSINESS,MALE,2,3.0,SUPERDELUXE,3.0,DIVORCED,4.0,0,2,1,0.0,AVP,32465.0
200811,0,38.0,SELFENQUIRY,3,8.0,SMALLBUSINESS,MALE,2,3.0,STANDARD,4.0,UNMARRIED,1.0,0,4,1,0.0,SENIORMANAGER,22351.0
200812,0,43.0,COMPANYINVITED,1,33.0,SALARIED,FEMALE,2,3.0,STANDARD,5.0,DIVORCED,1.0,0,4,0,0.0,SENIORMANAGER,25820.0
200813,1,39.0,COMPANYINVITED,1,8.0,SALARIED,MALE,2,3.0,SUPERDELUXE,3.0,MARRIED,1.0,0,3,1,0.0,AVP,27169.0
200814,0,40.0,SELFENQUIRY,1,20.0,SMALLBUSINESS,MALE,2,4.0,KING,3.0,SINGLE,2.0,0,3,1,1.0,VP,34626.0
200815,0,21.0,SELFENQUIRY,1,6.0,LARGEBUSINESS,FEMALE,3,4.0,BASIC,4.0,SINGLE,2.0,1,5,0,2.0,EXECUTIVE,17070.0
200816,0,39.0,COMPANYINVITED,1,15.0,SALARIED,MALE,3,3.0,DELUXE,4.0,UNMARRIED,21.0,0,2,1,0.0,MANAGER,21782.0
200817,0,36.0,COMPANYINVITED,1,24.0,SALARIED,MALE,3,3.0,DELUXE,3.0,UNMARRIED,3.0,0,3,1,0.0,MANAGER,22779.0
200818,0,31.0,COMPANYINVITED,3,26.0,SALARIED,MALE,3,1.0,BASIC,3.0,DIVORCED,1.0,0,5,1,1.0,EXECUTIVE,17791.0
200819,0,28.0,SELFENQUIRY,1,8.0,SALARIED,MALE,3,4.0,BASIC,4.0,DIVORCED,1.0,0,2,0,2.0,EXECUTIVE,18201.0
200821,0,49.0,SELFENQUIRY,3,14.0,LARGEBUSINESS,MALE,2,4.0,SUPERDELUXE,4.0,DIVORCED,7.0,0,4,1,0.0,AVP,28120.0
200823,0,29.0,COMPANYINVITED,1,16.0,SALARIED,FEMALE,3,3.0,BASIC,4.0,MARRIED,1.0,0,5,1,0.0,EXECUTIVE,18291.0
200825,0,29.0,SELFENQUIRY,1,14.0,SMALLBUSINESS,MALE,3,4.0,DELUXE,3.0,DIVORCED,2.0,1,3,0,0.0,MANAGER,20056.0
200826,0,38.0,SELFENQUIRY,2,6.0,SALARIED,MALE,2,1.0,BASIC,3.0,DIVORCED,2.0,0,4,1,0.0,EXECUTIVE,17844.0
200827,0,28.0,COMPANYINVITED,1,12.0,SALARIED,MALE,2,4.0,BASIC,3.0,MARRIED,2.0,1,4,1,0.0,EXECUTIVE,17703.0
200828,1,18.0,COMPANYINVITED,1,14.0,SMALLBUSINESS,MALE,3,3.0,BASIC,3.0,SINGLE,2.0,0,5,0,0.0,EXECUTIVE,16904.0
200829,1,33.0,SELFENQUIRY,3,15.0,SMALLBUSINESS,FEMALE,3,3.0,DELUXE,5.0,UNMARRIED,1.0,1,3,0,1.0,MANAGER,23224.0
200831,1,31.0,COMPANYINVITED,1,21.0,SMALLBUSINESS,MALE,3,3.0,BASIC,3.0,DIVORCED,2.0,0,4,1,2.0,EXECUTIVE,17610.0
200832,0,37.0,SELFENQUIRY,1,31.0,SMALLBUSINESS,FEMALE,2,4.0,DELUXE,3.0,MARRIED,1.0,0,3,0,1.0,MANAGER,20731.0
200833,0,27.0,SELFENQUIRY,1,12.0,SALARIED,MALE,2,4.0,BASIC,3.0,DIVORCED,2.0,0,2,1,1.0,EXECUTIVE,17539.0
200834,0,34.0,SELFENQUIRY,3,15.0,SALARIED,FEMALE,3,3.0,DELUXE,3.0,DIVORCED,2.0,0,2,1,2.0,MANAGER,20714.0
200836,1,29.0,SELFENQUIRY,3,29.0,SALARIED,FEMALE,2,4.0,STANDARD,5.0,DIVORCED,2.0,0,3,0,0.0,SENIORMANAGER,22336.0
200837,0,40.0,COMPANYINVITED,1,15.0,SMALLBUSINESS,FEMALE,2,3.0,STANDARD,3.0,UNMARRIED,1.0,0,4,0,0.0,SENIORMANAGER,28499.0
200838,1,42.0,COMPANYINVITED,3,18.0,SALARIED,MALE,2,3.0,SUPERDELUXE,5.0,SINGLE,1.0,1,5,1,1.0,AVP,28758.0
200839,0,42.0,SELFENQUIRY,3,10.0,SMALLBUSINESS,MALE,2,3.0,DELUXE,5.0,SINGLE,1.0,0,5,1,1.0,MANAGER,20155.0
200840,0,35.0,SELFENQUIRY,1,6.0,SMALLBUSINESS,MALE,2,4.0,BASIC,3.0,DIVORCED,7.0,0,2,1,1.0,EXECUTIVE,17258.0
200842,1,28.0,SELFENQUIRY,1,18.0,SALARIED,FEMALE,3,3.0,BASIC,3.0,DIVORCED,2.0,1,4,1,0.0,EXECUTIVE,17515.0
200844,0,30.0,SELFENQUIRY,3,16.0,SMALLBUSINESS,MALE,3,4.0,DELUXE,3.0,DIVORCED,2.0,0,2,1,0.0,MANAGER,21578.0
200846,0,35.0,SELFENQUIRY,1,8.0,SALARIED,MALE,2,4.0,STANDARD,4.0,MARRIED,3.0,0,4,1,0.0,SENIORMANAGER,25274.0
200847,0,34.0,COMPANYINVITED,1,6.0,SMALLBUSINESS,MALE,3,4.0,DELUXE,5.0,SINGLE,1.0,0,2,1,2.0,MANAGER,20343.0
200848,0,35.0,COMPANYINVITED,1,10.0,SALARIED,MALE,2,4.0,BASIC,3.0,DIVORCED,2.0,0,2,1,0.0,EXECUTIVE,17376.0
200849,1,43.0,SELFENQUIRY,3,15.0,SMALLBUSINESS,FEMALE,2,5.0,DELUXE,3.0,SINGLE,1.0,0,2,1,1.0,MANAGER,20346.0
200850,0,32.0,COMPANYINVITED,3,8.0,SALARIED,FEMALE,3,3.0,BASIC,5.0,MARRIED,2.0,0,3,0,1.0,EXECUTIVE,17827.0
200852,0,29.0,SELFENQUIRY,1,12.0,SMALLBUSINESS,FEMALE,2,3.0,BASIC,3.0,DIVORCED,2.0,0,3,0,0.0,EXECUTIVE,18131.0
200853,0,19.0,SELFENQUIRY,1,15.0,SALARIED,MALE,2,3.0,BASIC,5.0,SINGLE,2.0,0,3,0,0.0,EXECUTIVE,17552.0
200855,0,37.0,SELFENQUIRY,1,6.0,SALARIED,FEMALE,2,4.0,DELUXE,3.0,DIVORCED,2.0,0,2,1,1.0,MANAGER,21474.0
200856,0,20.0,SELFENQUIRY,1,9.0,SALARIED,MALE,2,4.0,BASIC,3.0,SINGLE,2.0,0,3,0,1.0,EXECUTIVE,18033.0
200857,1,44.0,SELFENQUIRY,1,16.0,SALARIED,MALE,3,3.0,BASIC,3.0,SINGLE,2.0,1,3,1,2.0,EXECUTIVE,17936.0
200858,0,53.0,SELFENQUIRY,1,13.0,SMALLBUSINESS,FEMALE,2,3.0,KING,3.0,MARRIED,4.0,0,2,1,0.0,VP,33606.0
200859,0,29.0,SELFENQUIRY,1,21.0,SALARIED,FEMALE,3,5.0,BASIC,3.0,DIVORCED,1.0,1,5,1,0.0,EXECUTIVE,17168.0
200860,1,22.0,COMPANYINVITED,1,9.0,SALARIED,MALE,2,4.0,BASIC,3.0,DIVORCED,1.0,1,3,0,0.0,EXECUTIVE,17853.0
200861,0,46.0,SELFENQUIRY,3,8.0,SMALLBUSINESS,FEMALE,3,3.0,SUPERDELUXE,5.0,DIVORCED,1.0,0,2,1,0.0,AVP,32048.0
200862,0,44.0,COMPANYINVITED,1,23.0,SALARIED,MALE,3,5.0,BASIC,3.0,SINGLE,3.0,0,4,1,0.0,EXECUTIVE,17290.0
200864,1,41.0,COMPANYINVITED,1,11.0,SALARIED,MALE,3,4.0,BASIC,5.0,MARRIED,7.0,0,3,1,0.0,EXECUTIVE,17107.0
200867,0,50.0,COMPANYINVITED,1,8.0,SMALLBUSINESS,FEMALE,1,3.0,SUPERDELUXE,5.0,DIVORCED,3.0,0,3,1,0.0,AVP,32856.0
200868,0,28.0,SELFENQUIRY,1,25.0,SMALLBUSINESS,MALE,3,4.0,BASIC,5.0,DIVORCED,2.0,0,3,1,2.0,EXECUTIVE,18196.0
200869,0,46.0,SELFENQUIRY,1,21.0,SALARIED,MALE,2,3.0,KING,4.0,DIVORCED,6.0,0,3,1,1.0,VP,34081.0
200870,0,35.0,SELFENQUIRY,3,23.0,SALARIED,MALE,3,3.0,DELUXE,5.0,DIVORCED,4.0,1,3,1,1.0,MANAGER,23966.0
200871,1,24.0,SELFENQUIRY,1,23.0,SALARIED,FEMALE,3,3.0,BASIC,4.0,DIVORCED,2.0,0,2,0,1.0,EXECUTIVE,17210.0
200873,0,36.0,SELFENQUIRY,1,12.0,SALARIED,MALE,2,5.0,BASIC,3.0,MARRIED,2.0,0,2,0,0.0,EXECUTIVE,17741.0
200876,0,20.0,SELFENQUIRY,3,27.0,SMALLBUSINESS,MALE,2,1.0,BASIC,3.0,SINGLE,2.0,0,3,0,0.0,EXECUTIVE,17678.0
200877,0,46.0,SELFENQUIRY,1,8.0,LARGEBUSINESS,MALE,2,3.0,DELUXE,3.0,MARRIED,3.0,0,2,1,0.0,MANAGER,22379.0
200878,0,42.0,COMPANYINVITED,2,8.0,SMALLBUSINESS,MALE,3,1.0,DELUXE,5.0,DIVORCED,1.0,0,2,0,2.0,MANAGER,21272.0
200879,0,60.0,SELFENQUIRY,3,13.0,SMALLBUSINESS,MALE,2,1.0,DELUXE,3.0,MARRIED,1.0,1,5,0,0.0,MANAGER,20220.0
200880,0,32.0,COMPANYINVITED,1,19.0,SALARIED,FEMALE,3,4.0,BASIC,4.0,DIVORCED,2.0,0,5,0,0.0,EXECUTIVE,17743.0
200882,0,36.0,SELFENQUIRY,1,6.0,LARGEBUSINESS,FEMALE,3,5.0,STANDARD,5.0,MARRIED,3.0,1,2,1,2.0,SENIORMANAGER,25252.0
200883,0,33.0,SELFENQUIRY,1,15.0,SMALLBUSINESS,MALE,2,3.0,BASIC,3.0,DIVORCED,1.0,0,2,1,0.0,EXECUTIVE,17781.0
200884,0,40.0,SELFENQUIRY,3,16.0,LARGEBUSINESS,FEMALE,2,4.0,DELUXE,4.0,MARRIED,1.0,0,5,1,0.0,MANAGER,21852.0
200887,0,42.0,COMPANYINVITED,1,32.0,SMALLBUSINESS,FEMALE,2,3.0,STANDARD,5.0,DIVORCED,4.0,1,3,0,1.0,SENIORMANAGER,28191.0
200888,0,35.0,COMPANYINVITED,3,14.0,SMALLBUSINESS,FEMALE,3,4.0,STANDARD,3.0,DIVORCED,5.0,1,5,1,2.0,SENIORMANAGER,25377.0
200889,0,27.0,SELFENQUIRY,1,20.0,SALARIED,MALE,2,3.0,BASIC,5.0,DIVORCED,2.0,1,4,1,0.0,EXECUTIVE,17235.0
200890,0,54.0,COMPANYINVITED,1,6.0,SALARIED,FEMALE,2,3.0,STANDARD,3.0,MARRIED,1.0,0,5,1,1.0,SENIORMANAGER,25502.0
200891,0,44.0,SELFENQUIRY,1,8.0,SALARIED,FEMALE,3,1.0,BASIC,3.0,DIVORCED,2.0,0,4,1,0.0,EXECUTIVE,17011.0
200892,1,19.0,COMPANYINVITED,1,16.0,SMALLBUSINESS,FEMALE,3,4.0,BASIC,4.0,SINGLE,2.0,1,5,1,1.0,EXECUTIVE,16859.0
200894,0,54.0,SELFENQUIRY,1,9.0,SALARIED,MALE,2,3.0,SUPERDELUXE,3.0,DIVORCED,4.0,0,5,1,1.0,AVP,32779.0
200895,0,31.0,SELFENQUIRY,1,17.0,SMALLBUSINESS,MALE,3,3.0,DELUXE,5.0,DIVORCED,2.0,1,2,0,2.0,MANAGER,21833.0
200896,0,31.0,SELFENQUIRY,1,30.0,SMALLBUSINESS,FEMALE,3,4.0,DELUXE,5.0,UNMARRIED,2.0,0,5,0,2.0,MANAGER,21812.0
200897,0,59.0,SELFENQUIRY,3,9.0,SALARIED,FEMALE,2,4.0,DELUXE,3.0,SINGLE,6.0,0,3,0,0.0,MANAGER,20171.0
200899,0,49.0,SELFENQUIRY,1,10.0,SMALLBUSINESS,MALE,2,4.0,KING,3.0,DIVORCED,3.0,0,3,0,0.0,VP,33711.0
200901,0,48.0,SELFENQUIRY,1,8.0,LARGEBUSINESS,MALE,3,1.0,BASIC,4.0,SINGLE,6.0,0,2,0,2.0,EXECUTIVE,17559.0
200902,0,27.0,SELFENQUIRY,1,10.0,SALARIED,MALE,3,3.0,BASIC,3.0,MARRIED,2.0,0,4,1,1.0,EXECUTIVE,17517.0
200903,0,29.0,SELFENQUIRY,1,13.0,SALARIED,MALE,2,3.0,DELUXE,3.0,MARRIED,2.0,1,3,0,0.0,MANAGER,21623.0
200904,0,48.0,SELFENQUIRY,1,6.0,SALARIED,MALE,3,4.0,KING,3.0,SINGLE,7.0,0,3,1,0.0,VP,33265.0
200905,0,29.0,SELFENQUIRY,1,6.0,SALARIED,FEMALE,2,4.0,SUPERDELUXE,3.0,MARRIED,4.0,0,2,0,1.0,AVP,31124.0
200906,0,34.0,SELFENQUIRY,1,26.0,LARGEBUSINESS,FEMALE,2,1.0,BASIC,3.0,DIVORCED,1.0,0,1,1,0.0,EXECUTIVE,17585.0
200907,0,44.0,SELFENQUIRY,3,11.0,SMALLBUSINESS,MALE,2,3.0,KING,4.0,DIVORCED,1.0,0,5,1,1.0,VP,33213.0
200908,0,33.0,SELFENQUIRY,3,16.0,SMALLBUSINESS,MALE,2,1.0,STANDARD,3.0,MARRIED,1.0,1,4,1,1.0,SENIORMANAGER,23380.0
200909,0,19.0,SELFENQUIRY,1,31.0,SALARIED,FEMALE,2,1.0,BASIC,3.0,SINGLE,2.0,1,5,1,0.0,EXECUTIVE,17994.0
200910,0,23.0,SELFENQUIRY,1,6.0,SALARIED,MALE,2,3.0,BASIC,3.0,DIVORCED,2.0,0,4,0,1.0,EXECUTIVE,16223.0
200911,1,25.0,COMPANYINVITED,3,30.0,SALARIED,MALE,3,5.0,BASIC,3.0,SINGLE,2.0,1,1,1,1.0,EXECUTIVE,16118.0
200912,0,26.0,SELFENQUIRY,1,10.0,SALARIED,MALE,2,3.0,BASIC,3.0,SINGLE,2.0,1,1,0,0.0,EXECUTIVE,17875.0
200913,1,45.0,SELFENQUIRY,3,8.0,SMALLBUSINESS,FEMALE,3,5.0,KING,4.0,SINGLE,3.0,1,5,0,2.0,VP,33824.0
200914,0,55.0,COMPANYINVITED,1,14.0,SMALLBUSINESS,MALE,2,4.0,SUPERDELUXE,4.0,MARRIED,2.0,1,3,1,1.0,AVP,28577.0
200915,1,21.0,COMPANYINVITED,1,16.0,SALARIED,FEMALE,2,4.0,BASIC,3.0,SINGLE,2.0,0,4,1,0.0,EXECUTIVE,17625.0
200916,0,46.0,SELFENQUIRY,3,10.0,SMALLBUSINESS,FEMALE,2,4.0,KING,4.0,DIVORCED,3.0,0,5,1,0.0,VP,33789.0
200919,0,59.0,SELFENQUIRY,1,24.0,SMALLBUSINESS,MALE,3,3.0,STANDARD,3.0,UNMARRIED,7.0,0,3,1,1.0,SENIORMANAGER,25512.0
200921,0,28.0,COMPANYINVITED,1,6.0,SMALLBUSINESS,MALE,2,3.0,BASIC,3.0,SINGLE,1.0,1,4,0,0.0,EXECUTIVE,17154.0
200922,0,44.0,SELFENQUIRY,1,10.0,SALARIED,MALE,3,1.0,KING,5.0,MARRIED,2.0,0,5,1,2.0,VP,34190.0
200925,0,42.0,SELFENQUIRY,1,13.0,SMALLBUSINESS,FEMALE,3,1.0,DELUXE,4.0,DIVORCED,7.0,1,1,0,0.0,MANAGER,17372.0
200926,0,43.0,SELFENQUIRY,3,10.0,SMALLBUSINESS,FEMALE,2,4.0,STANDARD,3.0,UNMARRIED,4.0,0,3,1,0.0,SENIORMANAGER,25231.0
200927,0,36.0,SELFENQUIRY,1,8.0,SALARIED,FEMALE,2,3.0,DELUXE,4.0,SINGLE,1.0,1,3,1,0.0,MANAGER,20410.0
200928,1,44.0,SELFENQUIRY,1,21.0,SMALLBUSINESS,FEMALE,3,3.0,STANDARD,3.0,DIVORCED,2.0,0,3,0,1.0,SENIORMANAGER,22978.0
200930,0,51.0,COMPANYINVITED,1,12.0,SMALLBUSINESS,FEMALE,2,4.0,BASIC,3.0,SINGLE,1.0,0,5,1,1.0,EXECUTIVE,17838.0
200932,1,29.0,SELFENQUIRY,1,13.0,LARGEBUSINESS,FEMALE,2,3.0,BASIC,3.0,MARRIED,4.0,1,4,1,1.0,EXECUTIVE,18339.0
200933,0,28.0,SELFENQUIRY,1,6.0,LARGEBUSINESS,MALE,2,3.0,BASIC,5.0,SINGLE,3.0,0,4,0,0.0,EXECUTIVE,17080.0
200934,0,25.0,SELFENQUIRY,1,6.0,SMALLBUSINESS,FEMALE,2,3.0,BASIC,4.0,SINGLE,2.0,0,3,1,0.0,EXECUTIVE,17096.0
200935,0,32.0,SELFENQUIRY,3,14.0,SMALLBUSINESS,MALE,2,1.0,DELUXE,3.0,DIVORCED,2.0,0,5,0,0.0,MANAGER,21209.0
200936,0,45.0,COMPANYINVITED,1,31.0,SMALLBUSINESS,FEMALE,2,3.0,KING,4.0,SINGLE,4.0,0,4,1,1.0,VP,33061.0
200937,0,39.0,SELFENQUIRY,1,19.0,SMALLBUSINESS,FEMALE,3,4.0,SUPERDELUXE,4.0,MARRIED,7.0,1,3,1,2.0,AVP,32123.0
200938,0,58.0,SELFENQUIRY,1,29.0,SALARIED,MALE,2,3.0,BASIC,3.0,MARRIED,2.0,0,3,1,1.0,EXECUTIVE,17372.0
200942,0,36.0,SELFENQUIRY,1,16.0,LARGEBUSINESS,FEMALE,3,3.0,STANDARD,3.0,DIVORCED,4.0,0,3,0,2.0,SENIORMANAGER,22094.0
200944,0,28.0,COMPANYINVITED,1,6.0,SALARIED,FEMALE,2,5.0,DELUXE,3.0,DIVORCED,1.0,0,3,1,0.0,MANAGER,21674.0
200945,0,50.0,SELFENQUIRY,1,34.0,SALARIED,FEMALE,2,3.0,SUPERDELUXE,5.0,DIVORCED,5.0,1,5,0,0.0,AVP,31880.0
200946,1,40.0,SELFENQUIRY,3,31.0,SMALLBUSINESS,MALE,2,4.0,STANDARD,4.0,UNMARRIED,3.0,1,5,0,1.0,SENIORMANAGER,24094.0
200947,1,52.0,SELFENQUIRY,3,11.0,SALARIED,MALE,3,3.0,STANDARD,4.0,UNMARRIED,1.0,1,4,1,1.0,SENIORMANAGER,23446.0
200948,0,30.0,SELFENQUIRY,1,23.0,SMALLBUSINESS,FEMALE,3,3.0,STANDARD,5.0,DIVORCED,2.0,1,4,0,2.0,SENIORMANAGER,26916.0
200950,0,31.0,COMPANYINVITED,3,8.0,SALARIED,FEMALE,2,3.0,STANDARD,3.0,MARRIED,2.0,1,1,1,0.0,SENIORMANAGER,24852.0
200951,0,41.0,COMPANYINVITED,3,16.0,SMALLBUSINESS,MALE,2,5.0,DELUXE,4.0,SINGLE,2.0,0,1,1,0.0,MANAGER,21151.0
200952,1,31.0,COMPANYINVITED,3,6.0,SALARIED,FEMALE,2,3.0,BASIC,4.0,SINGLE,2.0,1,5,1,1.0,EXECUTIVE,17302.0
200953,1,44.0,SELFENQUIRY,1,9.0,SALARIED,MALE,2,3.0,BASIC,5.0,DIVORCED,5.0,0,5,1,1.0,EXECUTIVE,17362.0
200954,0,42.0,COMPANYINVITED,1,8.0,SALARIED,MALE,2,3.0,SUPERDELUXE,3.0,DIVORCED,1.0,1,4,0,1.0,AVP,32861.0
200955,0,55.0,SELFENQUIRY,1,8.0,SMALLBUSINESS,FEMALE,2,5.0,KING,3.0,DIVORCED,5.0,0,4,1,1.0,VP,34187.0
200958,0,34.0,SELFENQUIRY,1,15.0,SALARIED,MALE,2,3.0,STANDARD,3.0,MARRIED,1.0,0,5,1,1.0,SENIORMANAGER,23500.0
200962,0,51.0,SELFENQUIRY,2,11.0,SALARIED,MALE,2,3.0,SUPERDELUXE,4.0,MARRIED,2.0,1,3,1,1.0,AVP,29026.0
200963,0,38.0,SELFENQUIRY,3,8.0,SALARIED,FEMALE,2,3.0,DELUXE,5.0,MARRIED,4.0,0,4,0,1.0,MANAGER,21893.0
200964,0,34.0,SELFENQUIRY,3,21.0,SMALLBUSINESS,FEMALE,3,3.0,DELUXE,5.0,SINGLE,2.0,0,1,1,2.0,MANAGER,21125.0
200966,1,58.0,SELFENQUIRY,1,13.0,SMALLBUSINESS,FEMALE,2,4.0,STANDARD,5.0,DIVORCED,1.0,1,4,1,0.0,SENIORMANAGER,25008.0
200967,0,40.0,SELFENQUIRY,1,6.0,SALARIED,MALE,2,3.0,BASIC,4.0,DIVORCED,4.0,0,1,1,1.0,EXECUTIVE,17387.0
200969,0,48.0,SELFENQUIRY,1,10.0,SALARIED,MALE,2,3.0,STANDARD,3.0,UNMARRIED,2.0,0,5,1,1.0,SENIORMANAGER,22898.0
200970,0,27.0,SELFENQUIRY,3,17.0,SMALLBUSINESS,FEMALE,3,1.0,BASIC,3.0,DIVORCED,1.0,0,3,1,1.0,EXECUTIVE,17534.0
200971,0,51.0,SELFENQUIRY,1,17.0,LARGEBUSINESS,FEMALE,2,4.0,SUPERDELUXE,4.0,UNMARRIED,4.0,0,1,0,1.0,AVP,28142.0
200972,0,18.0,COMPANYINVITED,1,6.0,SALARIED,FEMALE,3,3.0,BASIC,3.0,SINGLE,2.0,0,5,1,1.0,EXECUTIVE,16611.0
200973,0,35.0,SELFENQUIRY,1,6.0,SMALLBUSINESS,FEMALE,2,4.0,DELUXE,3.0,DIVORCED,1.0,0,1,1,1.0,MANAGER,20363.0
200974,0,27.0,COMPANYINVITED,3,8.0,SALARIED,MALE,2,5.0,DELUXE,3.0,SINGLE,4.0,0,4,1,1.0,MANAGER,20071.0
200975,1,55.0,SELFENQUIRY,3,19.0,SMALLBUSINESS,MALE,2,1.0,SUPERDELUXE,3.0,SINGLE,7.0,1,3,1,1.0,AVP,28695.0
200976,0,56.0,SELFENQUIRY,1,29.0,SALARIED,MALE,3,3.0,SUPERDELUXE,4.0,DIVORCED,5.0,1,4,1,2.0,AVP,28402.0
200977,0,34.0,COMPANYINVITED,1,32.0,LARGEBUSINESS,FEMALE,3,4.0,BASIC,3.0,MARRIED,2.0,0,1,1,0.0,EXECUTIVE,17029.0
200978,0,40.0,SELFENQUIRY,1,8.0,SMALLBUSINESS,FEMALE,2,1.0,DELUXE,3.0,MARRIED,6.0,0,3,1,0.0,MANAGER,21377.0
200979,0,34.0,SELFENQUIRY,1,35.0,SMALLBUSINESS,MALE,2,3.0,DELUXE,3.0,DIVORCED,5.0,0,3,0,0.0,MANAGER,20429.0
200980,1,31.0,COMPANYINVITED,3,8.0,SALARIED,FEMALE,2,4.0,BASIC,3.0,SINGLE,1.0,0,5,0,1.0,EXECUTIVE,17785.0
200982,0,38.0,COMPANYINVITED,1,13.0,SALARIED,MALE,2,1.0,BASIC,3.0,MARRIED,2.0,0,3,0,0.0,EXECUTIVE,17610.0
200983,0,34.0,SELFENQUIRY,1,8.0,LARGEBUSINESS,FEMALE,3,3.0,DELUXE,3.0,UNMARRIED,2.0,0,5,1,1.0,MANAGER,21687.0
200985,1,31.0,SELFENQUIRY,1,28.0,SMALLBUSINESS,MALE,3,3.0,DELUXE,3.0,DIVORCED,2.0,1,5,1,0.0,MANAGER,21179.0
200986,0,39.0,SELFENQUIRY,3,27.0,SALARIED,MALE,2,4.0,DELUXE,3.0,DIVORCED,4.0,1,1,0,1.0,MANAGER,21120.0
200987,0,51.0,COMPANYINVITED,3,8.0,SMALLBUSINESS,MALE,2,3.0,STANDARD,4.0,DIVORCED,3.0,0,4,0,0.0,SENIORMANAGER,25596.0
200988,0,41.0,COMPANYINVITED,1,28.0,SALARIED,FEMALE,3,3.0,DELUXE,3.0,MARRIED,4.0,1,5,0,0.0,MANAGER,20467.0
200989,0,37.0,SELFENQUIRY,1,10.0,SALARIED,MALE,2,3.0,BASIC,3.0,DIVORCED,1.0,1,5,1,1.0,EXECUTIVE,17996.0
200990,0,33.0,COMPANYINVITED,3,11.0,SALARIED,MALE,3,3.0,DELUXE,3.0,DIVORCED,7.0,0,1,1,2.0,MANAGER,24998.0
200992,0,39.0,COMPANYINVITED,1,31.0,SALARIED,MALE,3,3.0,STANDARD,3.0,DIVORCED,4.0,0,1,0,0.0,SENIORMANAGER,25920.0
200993,0,25.0,SELFENQUIRY,3,24.0,SALARIED,MALE,3,1.0,DELUXE,3.0,DIVORCED,3.0,0,1,0,0.0,MANAGER,21232.0
200994,0,52.0,COMPANYINVITED,1,34.0,SMALLBUSINESS,FEMALE,2,1.0,SUPERDELUXE,3.0,DIVORCED,3.0,1,4,0,0.0,AVP,28247.0
200996,0,27.0,SELFENQUIRY,3,16.0,SMALLBUSINESS,FEMALE,3,4.0,DELUXE,3.0,DIVORCED,2.0,1,3,1,2.0,MANAGER,20769.0
200997,1,27.0,SELFENQUIRY,1,23.0,SALARIED,FEMALE,2,3.0,BASIC,3.0,SINGLE,2.0,1,5,1,0.0,EXECUTIVE,17394.0
200999,0,42.0,SELFENQUIRY,2,16.0,SALARIED,FEMALE,2,3.0,SUPERDELUXE,5.0,DIVORCED,1.0,0,3,0,1.0,AVP,31799.0
201000,0,52.0,SELFENQUIRY,1,14.0,SALARIED,FEMALE,2,3.0,BASIC,5.0,DIVORCED,1.0,0,1,1,1.0,EXECUTIVE,17950.0
201002,0,35.0,COMPANYINVITED,1,24.0,SALARIED,MALE,2,3.0,STANDARD,3.0,UNMARRIED,3.0,0,3,0,0.0,SENIORMANAGER,24362.0
201003,0,25.0,SELFENQUIRY,1,6.0,LARGEBUSINESS,MALE,2,3.0,BASIC,3.0,DIVORCED,5.0,0,5,1,1.0,EXECUTIVE,18229.0
201005,0,29.0,SELFENQUIRY,2,23.0,SALARIED,MALE,2,4.0,STANDARD,5.0,UNMARRIED,2.0,0,3,0,0.0,SENIORMANAGER,22988.0
201007,1,29.0,COMPANYINVITED,1,20.0,SALARIED,FEMALE,2,3.0,STANDARD,3.0,UNMARRIED,1.0,1,5,1,0.0,SENIORMANAGER,22553.0
201008,0,54.0,SELFENQUIRY,1,6.0,SMALLBUSINESS,FEMALE,2,3.0,SUPERDELUXE,3.0,SINGLE,7.0,0,4,1,1.0,AVP,32328.0
201010,0,55.0,SELFENQUIRY,1,6.0,SMALLBUSINESS,MALE,2,1.0,SUPERDELUXE,3.0,MARRIED,3.0,0,5,1,0.0,AVP,29732.0
201011,0,36.0,SELFENQUIRY,3,9.0,SMALLBUSINESS,FEMALE,2,3.0,DELUXE,4.0,UNMARRIED,4.0,1,4,0,1.0,MANAGER,24278.0
201012,1,31.0,COMPANYINVITED,3,6.0,SALARIED,FEMALE,2,5.0,BASIC,3.0,SINGLE,2.0,0,3,1,1.0,EXECUTIVE,16359.0
201014,0,31.0,SELFENQUIRY,1,14.0,SALARIED,FEMALE,3,3.0,SUPERDELUXE,4.0,SINGLE,4.0,0,1,1,0.0,AVP,31422.0
201015,0,34.0,COMPANYINVITED,1,6.0,SALARIED,MALE,3,3.0,BASIC,5.0,MARRIED,6.0,0,1,1,2.0,EXECUTIVE,17996.0
201016,1,31.0,SELFENQUIRY,1,14.0,SALARIED,FEMALE,2,4.0,BASIC,4.0,SINGLE,2.0,0,4,0,1.0,EXECUTIVE,16261.0
201017,0,27.0,SELFENQUIRY,1,17.0,SALARIED,MALE,3,3.0,BASIC,5.0,DIVORCED,1.0,0,5,1,2.0,EXECUTIVE,17099.0
201018,0,36.0,SELFENQUIRY,1,10.0,SALARIED,MALE,2,4.0,DELUXE,3.0,SINGLE,2.0,0,5,1,1.0,MANAGER,20810.0
201019,0,36.0,SELFENQUIRY,3,22.0,SMALLBUSINESS,FEMALE,3,4.0,DELUXE,5.0,DIVORCED,5.0,0,5,1,0.0,MANAGER,20647.0
201023,0,56.0,SELFENQUIRY,1,6.0,SALARIED,FEMALE,2,3.0,BASIC,5.0,DIVORCED,3.0,0,5,1,1.0,EXECUTIVE,17066.0
201024,0,47.0,SELFENQUIRY,1,8.0,SMALLBUSINESS,FEMALE,2,3.0,SUPERDELUXE,3.0,DIVORCED,4.0,0,5,1,0.0,AVP,32169.0
201026,0,32.0,SELFENQUIRY,3,13.0,SMALLBUSINESS,MALE,3,3.0,DELUXE,3.0,DIVORCED,5.0,0,5,1,1.0,MANAGER,24204.0
201027,0,34.0,SELFENQUIRY,1,6.0,SALARIED,FEMALE,2,4.0,BASIC,4.0,DIVORCED,6.0,0,1,1,1.0,EXECUTIVE,18294.0
201028,0,41.0,SELFENQUIRY,1,11.0,SMALLBUSINESS,MALE,2,1.0,BASIC,3.0,DIVORCED,3.0,1,1,1,1.0,EXECUTIVE,17127.0
201030,0,31.0,SELFENQUIRY,3,14.0,SALARIED,MALE,2,3.0,STANDARD,3.0,MARRIED,2.0,0,3,1,0.0,SENIORMANAGER,25793.0
201031,1,46.0,SELFENQUIRY,3,15.0,SMALLBUSINESS,MALE,2,3.0,STANDARD,3.0,MARRIED,5.0,0,3,0,1.0,SENIORMANAGER,25096.0
201033,1,31.0,COMPANYINVITED,1,6.0,SALARIED,FEMALE,3,1.0,STANDARD,4.0,UNMARRIED,2.0,0,3,1,2.0,SENIORMANAGER,22446.0
201034,0,45.0,SELFENQUIRY,1,26.0,SMALLBUSINESS,MALE,3,5.0,STANDARD,5.0,MARRIED,3.0,1,3,0,0.0,SENIORMANAGER,25851.0
201035,0,31.0,SELFENQUIRY,2,14.0,SMALLBUSINESS,FEMALE,3,1.0,BASIC,4.0,SINGLE,1.0,0,1,0,2.0,EXECUTIVE,17109.0
201037,0,45.0,SELFENQUIRY,1,35.0,LARGEBUSINESS,MALE,2,3.0,STANDARD,3.0,DIVORCED,5.0,1,5,1,0.0,SENIORMANAGER,24380.0
201038,0,48.0,SELFENQUIRY,3,13.0,SMALLBUSINESS,MALE,3,3.0,DELUXE,5.0,MARRIED,5.0,0,4,1,1.0,MANAGER,20486.0
201039,1,34.0,SELFENQUIRY,2,15.0,LARGEBUSINESS,FEMALE,2,3.0,BASIC,3.0,DIVORCED,2.0,0,1,1,0.0,EXECUTIVE,17742.0
201040,0,40.0,COMPANYINVITED,1,14.0,SMALLBUSINESS,MALE,2,4.0,STANDARD,4.0,MARRIED,3.0,0,1,1,1.0,SENIORMANAGER,28757.0
201041,0,28.0,SELFENQUIRY,3,11.0,SMALLBUSINESS,MALE,2,3.0,DELUXE,5.0,UNMARRIED,1.0,0,1,1,0.0,MANAGER,23463.0
201042,0,44.0,COMPANYINVITED,1,11.0,SALARIED,MALE,2,4.0,BASIC,3.0,SINGLE,4.0,0,1,0,1.0,EXECUTIVE,18162.0
201043,0,53.0,SELFENQUIRY,1,8.0,SMALLBUSINESS,MALE,2,1.0,SUPERDELUXE,4.0,SINGLE,5.0,0,1,1,0.0,AVP,31598.0
201044,0,49.0,SELFENQUIRY,1,11.0,LARGEBUSINESS,MALE,3,3.0,DELUXE,3.0,DIVORCED,3.0,0,3,0,0.0,MANAGER,21651.0
201045,0,40.0,SELFENQUIRY,1,8.0,SMALLBUSINESS,MALE,3,3.0,BASIC,3.0,MARRIED,3.0,0,1,0,0.0,EXECUTIVE,17345.0
201049,0,30.0,SELFENQUIRY,3,22.0,SALARIED,MALE,3,3.0,DELUXE,3.0,DIVORCED,1.0,0,3,0,2.0,MANAGER,20301.0
201052,0,30.0,COMPANYINVITED,1,13.0,LARGEBUSINESS,MALE,3,3.0,BASIC,3.0,MARRIED,2.0,0,5,0,0.0,EXECUTIVE,16274.0
201053,0,57.0,SELFENQUIRY,1,6.0,SALARIED,MALE,3,1.0,DELUXE,3.0,DIVORCED,1.0,0,3,1,2.0,MANAGER,19900.0
201054,0,49.0,SELFENQUIRY,1,13.0,SALARIED,MALE,2,3.0,STANDARD,4.0,MARRIED,4.0,0,4,0,1.0,SENIORMANAGER,25466.0
201055,0,34.0,COMPANYINVITED,1,21.0,SMALLBUSINESS,MALE,3,3.0,SUPERDELUXE,5.0,MARRIED,1.0,0,4,1,2.0,AVP,32007.0
201056,1,28.0,COMPANYINVITED,3,6.0,LARGEBUSINESS,MALE,3,3.0,BASIC,3.0,DIVORCED,4.0,0,3,1,0.0,EXECUTIVE,17909.0
201057,1,29.0,COMPANYINVITED,3,19.0,LARGEBUSINESS,FEMALE,2,3.0,DELUXE,4.0,SINGLE,6.0,0,3,0,1.0,MANAGER,20765.0
201059,0,35.0,SELFENQUIRY,3,13.0,SALARIED,MALE,3,3.0,BASIC,3.0,DIVORCED,2.0,0,3,1,0.0,EXECUTIVE,17404.0
201060,1,24.0,COMPANYINVITED,1,15.0,SMALLBUSINESS,MALE,2,3.0,BASIC,5.0,SINGLE,3.0,1,3,0,1.0,EXECUTIVE,18172.0
201061,0,24.0,COMPANYINVITED,3,19.0,SALARIED,FEMALE,3,3.0,BASIC,4.0,DIVORCED,2.0,0,1,0,0.0,EXECUTIVE,17033.0
201062,0,44.0,COMPANYINVITED,1,8.0,SMALLBUSINESS,MALE,2,3.0,STANDARD,3.0,UNMARRIED,6.0,1,1,0,1.0,SENIORMANAGER,25209.0
201063,0,29.0,SELFENQUIRY,3,25.0,SALARIED,MALE,3,4.0,DELUXE,3.0,MARRIED,2.0,0,4,1,0.0,MANAGER,23620.0
201064,0,30.0,SELFENQUIRY,2,6.0,SALARIED,MALE,2,3.0,BASIC,3.0,MARRIED,1.0,0,1,0,1.0,EXECUTIVE,17064.0
201068,1,28.0,COMPANYINVITED,1,8.0,SMALLBUSINESS,MALE,2,4.0,BASIC,5.0,SINGLE,1.0,0,4,0,0.0,EXECUTIVE,17561.0
201069,0,28.0,SELFENQUIRY,1,6.0,SALARIED,MALE,3,4.0,BASIC,3.0,MARRIED,2.0,0,4,0,1.0,EXECUTIVE,16563.0
201072,0,29.0,COMPANYINVITED,1,8.0,SALARIED,FEMALE,3,3.0,BASIC,4.0,DIVORCED,1.0,0,5,0,2.0,EXECUTIVE,18180.0
201073,0,28.0,SELFENQUIRY,1,35.0,SALARIED,MALE,3,5.0,DELUXE,4.0,DIVORCED,2.0,0,1,1,2.0,MANAGER,21549.0
201074,0,33.0,SELFENQUIRY,1,14.0,SALARIED,MALE,3,3.0,DELUXE,3.0,UNMARRIED,3.0,1,3,0,2.0,MANAGER,21388.0
201075,0,32.0,SELFENQUIRY,1,16.0,SMALLBUSINESS,MALE,1,3.0,STANDARD,3.0,UNMARRIED,3.0,0,1,0,0.0,SENIORMANAGER,26244.0
201076,0,54.0,COMPANYINVITED,1,17.0,SMALLBUSINESS,FEMALE,2,3.0,SUPERDELUXE,3.0,MARRIED,4.0,0,3,1,0.0,AVP,31032.0
201077,1,29.0,SELFENQUIRY,1,6.0,LARGEBUSINESS,MALE,3,4.0,BASIC,5.0,SINGLE,7.0,0,3,0,2.0,EXECUTIVE,17362.0
201078,0,44.0,SELFENQUIRY,1,34.0,SALARIED,MALE,2,3.0,SUPERDELUXE,5.0,DIVORCED,4.0,0,1,1,0.0,AVP,31328.0
201079,0,39.0,SELFENQUIRY,1,12.0,SALARIED,FEMALE,2,3.0,STANDARD,4.0,UNMARRIED,5.0,0,3,0,1.0,SENIORMANAGER,23376.0
201080,0,46.0,SELFENQUIRY,3,9.0,SALARIED,FEMALE,2,3.0,SUPERDELUXE,4.0,DIVORCED,1.0,0,4,1,0.0,AVP,31606.0
201081,0,35.0,SELFENQUIRY,1,22.0,SALARIED,FEMALE,3,4.0,STANDARD,4.0,UNMARRIED,2.0,0,1,1,2.0,SENIORMANAGER,23606.0
201082,0,23.0,SELFENQUIRY,1,26.0,SALARIED,MALE,3,3.0,DELUXE,3.0,SINGLE,1.0,0,4,1,2.0,MANAGER,17272.0
201083,1,40.0,SELFENQUIRY,1,15.0,SALARIED,MALE,2,3.0,BASIC,5.0,SINGLE,4.0,0,1,1,1.0,EXECUTIVE,17018.0
201084,0,34.0,SELFENQUIRY,3,6.0,LARGEBUSINESS,MALE,3,4.0,STANDARD,3.0,DIVORCED,2.0,1,1,1,1.0,SENIORMANAGER,22083.0
201086,0,50.0,COMPANYINVITED,1,28.0,SMALLBUSINESS,MALE,2,5.0,SUPERDELUXE,3.0,SINGLE,2.0,1,1,1,1.0,AVP,29411.0
201087,0,34.0,SELFENQUIRY,3,13.0,LARGEBUSINESS,MALE,2,3.0,BASIC,3.0,MARRIED,1.0,1,1,0,1.0,EXECUTIVE,17308.0
201090,0,29.0,SELFENQUIRY,1,14.0,SALARIED,FEMALE,2,5.0,DELUXE,5.0,MARRIED,4.0,0,1,0,0.0,MANAGER,24715.0
201092,0,45.0,SELFENQUIRY,1,34.0,LARGEBUSINESS,MALE,3,3.0,BASIC,3.0,MARRIED,5.0,0,3,1,2.0,EXECUTIVE,17132.0
201093,0,42.0,COMPANYINVITED,1,8.0,SALARIED,MALE,2,3.0,STANDARD,3.0,MARRIED,3.0,1,3,1,0.0,SENIORMANAGER,25124.0
201094,0,40.0,SELFENQUIRY,3,15.0,SMALLBUSINESS,MALE,2,3.0,DELUXE,5.0,MARRIED,1.0,0,3,1,1.0,MANAGER,20473.0
201095,0,33.0,SELFENQUIRY,1,34.0,SALARIED,MALE,3,3.0,DELUXE,3.0,MARRIED,2.0,1,1,1,0.0,MANAGER,20207.0
201096,0,40.0,SELFENQUIRY,2,12.0,SMALLBUSINESS,MALE,2,3.0,SUPERDELUXE,3.0,SINGLE,2.0,1,3,1,1.0,AVP,31437.0
201097,0,24.0,SELFENQUIRY,1,27.0,LARGEBUSINESS,MALE,2,4.0,BASIC,5.0,MARRIED,1.0,0,3,0,0.0,EXECUTIVE,17296.0
201099,0,45.0,SELFENQUIRY,1,6.0,LARGEBUSINESS,MALE,3,3.0,STANDARD,4.0,MARRIED,2.0,0,3,1,1.0,SENIORMANAGER,22441.0
201100,0,35.0,SELFENQUIRY,3,34.0,SALARIED,FEMALE,3,4.0,BASIC,3.0,MARRIED,1.0,0,4,1,2.0,EXECUTIVE,17430.0
201101,0,32.0,SELFENQUIRY,1,11.0,SALARIED,FEMALE,3,4.0,DELUXE,4.0,MARRIED,4.0,0,3,1,0.0,MANAGER,20878.0
201102,0,36.0,SELFENQUIRY,3,8.0,SALARIED,MALE,3,3.0,BASIC,3.0,SINGLE,4.0,1,3,0,0.0,EXECUTIVE,17644.0
201103,0,48.0,SELFENQUIRY,3,22.0,SALARIED,FEMALE,3,3.0,DELUXE,3.0,MARRIED,1.0,0,4,1,0.0,MANAGER,21439.0
201104,0,29.0,SELFENQUIRY,1,15.0,SALARIED,MALE,3,1.0,BASIC,3.0,MARRIED,7.0,0,5,1,0.0,EXECUTIVE,17451.0
201105,0,33.0,SELFENQUIRY,3,14.0,SALARIED,MALE,2,3.0,DELUXE,5.0,MARRIED,3.0,0,5,1,0.0,MANAGER,21392.0
201106,1,30.0,SELFENQUIRY,3,6.0,SALARIED,MALE,3,4.0,DELUXE,5.0,MARRIED,2.0,0,4,1,1.0,MANAGER,24714.0
201107,0,38.0,COMPANYINVITED,2,16.0,SALARIED,MALE,3,3.0,DELUXE,3.0,MARRIED,4.0,0,3,0,2.0,MANAGER,21077.0
201108,0,35.0,SELFENQUIRY,1,6.0,SMALLBUSINESS,MALE,3,4.0,BASIC,5.0,SINGLE,2.0,0,1,0,2.0,EXECUTIVE,17450.0
201109,0,30.0,SELFENQUIRY,3,35.0,LARGEBUSINESS,MALE,2,3.0,STANDARD,4.0,MARRIED,4.0,0,4,0,1.0,SENIORMANAGER,24250.0
201110,1,35.0,SELFENQUIRY,1,8.0,SALARIED,FEMALE,3,3.0,BASIC,5.0,MARRIED,2.0,1,1,1,1.0,EXECUTIVE,17074.0
201111,1,53.0,SELFENQUIRY,1,8.0,LARGEBUSINESS,FEMALE,3,4.0,STANDARD,3.0,MARRIED,1.0,0,5,1,2.0,SENIORMANAGER,25169.0
201114,0,48.0,SELFENQUIRY,1,21.0,SALARIED,FEMALE,3,3.0,BASIC,5.0,MARRIED,1.0,0,1,1,0.0,EXECUTIVE,17367.0
201115,0,34.0,SELFENQUIRY,1,13.0,SMALLBUSINESS,MALE,2,3.0,BASIC,3.0,SINGLE,2.0,0,1,0,1.0,EXECUTIVE,17972.0
201116,0,55.0,SELFENQUIRY,3,32.0,SMALLBUSINESS,MALE,2,4.0,KING,3.0,MARRIED,2.0,0,3,1,1.0,VP,34586.0
201117,0,34.0,SELFENQUIRY,1,6.0,SALARIED,MALE,2,3.0,DELUXE,3.0,MARRIED,1.0,0,4,1,0.0,MANAGER,20484.0
201118,0,26.0,SELFENQUIRY,1,9.0,SALARIED,FEMALE,2,3.0,BASIC,3.0,MARRIED,2.0,0,3,1,1.0,EXECUTIVE,17061.0
201119,0,38.0,SELFENQUIRY,3,20.0,SALARIED,MALE,3,3.0,DELUXE,4.0,MARRIED,1.0,0,5,1,2.0,MANAGER,24924.0
201121,0,36.0,SELFENQUIRY,3,6.0,SALARIED,FEMALE,3,3.0,DELUXE,3.0,UNMARRIED,7.0,0,1,1,1.0,MANAGER,21815.0
201123,0,35.0,SELFENQUIRY,1,16.0,SMALLBUSINESS,FEMALE,2,3.0,DELUXE,3.0,SINGLE,4.0,1,1,1,0.0,MANAGER,21142.0
201124,0,39.0,SELFENQUIRY,3,12.0,SMALLBUSINESS,MALE,2,1.0,STANDARD,3.0,MARRIED,3.0,0,4,1,1.0,SENIORMANAGER,23237.0
201125,0,29.0,COMPANYINVITED,1,8.0,SALARIED,MALE,2,3.0,DELUXE,3.0,MARRIED,2.0,0,3,0,0.0,MANAGER,23853.0
201126,0,50.0,SELFENQUIRY,3,5.0,SMALLBUSINESS,MALE,2,3.0,KING,3.0,MARRIED,5.0,1,5,0,1.0,VP,34331.0
201127,0,23.0,SELFENQUIRY,1,16.0,LARGEBUSINESS,MALE,2,1.0,BASIC,3.0,MARRIED,3.0,0,1,1,0.0,EXECUTIVE,17073.0
201128,0,36.0,COMPANYINVITED,1,12.0,SALARIED,MALE,3,1.0,DELUXE,5.0,MARRIED,4.0,1,4,1,1.0,MANAGER,20562.0
201129,0,42.0,SELFENQUIRY,1,15.0,SALARIED,MALE,3,4.0,KING,3.0,SINGLE,1.0,0,1,1,1.0,VP,34613.0
201131,0,34.0,COMPANYINVITED,1,16.0,LARGEBUSINESS,MALE,3,4.0,DELUXE,3.0,MARRIED,2.0,0,4,1,1.0,MANAGER,20063.0
201134,0,35.0,SELFENQUIRY,1,13.0,SALARIED,MALE,3,4.0,BASIC,3.0,MARRIED,2.0,0,3,1,0.0,EXECUTIVE,17690.0
201135,0,46.0,SELFENQUIRY,3,6.0,SALARIED,MALE,2,1.0,SUPERDELUXE,5.0,SINGLE,2.0,0,4,1,1.0,AVP,32567.0
201136,1,28.0,SELFENQUIRY,1,30.0,SMALLBUSINESS,MALE,2,3.0,BASIC,4.0,MARRIED,2.0,1,1,0,0.0,EXECUTIVE,17408.0
201137,0,22.0,COMPANYINVITED,1,32.0,SALARIED,FEMALE,2,4.0,BASIC,3.0,MARRIED,2.0,1,3,0,0.0,EXECUTIVE,17814.0
201138,0,50.0,COMPANYINVITED,1,26.0,SMALLBUSINESS,MALE,2,3.0,SUPERDELUXE,3.0,MARRIED,3.0,1,4,1,1.0,AVP,26245.0
201139,0,32.0,SELFENQUIRY,1,11.0,SALARIED,FEMALE,2,1.0,BASIC,3.0,MARRIED,4.0,0,5,1,1.0,EXECUTIVE,18312.0
201140,0,44.0,SELFENQUIRY,1,13.0,SMALLBUSINESS,FEMALE,2,3.0,KING,3.0,MARRIED,1.0,1,4,1,1.0,VP,34049.0
201141,0,30.0,SELFENQUIRY,1,13.0,SMALLBUSINESS,MALE,2,4.0,BASIC,4.0,MARRIED,2.0,0,5,0,0.0,EXECUTIVE,17141.0
201142,0,45.0,SELFENQUIRY,1,11.0,SMALLBUSINESS,FEMALE,2,5.0,DELUXE,5.0,SINGLE,2.0,1,3,1,0.0,MANAGER,20769.0
201144,0,31.0,COMPANYINVITED,3,8.0,SALARIED,MALE,2,3.0,DELUXE,5.0,SINGLE,1.0,0,1,0,0.0,MANAGER,20332.0
201147,0,49.0,SELFENQUIRY,1,31.0,SALARIED,FEMALE,2,3.0,BASIC,5.0,MARRIED,2.0,0,3,0,0.0,EXECUTIVE,18211.0
201148,0,39.0,SELFENQUIRY,1,16.0,SMALLBUSINESS,MALE,3,3.0,DELUXE,5.0,MARRIED,3.0,0,5,1,2.0,MANAGER,20377.0
201150,0,35.0,SELFENQUIRY,1,24.0,SALARIED,MALE,2,1.0,DELUXE,5.0,MARRIED,2.0,0,3,0,1.0,MANAGER,20208.0
201151,0,28.0,SELFENQUIRY,1,33.0,SMALLBUSINESS,FEMALE,2,5.0,DELUXE,5.0,MARRIED,1.0,0,4,1,0.0,MANAGER,20208.0
201152,0,21.0,SELFENQUIRY,1,11.0,SMALLBUSINESS,MALE,3,3.0,BASIC,3.0,SINGLE,2.0,0,1,1,1.0,EXECUTIVE,18117.0
201153,1,18.0,COMPANYINVITED,3,9.0,SMALLBUSINESS,FEMALE,3,3.0,BASIC,3.0,SINGLE,2.0,1,5,0,1.0,EXECUTIVE,16569.0
201155,0,39.0,SELFENQUIRY,1,9.0,SMALLBUSINESS,MALE,3,4.0,DELUXE,3.0,MARRIED,1.0,0,4,0,2.0,MANAGER,18069.0
201156,0,40.0,SELFENQUIRY,1,21.0,SALARIED,FEMALE,3,4.0,STANDARD,3.0,MARRIED,2.0,0,1,1,1.0,SENIORMANAGER,25435.0
201158,0,37.0,SELFENQUIRY,1,25.0,SALARIED,MALE,2,3.0,DELUXE,3.0,MARRIED,4.0,0,1,0,0.0,MANAGER,20768.0
201160,0,45.0,SELFENQUIRY,1,8.0,SALARIED,FEMALE,2,4.0,DELUXE,3.0,MARRIED,2.0,0,4,1,1.0,MANAGER,20770.0
201161,0,38.0,SELFENQUIRY,1,8.0,SMALLBUSINESS,FEMALE,2,4.0,STANDARD,3.0,MARRIED,4.0,1,5,1,1.0,SENIORMANAGER,22756.0
201162,1,35.0,SELFENQUIRY,3,16.0,SMALLBUSINESS,MALE,2,4.0,STANDARD,5.0,MARRIED,1.0,0,5,1,1.0,SENIORMANAGER,25306.0
201164,0,40.0,SELFENQUIRY,1,22.0,SALARIED,FEMALE,2,3.0,STANDARD,3.0,UNMARRIED,7.0,1,4,1,0.0,SENIORMANAGER,22945.0
201165,0,44.0,COMPANYINVITED,2,6.0,SALARIED,MALE,2,3.0,DELUXE,3.0,MARRIED,5.0,1,5,1,1.0,MANAGER,20743.0
201166,0,48.0,COMPANYINVITED,1,10.0,SMALLBUSINESS,MALE,2,4.0,SUPERDELUXE,3.0,MARRIED,3.0,0,5,1,1.0,AVP,30202.0
201167,1,35.0,SELFENQUIRY,3,21.0,SMALLBUSINESS,MALE,2,5.0,DELUXE,3.0,MARRIED,7.0,1,1,1,1.0,MANAGER,20440.0
201170,0,27.0,COMPANYINVITED,1,8.0,SMALLBUSINESS,MALE,2,3.0,BASIC,3.0,SINGLE,3.0,0,3,0,1.0,EXECUTIVE,17580.0
201171,1,40.0,SELFENQUIRY,1,13.0,SALARIED,MALE,3,3.0,BASIC,5.0,SINGLE,4.0,1,3,0,1.0,EXECUTIVE,17166.0
201172,0,29.0,SELFENQUIRY,3,16.0,SMALLBUSINESS,MALE,2,4.0,DELUXE,3.0,SINGLE,1.0,0,4,1,0.0,MANAGER,20869.0
201173,0,36.0,SELFENQUIRY,1,11.0,SALARIED,FEMALE,2,3.0,STANDARD,5.0,MARRIED,5.0,0,4,1,1.0,SENIORMANAGER,23008.0
201174,0,25.0,COMPANYINVITED,1,8.0,SALARIED,MALE,3,1.0,DELUXE,3.0,MARRIED,2.0,0,1,0,1.0,MANAGER,20206.0
201175,0,39.0,SELFENQUIRY,1,18.0,SMALLBUSINESS,MALE,3,3.0,DELUXE,4.0,MARRIED,5.0,0,3,1,1.0,MANAGER,20295.0
201176,0,49.0,SELFENQUIRY,1,28.0,SALARIED,FEMALE,3,3.0,SUPERDELUXE,4.0,MARRIED,4.0,0,4,0,1.0,AVP,31413.0
201177,0,50.0,SELFENQUIRY,1,23.0,SALARIED,FEMALE,2,4.0,STANDARD,5.0,MARRIED,6.0,0,3,1,0.0,SENIORMANAGER,28269.0
201178,0,20.0,SELFENQUIRY,3,8.0,SMALLBUSINESS,FEMALE,2,3.0,BASIC,3.0,SINGLE,2.0,0,4,0,0.0,EXECUTIVE,17783.0
201179,0,34.0,SELFENQUIRY,1,9.0,SALARIED,FEMALE,3,3.0,DELUXE,4.0,MARRIED,2.0,0,5,1,2.0,MANAGER,20433.0
201180,0,36.0,SELFENQUIRY,1,13.0,SALARIED,MALE,3,3.0,BASIC,4.0,SINGLE,3.0,0,1,0,2.0,EXECUTIVE,17013.0
201181,0,49.0,SELFENQUIRY,1,12.0,SALARIED,FEMALE,2,4.0,SUPERDELUXE,3.0,MARRIED,3.0,1,5,1,0.0,AVP,28966.0
201183,0,36.0,SELFENQUIRY,1,9.0,SALARIED,MALE,3,1.0,DELUXE,5.0,MARRIED,7.0,0,1,1,2.0,MANAGER,21842.0
201184,0,54.0,SELFENQUIRY,1,28.0,SMALLBUSINESS,FEMALE,3,3.0,SUPERDELUXE,3.0,MARRIED,4.0,0,1,1,1.0,AVP,32426.0
201185,0,43.0,SELFENQUIRY,1,21.0,SALARIED,MALE,3,4.0,SUPERDELUXE,3.0,MARRIED,2.0,0,3,1,1.0,AVP,32603.0
201189,0,33.0,SELFENQUIRY,3,8.0,SMALLBUSINESS,MALE,3,3.0,DELUXE,3.0,MARRIED,2.0,0,3,1,1.0,MANAGER,20505.0
201190,0,32.0,SELFENQUIRY,1,8.0,SMALLBUSINESS,MALE,2,3.0,DELUXE,4.0,MARRIED,1.0,0,4,0,1.0,MANAGER,20470.0
201191,0,31.0,SELFENQUIRY,3,11.0,SALARIED,FEMALE,3,3.0,DELUXE,3.0,MARRIED,2.0,0,1,0,2.0,MANAGER,20476.0
201192,0,49.0,SELFENQUIRY,1,22.0,SMALLBUSINESS,FEMALE,3,3.0,BASIC,5.0,MARRIED,5.0,1,1,1,1.0,EXECUTIVE,17587.0
201193,0,38.0,COMPANYINVITED,1,8.0,SMALLBUSINESS,FEMALE,2,4.0,BASIC,4.0,SINGLE,2.0,0,1,1,0.0,EXECUTIVE,17440.0
201194,0,47.0,SELFENQUIRY,3,8.0,SALARIED,FEMALE,2,1.0,SUPERDELUXE,4.0,MARRIED,7.0,0,1,0,0.0,AVP,30972.0
201195,0,49.0,SELFENQUIRY,1,6.0,SALARIED,MALE,2,3.0,SUPERDELUXE,3.0,SINGLE,5.0,0,3,1,0.0,AVP,30379.0
201196,0,41.0,SELFENQUIRY,3,29.0,SALARIED,MALE,3,3.0,STANDARD,3.0,UNMARRIED,4.0,1,3,0,2.0,SENIORMANAGER,22082.0
201197,0,20.0,SELFENQUIRY,3,15.0,SALARIED,MALE,2,3.0,BASIC,5.0,SINGLE,2.0,0,1,0,1.0,EXECUTIVE,17728.0
201198,0,33.0,COMPANYINVITED,3,22.0,SALARIED,FEMALE,2,3.0,DELUXE,3.0,MARRIED,2.0,1,1,0,0.0,MANAGER,20368.0
201199,0,36.0,SELFENQUIRY,1,32.0,SALARIED,MALE,3,3.0,DELUXE,3.0,MARRIED,7.0,0,3,1,0.0,MANAGER,20347.0
201200,0,44.0,SELFENQUIRY,2,6.0,SALARIED,FEMALE,2,3.0,BASIC,3.0,MARRIED,5.0,1,3,1,0.0,EXECUTIVE,18195.0
201202,0,38.0,SELFENQUIRY,1,10.0,SMALLBUSINESS,FEMALE,2,3.0,BASIC,3.0,MARRIED,1.0,0,5,0,0.0,EXECUTIVE,18306.0
201203,0,53.0,SELFENQUIRY,1,30.0,SMALLBUSINESS,MALE,2,1.0,STANDARD,3.0,MARRIED,4.0,0,3,0,1.0,SENIORMANAGER,22005.0
201204,1,48.0,COMPANYINVITED,3,13.0,SMALLBUSINESS,FEMALE,3,3.0,BASIC,3.0,MARRIED,3.0,1,4,1,1.0,EXECUTIVE,17655.0
201205,1,32.0,SELFENQUIRY,1,8.0,SALARIED,MALE,3,3.0,BASIC,4.0,SINGLE,2.0,0,3,1,1.0,EXECUTIVE,16393.0
201206,0,26.0,COMPANYINVITED,1,13.0,SMALLBUSINESS,MALE,3,3.0,BASIC,3.0,SINGLE,2.0,0,4,1,2.0,EXECUTIVE,17570.0
201209,0,60.0,SELFENQUIRY,1,6.0,SMALLBUSINESS,MALE,3,5.0,STANDARD,3.0,MARRIED,4.0,0,5,0,0.0,SENIORMANAGER,25883.0
201210,0,33.0,SELFENQUIRY,1,27.0,SMALLBUSINESS,MALE,3,1.0,BASIC,4.0,MARRIED,2.0,0,1,1,1.0,EXECUTIVE,17028.0
201211,0,37.0,COMPANYINVITED,3,6.0,SMALLBUSINESS,MALE,2,5.0,DELUXE,3.0,MARRIED,2.0,0,1,0,1.0,MANAGER,24525.0
201212,0,34.0,SELFENQUIRY,1,25.0,SALARIED,FEMALE,2,4.0,BASIC,3.0,MARRIED,2.0,0,4,1,1.0,EXECUTIVE,17929.0
201213,1,23.0,SELFENQUIRY,3,13.0,SALARIED,MALE,2,3.0,BASIC,3.0,MARRIED,2.0,1,1,1,0.0,EXECUTIVE,17275.0
201214,0,44.0,SELFENQUIRY,1,8.0,SALARIED,FEMALE,3,1.0,STANDARD,3.0,MARRIED,2.0,1,4,1,0.0,SENIORMANAGER,22879.0
201216,0,43.0,SELFENQUIRY,3,8.0,SMALLBUSINESS,MALE,3,3.0,DELUXE,3.0,MARRIED,2.0,1,3,0,0.0,MANAGER,22847.0
201218,0,41.0,SELFENQUIRY,3,12.0,SMALLBUSINESS,MALE,2,3.0,STANDARD,3.0,UNMARRIED,2.0,0,5,1,0.0,SENIORMANAGER,24241.0
201219,0,29.0,SELFENQUIRY,1,15.0,SMALLBUSINESS,FEMALE,2,3.0,BASIC,3.0,MARRIED,1.0,0,5,1,1.0,EXECUTIVE,17974.0
201221,0,45.0,COMPANYINVITED,1,6.0,SALARIED,MALE,3,4.0,STANDARD,3.0,MARRIED,4.0,0,1,1,2.0,SENIORMANAGER,25748.0
201222,1,24.0,SELFENQUIRY,2,28.0,SALARIED,MALE,2,5.0,BASIC,3.0,MARRIED,2.0,0,1,0,1.0,EXECUTIVE,16555.0
201223,1,47.0,COMPANYINVITED,3,15.0,SALARIED,MALE,2,5.0,SUPERDELUXE,3.0,MARRIED,1.0,0,5,1,1.0,AVP,27936.0
201224,0,26.0,SELFENQUIRY,1,23.0,SMALLBUSINESS,MALE,3,5.0,BASIC,3.0,MARRIED,2.0,0,3,0,2.0,EXECUTIVE,17305.0
201225,0,45.0,SELFENQUIRY,1,34.0,LARGEBUSINESS,FEMALE,2,4.0,SUPERDELUXE,4.0,SINGLE,2.0,0,3,1,0.0,AVP,31704.0
201228,0,41.0,COMPANYINVITED,2,10.0,SALARIED,MALE,2,5.0,DELUXE,4.0,MARRIED,7.0,0,5,0,1.0,MANAGER,21430.0
201229,0,40.0,SELFENQUIRY,1,14.0,SALARIED,FEMALE,3,3.0,DELUXE,5.0,MARRIED,3.0,1,1,0,0.0,MANAGER,21516.0
201231,0,46.0,SELFENQUIRY,1,19.0,SALARIED,MALE,2,3.0,DELUXE,4.0,SINGLE,7.0,0,4,1,0.0,MANAGER,20562.0
201232,0,35.0,SELFENQUIRY,1,33.0,SALARIED,MALE,2,3.0,DELUXE,3.0,MARRIED,3.0,0,5,0,1.0,MANAGER,21883.0
201233,0,30.0,SELFENQUIRY,1,22.0,SALARIED,MALE,2,3.0,BASIC,3.0,MARRIED,2.0,0,1,0,0.0,EXECUTIVE,17862.0
201235,0,46.0,SELFENQUIRY,3,8.0,SALARIED,MALE,3,3.0,STANDARD,3.0,MARRIED,5.0,1,3,0,2.0,SENIORMANAGER,25368.0
201236,1,36.0,SELFENQUIRY,3,19.0,SMALLBUSINESS,MALE,3,4.0,DELUXE,5.0,MARRIED,6.0,1,1,1,0.0,MANAGER,21134.0
201237,1,32.0,SELFENQUIRY,3,6.0,SALARIED,MALE,2,5.0,DELUXE,4.0,UNMARRIED,7.0,0,3,0,1.0,MANAGER,21735.0
201238,0,23.0,SELFENQUIRY,1,10.0,SMALLBUSINESS,FEMALE,2,3.0,BASIC,4.0,SINGLE,2.0,0,3,1,1.0,EXECUTIVE,18295.0
201239,0,31.0,COMPANYINVITED,1,30.0,LARGEBUSINESS,FEMALE,1,3.0,DELUXE,3.0,SINGLE,3.0,0,1,1,0.0,MANAGER,20238.0
201240,0,39.0,COMPANYINVITED,1,6.0,SALARIED,MALE,3,3.0,DELUXE,3.0,MARRIED,2.0,1,5,1,2.0,MANAGER,21472.0
201241,0,32.0,SELFENQUIRY,3,25.0,SALARIED,MALE,3,5.0,STANDARD,3.0,MARRIED,4.0,0,3,1,2.0,SENIORMANAGER,24610.0
201243,0,45.0,SELFENQUIRY,2,10.0,SALARIED,FEMALE,2,5.0,STANDARD,3.0,MARRIED,5.0,0,1,1,1.0,SENIORMANAGER,24756.0
201245,0,24.0,COMPANYINVITED,2,16.0,SMALLBUSINESS,MALE,2,3.0,BASIC,3.0,MARRIED,1.0,0,4,1,1.0,EXECUTIVE,17145.0
201246,1,30.0,COMPANYINVITED,2,14.0,SALARIED,FEMALE,3,4.0,BASIC,3.0,MARRIED,7.0,0,5,1,2.0,EXECUTIVE,17180.0
201247,0,31.0,SELFENQUIRY,3,11.0,LARGEBUSINESS,MALE,2,3.0,DELUXE,3.0,MARRIED,2.0,0,5,0,1.0,MANAGER,23346.0
201249,1,29.0,SELFENQUIRY,3,15.0,SMALLBUSINESS,FEMALE,2,5.0,BASIC,4.0,SINGLE,2.0,0,1,1,1.0,EXECUTIVE,17760.0
201250,0,29.0,COMPANYINVITED,1,6.0,SALARIED,MALE,3,1.0,DELUXE,3.0,UNMARRIED,1.0,1,3,0,1.0,MANAGER,21294.0
201251,0,30.0,SELFENQUIRY,3,21.0,SMALLBUSINESS,MALE,3,4.0,STANDARD,5.0,MARRIED,3.0,0,1,0,2.0,SENIORMANAGER,22140.0
201252,0,34.0,SELFENQUIRY,1,8.0,SMALLBUSINESS,MALE,3,1.0,BASIC,3.0,MARRIED,1.0,1,1,0,1.0,EXECUTIVE,17932.0
201253,0,33.0,COMPANYINVITED,3,8.0,SMALLBUSINESS,FEMALE,3,3.0,DELUXE,4.0,SINGLE,1.0,0,1,0,0.0,MANAGER,20147.0
201255,1,33.0,SELFENQUIRY,3,22.0,SALARIED,FEMALE,3,3.0,STANDARD,5.0,UNMARRIED,3.0,1,5,0,0.0,SENIORMANAGER,23564.0
201256,0,38.0,COMPANYINVITED,1,8.0,SMALLBUSINESS,FEMALE,3,4.0,BASIC,4.0,MARRIED,5.0,0,3,0,0.0,EXECUTIVE,17468.0
201257,1,31.0,SELFENQUIRY,3,22.0,SMALLBUSINESS,MALE,3,3.0,STANDARD,3.0,MARRIED,3.0,0,5,1,0.0,SENIORMANAGER,23161.0
201258,0,29.0,SELFENQUIRY,1,10.0,LARGEBUSINESS,FEMALE,3,4.0,BASIC,5.0,MARRIED,2.0,0,4,0,0.0,EXECUTIVE,17109.0
201259,0,30.0,SELFENQUIRY,1,22.0,SALARIED,MALE,2,1.0,DELUXE,3.0,MARRIED,4.0,0,1,1,0.0,MANAGER,20294.0
201260,0,32.0,COMPANYINVITED,1,11.0,LARGEBUSINESS,MALE,3,3.0,BASIC,4.0,SINGLE,3.0,0,3,1,1.0,EXECUTIVE,17718.0
201261,0,38.0,SELFENQUIRY,1,24.0,SMALLBUSINESS,MALE,2,5.0,DELUXE,3.0,MARRIED,4.0,1,5,0,1.0,MANAGER,20811.0
201262,1,43.0,COMPANYINVITED,1,23.0,LARGEBUSINESS,MALE,2,4.0,BASIC,3.0,MARRIED,1.0,1,5,1,1.0,EXECUTIVE,17437.0
201263,0,42.0,SELFENQUIRY,1,18.0,SMALLBUSINESS,MALE,2,3.0,BASIC,4.0,MARRIED,1.0,0,1,1,1.0,EXECUTIVE,17766.0
201264,0,55.0,SELFENQUIRY,1,8.0,SMALLBUSINESS,MALE,2,4.0,KING,5.0,MARRIED,1.0,0,5,0,1.0,VP,34038.0
201265,0,33.0,COMPANYINVITED,1,10.0,LARGEBUSINESS,MALE,2,3.0,DELUXE,4.0,MARRIED,6.0,0,1,0,0.0,MANAGER,18055.0
201266,0,41.0,SELFENQUIRY,1,15.0,SALARIED,MALE,3,3.0,BASIC,5.0,MARRIED,2.0,0,5,1,1.0,EXECUTIVE,17289.0
201268,0,53.0,COMPANYINVITED,1,6.0,SMALLBUSINESS,FEMALE,2,4.0,SUPERDELUXE,3.0,MARRIED,5.0,1,1,0,0.0,AVP,27965.0
201270,0,34.0,SELFENQUIRY,3,9.0,SALARIED,FEMALE,2,5.0,DELUXE,3.0,SINGLE,6.0,0,1,1,0.0,MANAGER,21029.0
201271,1,21.0,SELFENQUIRY,3,13.0,SMALLBUSINESS,MALE,2,3.0,BASIC,4.0,SINGLE,2.0,0,5,1,1.0,EXECUTIVE,17679.0
201273,1,22.0,SELFENQUIRY,1,14.0,SMALLBUSINESS,FEMALE,3,3.0,BASIC,5.0,MARRIED,2.0,1,3,0,1.0,EXECUTIVE,17398.0
201274,0,31.0,SELFENQUIRY,3,35.0,SMALLBUSINESS,FEMALE,3,4.0,DELUXE,3.0,MARRIED,2.0,0,3,1,0.0,MANAGER,20468.0
201275,0,51.0,SELFENQUIRY,1,9.0,LARGEBUSINESS,FEMALE,2,3.0,STANDARD,3.0,MARRIED,3.0,0,4,1,1.0,SENIORMANAGER,28116.0
201277,0,46.0,SELFENQUIRY,1,8.0,SMALLBUSINESS,MALE,2,3.0,KING,3.0,MARRIED,1.0,1,1,1,1.0,VP,34328.0
201278,0,36.0,SELFENQUIRY,1,16.0,SALARIED,MALE,2,3.0,STANDARD,5.0,MARRIED,1.0,1,5,1,1.0,SENIORMANAGER,23321.0
201279,1,44.0,COMPANYINVITED,1,6.0,SMALLBUSINESS,MALE,2,3.0,BASIC,4.0,MARRIED,2.0,1,3,1,1.0,EXECUTIVE,17342.0
201281,1,35.0,SELFENQUIRY,3,33.0,SALARIED,MALE,2,3.0,DELUXE,3.0,SINGLE,2.0,1,5,0,0.0,MANAGER,20813.0
201282,0,33.0,SELFENQUIRY,1,14.0,SALARIED,MALE,2,1.0,BASIC,5.0,MARRIED,7.0,0,3,1,1.0,EXECUTIVE,18143.0
201283,0,28.0,SELFENQUIRY,1,6.0,SALARIED,MALE,2,3.0,BASIC,3.0,MARRIED,2.0,0,1,0,0.0,EXECUTIVE,17044.0
201284,0,39.0,SELFENQUIRY,1,16.0,SMALLBUSINESS,MALE,3,3.0,STANDARD,3.0,UNMARRIED,1.0,0,3,1,0.0,SENIORMANAGER,28464.0
201285,0,46.0,COMPANYINVITED,3,32.0,SALARIED,MALE,3,4.0,DELUXE,4.0,UNMARRIED,1.0,0,4,1,2.0,MANAGER,22991.0
201287,0,42.0,SELFENQUIRY,1,19.0,SMALLBUSINESS,MALE,3,1.0,DELUXE,5.0,MARRIED,6.0,0,4,1,0.0,MANAGER,20538.0
201288,0,35.0,COMPANYINVITED,1,8.0,SMALLBUSINESS,MALE,2,3.0,DELUXE,3.0,MARRIED,3.0,0,3,0,1.0,MANAGER,20762.0
201289,0,38.0,COMPANYINVITED,2,8.0,SALARIED,MALE,3,3.0,BASIC,4.0,MARRIED,6.0,0,3,1,2.0,EXECUTIVE,17592.0
201290,1,34.0,COMPANYINVITED,1,15.0,SALARIED,MALE,3,3.0,DELUXE,5.0,MARRIED,5.0,0,3,0,1.0,MANAGER,20346.0
201293,0,43.0,COMPANYINVITED,1,15.0,SALARIED,MALE,2,3.0,BASIC,3.0,SINGLE,5.0,0,3,0,1.0,EXECUTIVE,17438.0
201294,0,41.0,SELFENQUIRY,1,11.0,SALARIED,MALE,2,1.0,DELUXE,4.0,UNMARRIED,4.0,0,5,1,0.0,MANAGER,21870.0
201295,0,41.0,SELFENQUIRY,3,10.0,SMALLBUSINESS,FEMALE,2,3.0,STANDARD,3.0,MARRIED,1.0,1,1,0,1.0,SENIORMANAGER,25447.0
201296,0,30.0,SELFENQUIRY,1,16.0,SMALLBUSINESS,FEMALE,3,3.0,STANDARD,3.0,UNMARRIED,1.0,0,4,0,0.0,SENIORMANAGER,24667.0
201297,1,26.0,SELFENQUIRY,2,26.0,SMALLBUSINESS,FEMALE,3,3.0,BASIC,4.0,MARRIED,1.0,1,3,0,1.0,EXECUTIVE,17148.0
201298,1,46.0,SELFENQUIRY,1,27.0,SMALLBUSINESS,FEMALE,3,3.0,DELUXE,4.0,MARRIED,5.0,0,3,1,2.0,MANAGER,23926.0
201299,0,40.0,SELFENQUIRY,1,6.0,SALARIED,FEMALE,2,3.0,DELUXE,3.0,MARRIED,5.0,0,3,0,1.0,MANAGER,21513.0
201300,0,34.0,SELFENQUIRY,3,14.0,LARGEBUSINESS,MALE,3,1.0,DELUXE,3.0,MARRIED,2.0,0,1,0,2.0,MANAGER,21799.0
201301,0,58.0,COMPANYINVITED,3,8.0,SMALLBUSINESS,MALE,2,3.0,SUPERDELUXE,4.0,MARRIED,5.0,0,4,1,0.0,AVP,17705.0
201302,0,35.0,SELFENQUIRY,1,29.0,SMALLBUSINESS,MALE,3,5.0,BASIC,3.0,MARRIED,1.0,0,1,1,0.0,EXECUTIVE,17705.0
201303,0,47.0,SELFENQUIRY,1,10.0,SALARIED,FEMALE,3,4.0,STANDARD,4.0,MARRIED,1.0,1,4,1,2.0,SENIORMANAGER,25333.0
201305,0,54.0,SELFENQUIRY,1,13.0,SMALLBUSINESS,FEMALE,3,3.0,DELUXE,3.0,MARRIED,5.0,0,3,1,1.0,MANAGER,21854.0
201306,0,31.0,COMPANYINVITED,3,13.0,SMALLBUSINESS,FEMALE,3,3.0,STANDARD,5.0,MARRIED,3.0,0,1,1,2.0,SENIORMANAGER,24637.0
201308,0,38.0,SELFENQUIRY,3,8.0,SMALLBUSINESS,FEMALE,3,5.0,DELUXE,3.0,MARRIED,3.0,1,3,0,0.0,MANAGER,20405.0
201310,0,58.0,COMPANYINVITED,1,21.0,SALARIED,MALE,2,3.0,SUPERDELUXE,3.0,MARRIED,3.0,1,1,1,0.0,AVP,30787.0
201311,0,18.0,COMPANYINVITED,1,20.0,SMALLBUSINESS,FEMALE,2,3.0,BASIC,3.0,SINGLE,2.0,0,5,1,0.0,EXECUTIVE,16514.0
201312,1,31.0,SELFENQUIRY,2,24.0,SALARIED,MALE,2,1.0,BASIC,5.0,MARRIED,1.0,0,1,1,0.0,EXECUTIVE,17956.0
201313,1,29.0,SELFENQUIRY,2,19.0,SALARIED,MALE,2,4.0,BASIC,5.0,MARRIED,5.0,1,5,1,1.0,EXECUTIVE,17335.0
201314,0,45.0,COMPANYINVITED,3,8.0,SALARIED,FEMALE,3,3.0,DELUXE,3.0,MARRIED,5.0,0,1,1,2.0,MANAGER,20154.0
201315,0,36.0,SELFENQUIRY,1,8.0,SALARIED,FEMALE,3,3.0,DELUXE,4.0,MARRIED,5.0,1,4,0,0.0,MANAGER,21962.0
201316,0,43.0,COMPANYINVITED,3,8.0,SALARIED,MALE,3,3.0,DELUXE,3.0,MARRIED,2.0,0,3,1,2.0,MANAGER,20675.0
201317,0,27.0,COMPANYINVITED,1,11.0,SALARIED,FEMALE,2,3.0,BASIC,3.0,SINGLE,1.0,1,1,1,1.0,EXECUTIVE,17379.0
201320,0,42.0,COMPANYINVITED,1,16.0,LARGEBUSINESS,MALE,2,3.0,BASIC,3.0,MARRIED,4.0,0,4,1,0.0,EXECUTIVE,17936.0
201321,0,47.0,SELFENQUIRY,1,15.0,SALARIED,FEMALE,3,3.0,BASIC,3.0,SINGLE,5.0,0,3,1,0.0,EXECUTIVE,17105.0
201322,0,46.0,SELFENQUIRY,1,8.0,SALARIED,MALE,2,3.0,STANDARD,3.0,MARRIED,4.0,0,1,1,1.0,SENIORMANAGER,23578.0
201323,0,28.0,COMPANYINVITED,2,6.0,SALARIED,MALE,2,3.0,BASIC,3.0,MARRIED,2.0,0,4,0,1.0,EXECUTIVE,17706.0
201324,0,29.0,SELFENQUIRY,1,35.0,SALARIED,MALE,3,5.0,DELUXE,3.0,MARRIED,1.0,0,5,1,2.0,MANAGER,21384.0
201326,1,32.0,SELFENQUIRY,3,8.0,SMALLBUSINESS,MALE,2,4.0,DELUXE,4.0,UNMARRIED,1.0,1,1,1,0.0,MANAGER,24907.0
201327,0,46.0,SELFENQUIRY,3,9.0,LARGEBUSINESS,FEMALE,2,1.0,SUPERDELUXE,5.0,MARRIED,3.0,0,3,1,0.0,AVP,28225.0
201329,0,29.0,SELFENQUIRY,2,12.0,SMALLBUSINESS,MALE,2,4.0,BASIC,4.0,MARRIED,2.0,0,3,1,1.0,EXECUTIVE,17804.0
201330,0,43.0,SELFENQUIRY,1,12.0,SMALLBUSINESS,FEMALE,2,4.0,KING,3.0,MARRIED,1.0,0,3,1,1.0,VP,34392.0
201332,1,29.0,COMPANYINVITED,1,30.0,SALARIED,MALE,3,4.0,BASIC,3.0,SINGLE,2.0,1,3,1,2.0,EXECUTIVE,17439.0
201333,1,46.0,SELFENQUIRY,3,16.0,SALARIED,FEMALE,3,3.0,STANDARD,4.0,MARRIED,6.0,0,1,0,2.0,SENIORMANAGER,22314.0
201336,0,55.0,SELFENQUIRY,1,8.0,LARGEBUSINESS,MALE,3,4.0,BASIC,3.0,MARRIED,1.0,0,5,0,0.0,EXECUTIVE,17662.0
201337,0,28.0,SELFENQUIRY,3,9.0,SMALLBUSINESS,FEMALE,3,3.0,BASIC,4.0,MARRIED,2.0,0,1,1,0.0,EXECUTIVE,17856.0
201338,1,30.0,SELFENQUIRY,3,15.0,SMALLBUSINESS,MALE,2,3.0,BASIC,3.0,SINGLE,2.0,0,5,0,0.0,EXECUTIVE,16081.0
201339,1,22.0,SELFENQUIRY,1,13.0,SALARIED,MALE,3,3.0,BASIC,4.0,SINGLE,2.0,1,3,1,0.0,EXECUTIVE,17472.0
201340,0,36.0,SELFENQUIRY,3,16.0,LARGEBUSINESS,FEMALE,3,4.0,DELUXE,3.0,MARRIED,2.0,1,1,1,2.0,MANAGER,20673.0
201342,0,34.0,SELFENQUIRY,3,10.0,SALARIED,MALE,3,3.0,STANDARD,3.0,MARRIED,3.0,1,4,0,2.0,SENIORMANAGER,24713.0
201343,0,29.0,SELFENQUIRY,1,13.0,SALARIED,MALE,2,3.0,BASIC,5.0,SINGLE,4.0,0,4,0,0.0,EXECUTIVE,17062.0
201346,0,45.0,SELFENQUIRY,1,31.0,SALARIED,FEMALE,3,4.0,DELUXE,3.0,MARRIED,1.0,0,4,0,0.0,MANAGER,20906.0
201348,0,40.0,SELFENQUIRY,1,6.0,SALARIED,MALE,3,3.0,SUPERDELUXE,5.0,MARRIED,3.0,0,3,1,2.0,AVP,31823.0
201349,0,26.0,SELFENQUIRY,1,6.0,SALARIED,FEMALE,2,4.0,BASIC,3.0,MARRIED,2.0,1,4,0,0.0,EXECUTIVE,17933.0
201350,0,27.0,SELFENQUIRY,3,8.0,SMALLBUSINESS,FEMALE,2,1.0,DELUXE,3.0,UNMARRIED,1.0,0,1,0,1.0,MANAGER,21500.0
201351,0,48.0,COMPANYINVITED,1,28.0,SMALLBUSINESS,FEMALE,2,3.0,SUPERDELUXE,3.0,MARRIED,4.0,0,5,0,0.0,AVP,32174.0
201353,1,34.0,COMPANYINVITED,1,22.0,LARGEBUSINESS,MALE,2,5.0,BASIC,5.0,MARRIED,2.0,1,3,1,0.0,EXECUTIVE,17307.0
201354,1,56.0,SELFENQUIRY,1,30.0,SALARIED,MALE,3,3.0,BASIC,3.0,SINGLE,2.0,0,3,0,0.0,EXECUTIVE,17587.0
201355,0,36.0,SELFENQUIRY,3,23.0,SMALLBUSINESS,MALE,2,4.0,DELUXE,4.0,MARRIED,3.0,0,4,1,0.0,MANAGER,20507.0
201357,0,42.0,SELFENQUIRY,1,12.0,SMALLBUSINESS,MALE,2,3.0,STANDARD,5.0,MARRIED,1.0,0,3,1,0.0,SENIORMANAGER,28348.0
201358,0,31.0,SELFENQUIRY,3,16.0,SMALLBUSINESS,FEMALE,2,3.0,DELUXE,3.0,MARRIED,3.0,1,1,0,0.0,MANAGER,21583.0
201359,0,34.0,SELFENQUIRY,3,9.0,SMALLBUSINESS,FEMALE,3,4.0,DELUXE,3.0,MARRIED,4.0,1,3,0,0.0,MANAGER,23103.0
201361,0,26.0,COMPANYINVITED,1,12.0,SALARIED,MALE,3,1.0,BASIC,3.0,MARRIED,1.0,0,4,1,1.0,EXECUTIVE,17544.0
201362,0,45.0,COMPANYINVITED,1,6.0,SMALLBUSINESS,MALE,2,3.0,DELUXE,3.0,SINGLE,5.0,0,1,1,1.0,MANAGER,20399.0
201363,0,33.0,SELFENQUIRY,3,16.0,SMALLBUSINESS,MALE,2,3.0,DELUXE,3.0,SINGLE,2.0,0,1,0,0.0,MANAGER,20487.0
201364,0,28.0,COMPANYINVITED,3,6.0,SALARIED,MALE,2,4.0,DELUXE,3.0,MARRIED,2.0,1,1,0,0.0,MANAGER,21834.0
201365,1,29.0,COMPANYINVITED,3,30.0,LARGEBUSINESS,MALE,2,1.0,BASIC,5.0,SINGLE,2.0,0,3,1,1.0,EXECUTIVE,16091.0
201366,0,39.0,COMPANYINVITED,3,27.0,SALARIED,FEMALE,2,5.0,DELUXE,3.0,MARRIED,7.0,0,5,0,0.0,MANAGER,20736.0
201367,0,27.0,SELFENQUIRY,1,8.0,LARGEBUSINESS,MALE,2,3.0,BASIC,4.0,MARRIED,2.0,0,4,1,1.0,EXECUTIVE,17226.0
201368,0,34.0,COMPANYINVITED,1,28.0,SALARIED,MALE,2,4.0,DELUXE,3.0,MARRIED,2.0,1,1,1,0.0,MANAGER,20747.0
201369,1,28.0,SELFENQUIRY,3,19.0,SMALLBUSINESS,FEMALE,2,3.0,DELUXE,3.0,UNMARRIED,4.0,1,5,1,1.0,MANAGER,24854.0
201370,0,47.0,COMPANYINVITED,1,20.0,LARGEBUSINESS,MALE,3,3.0,DELUXE,4.0,MARRIED,1.0,0,3,0,2.0,MANAGER,20467.0
201371,0,56.0,SELFENQUIRY,3,17.0,SMALLBUSINESS,FEMALE,2,4.0,DELUXE,5.0,MARRIED,5.0,0,5,0,1.0,MANAGER,20380.0
201372,0,39.0,SELFENQUIRY,1,15.0,SMALLBUSINESS,MALE,2,3.0,DELUXE,5.0,MARRIED,2.0,0,4,1,0.0,MANAGER,20151.0
201373,0,38.0,COMPANYINVITED,1,14.0,SMALLBUSINESS,FEMALE,2,4.0,DELUXE,4.0,MARRIED,2.0,1,1,1,0.0,MANAGER,17133.0
201374,0,58.0,SELFENQUIRY,3,27.0,SALARIED,FEMALE,3,3.0,SUPERDELUXE,3.0,MARRIED,5.0,1,5,1,0.0,AVP,32875.0
201375,1,32.0,COMPANYINVITED,1,11.0,SALARIED,FEMALE,2,1.0,BASIC,3.0,SINGLE,4.0,1,1,0,1.0,EXECUTIVE,17432.0
201377,0,49.0,COMPANYINVITED,1,8.0,SALARIED,MALE,2,3.0,KING,3.0,MARRIED,4.0,0,3,1,0.0,VP,34161.0
201378,0,42.0,SELFENQUIRY,3,18.0,SMALLBUSINESS,MALE,3,3.0,DELUXE,3.0,MARRIED,4.0,1,1,0,0.0,MANAGER,20087.0
201379,1,27.0,COMPANYINVITED,2,28.0,SALARIED,FEMALE,2,4.0,BASIC,4.0,MARRIED,2.0,0,1,1,0.0,EXECUTIVE,17863.0
201380,0,35.0,SELFENQUIRY,3,24.0,SMALLBUSINESS,MALE,3,3.0,DELUXE,5.0,MARRIED,1.0,0,3,0,0.0,MANAGER,17144.0
201381,0,28.0,COMPANYINVITED,1,22.0,SMALLBUSINESS,MALE,2,3.0,BASIC,3.0,SINGLE,2.0,0,3,0,0.0,EXECUTIVE,17144.0
201382,0,31.0,COMPANYINVITED,1,9.0,SMALLBUSINESS,MALE,2,3.0,BASIC,5.0,MARRIED,2.0,1,1,0,0.0,EXECUTIVE,18065.0
201383,0,36.0,COMPANYINVITED,1,15.0,SALARIED,MALE,3,1.0,BASIC,4.0,MARRIED,2.0,0,5,1,0.0,EXECUTIVE,17810.0
201384,0,34.0,SELFENQUIRY,3,6.0,SMALLBUSINESS,MALE,2,3.0,STANDARD,3.0,UNMARRIED,2.0,0,5,1,0.0,SENIORMANAGER,24888.0
201385,0,34.0,SELFENQUIRY,3,19.0,SMALLBUSINESS,MALE,2,3.0,STANDARD,3.0,MARRIED,2.0,0,1,1,1.0,SENIORMANAGER,23628.0
201386,0,26.0,SELFENQUIRY,1,6.0,SMALLBUSINESS,MALE,3,3.0,BASIC,5.0,SINGLE,1.0,0,5,1,2.0,EXECUTIVE,17867.0
201387,0,29.0,SELFENQUIRY,1,6.0,SALARIED,MALE,2,3.0,DELUXE,5.0,MARRIED,1.0,0,3,1,0.0,MANAGER,20373.0
201388,0,32.0,COMPANYINVITED,1,21.0,SMALLBUSINESS,FEMALE,2,3.0,DELUXE,3.0,MARRIED,6.0,0,3,0,1.0,MANAGER,21667.0
201390,1,28.0,SELFENQUIRY,1,23.0,LARGEBUSINESS,MALE,2,4.0,BASIC,3.0,MARRIED,6.0,0,3,0,1.0,EXECUTIVE,17367.0
201391,0,38.0,SELFENQUIRY,3,6.0,SALARIED,MALE,2,4.0,BASIC,5.0,SINGLE,5.0,0,3,0,1.0,EXECUTIVE,17858.0
201392,0,35.0,SELFENQUIRY,3,13.0,SALARIED,FEMALE,2,3.0,DELUXE,3.0,MARRIED,2.0,1,4,1,1.0,MANAGER,20204.0
201394,0,32.0,SELFENQUIRY,1,11.0,SALARIED,MALE,2,4.0,DELUXE,3.0,UNMARRIED,1.0,0,1,0,1.0,MANAGER,24679.0
201395,1,31.0,COMPANYINVITED,3,32.0,SMALLBUSINESS,MALE,3,3.0,DELUXE,3.0,MARRIED,2.0,1,3,0,1.0,MANAGER,20617.0
201396,1,53.0,SELFENQUIRY,3,30.0,SALARIED,MALE,3,3.0,STANDARD,5.0,UNMARRIED,7.0,1,3,1,2.0,SENIORMANAGER,25448.0
201397,0,54.0,SELFENQUIRY,1,15.0,SALARIED,FEMALE,3,3.0,DELUXE,3.0,MARRIED,4.0,0,5,0,1.0,MANAGER,17897.0
201398,0,33.0,COMPANYINVITED,1,13.0,SALARIED,MALE,2,3.0,DELUXE,3.0,MARRIED,2.0,0,5,1,1.0,MANAGER,20968.0
201399,0,43.0,SELFENQUIRY,1,17.0,SALARIED,MALE,1,3.0,STANDARD,3.0,MARRIED,2.0,0,1,1,0.0,SENIORMANAGER,22510.0
201400,0,38.0,COMPANYINVITED,2,6.0,SALARIED,MALE,2,3.0,BASIC,4.0,MARRIED,1.0,1,1,1,1.0,EXECUTIVE,17991.0
201402,0,31.0,SELFENQUIRY,1,8.0,SMALLBUSINESS,FEMALE,2,5.0,BASIC,3.0,MARRIED,2.0,1,5,1,0.0,EXECUTIVE,16129.0
201403,0,39.0,SELFENQUIRY,3,21.0,SMALLBUSINESS,MALE,3,3.0,SUPERDELUXE,5.0,UNMARRIED,1.0,0,1,1,2.0,AVP,28341.0
201405,0,31.0,COMPANYINVITED,1,16.0,SMALLBUSINESS,FEMALE,2,3.0,STANDARD,3.0,MARRIED,5.0,0,1,1,1.0,SENIORMANAGER,26031.0
201408,0,23.0,SELFENQUIRY,1,18.0,SALARIED,MALE,3,3.0,BASIC,3.0,SINGLE,2.0,0,5,1,0.0,EXECUTIVE,17647.0
201409,0,40.0,COMPANYINVITED,1,17.0,LARGEBUSINESS,FEMALE,3,3.0,DELUXE,3.0,MARRIED,2.0,0,3,1,1.0,MANAGER,21323.0
201410,0,40.0,SELFENQUIRY,3,8.0,SMALLBUSINESS,FEMALE,3,3.0,DELUXE,4.0,MARRIED,4.0,0,3,1,1.0,MANAGER,20677.0
201411,0,25.0,SELFENQUIRY,2,8.0,SALARIED,FEMALE,2,3.0,BASIC,4.0,MARRIED,5.0,0,4,0,0.0,EXECUTIVE,17187.0
201414,0,47.0,SELFENQUIRY,1,31.0,SMALLBUSINESS,MALE,2,3.0,STANDARD,3.0,UNMARRIED,3.0,0,3,1,0.0,SENIORMANAGER,23633.0
201415,0,33.0,COMPANYINVITED,1,6.0,SMALLBUSINESS,MALE,2,4.0,BASIC,3.0,MARRIED,2.0,0,3,0,0.0,EXECUTIVE,17008.0
201417,0,31.0,SELFENQUIRY,3,8.0,SALARIED,MALE,2,3.0,BASIC,3.0,MARRIED,1.0,0,4,1,0.0,EXECUTIVE,18067.0
201418,0,38.0,COMPANYINVITED,1,12.0,SALARIED,MALE,3,4.0,DELUXE,3.0,MARRIED,3.0,0,4,1,1.0,MANAGER,20321.0
201419,0,42.0,SELFENQUIRY,1,24.0,SALARIED,MALE,2,3.0,DELUXE,5.0,MARRIED,7.0,1,1,0,0.0,MANAGER,20410.0
201420,0,41.0,SELFENQUIRY,1,6.0,SALARIED,MALE,3,3.0,BASIC,3.0,MARRIED,4.0,0,1,0,0.0,EXECUTIVE,17782.0
201421,0,47.0,COMPANYINVITED,1,6.0,SMALLBUSINESS,FEMALE,3,3.0,STANDARD,4.0,MARRIED,1.0,0,5,0,0.0,SENIORMANAGER,26957.0
201422,0,35.0,SELFENQUIRY,1,17.0,SMALLBUSINESS,MALE,2,3.0,BASIC,3.0,MARRIED,1.0,1,5,0,0.0,EXECUTIVE,17660.0
201424,0,35.0,SELFENQUIRY,1,15.0,SMALLBUSINESS,MALE,2,3.0,DELUXE,3.0,SINGLE,2.0,0,4,0,1.0,MANAGER,20098.0
201426,0,32.0,SELFENQUIRY,1,35.0,SALARIED,FEMALE,2,4.0,BASIC,4.0,SINGLE,2.0,0,3,1,0.0,EXECUTIVE,17837.0
201427,0,40.0,SELFENQUIRY,1,6.0,SALARIED,MALE,2,3.0,BASIC,3.0,MARRIED,1.0,0,1,0,0.0,EXECUTIVE,17406.0
201428,0,32.0,SELFENQUIRY,3,6.0,SMALLBUSINESS,MALE,3,4.0,BASIC,4.0,MARRIED,1.0,0,1,0,2.0,EXECUTIVE,17269.0
201430,0,38.0,SELFENQUIRY,1,16.0,SMALLBUSINESS,FEMALE,2,5.0,STANDARD,3.0,MARRIED,4.0,0,1,1,1.0,SENIORMANAGER,28206.0
201431,0,32.0,SELFENQUIRY,3,6.0,SMALLBUSINESS,FEMALE,2,3.0,STANDARD,3.0,MARRIED,2.0,0,5,1,0.0,SENIORMANAGER,25422.0
201432,0,37.0,SELFENQUIRY,1,16.0,SALARIED,FEMALE,2,1.0,STANDARD,3.0,MARRIED,2.0,1,1,0,1.0,SENIORMANAGER,28744.0
201433,0,25.0,SELFENQUIRY,3,14.0,SALARIED,FEMALE,2,3.0,DELUXE,3.0,MARRIED,1.0,1,1,1,1.0,MANAGER,19907.0
201435,0,44.0,SELFENQUIRY,1,6.0,SMALLBUSINESS,MALE,2,3.0,BASIC,3.0,SINGLE,7.0,1,4,0,1.0,EXECUTIVE,17436.0
201436,0,21.0,SELFENQUIRY,3,11.0,SMALLBUSINESS,MALE,2,3.0,BASIC,5.0,SINGLE,2.0,1,1,1,0.0,EXECUTIVE,17380.0
201437,0,39.0,COMPANYINVITED,1,15.0,SALARIED,MALE,2,3.0,KING,3.0,SINGLE,3.0,0,4,0,1.0,VP,34431.0
201438,1,23.0,COMPANYINVITED,3,15.0,SMALLBUSINESS,MALE,2,3.0,BASIC,5.0,MARRIED,2.0,0,5,1,0.0,EXECUTIVE,16790.0
201439,0,36.0,SELFENQUIRY,3,9.0,SMALLBUSINESS,FEMALE,3,4.0,STANDARD,3.0,MARRIED,1.0,0,3,1,0.0,SENIORMANAGER,22644.0
201440,0,36.0,COMPANYINVITED,1,10.0,SALARIED,FEMALE,3,3.0,DELUXE,4.0,MARRIED,1.0,0,3,1,1.0,MANAGER,20131.0
201441,0,56.0,COMPANYINVITED,1,6.0,SALARIED,MALE,2,3.0,DELUXE,3.0,MARRIED,2.0,0,3,0,0.0,MANAGER,21306.0
201443,0,42.0,SELFENQUIRY,1,8.0,SALARIED,MALE,2,3.0,KING,3.0,MARRIED,6.0,0,3,1,1.0,VP,33880.0
201444,1,56.0,SELFENQUIRY,1,13.0,LARGEBUSINESS,MALE,3,3.0,BASIC,3.0,MARRIED,1.0,0,4,1,2.0,EXECUTIVE,17339.0
201445,0,41.0,SELFENQUIRY,1,34.0,SALARIED,FEMALE,2,4.0,SUPERDELUXE,4.0,MARRIED,1.0,0,5,1,1.0,AVP,28570.0
201446,0,34.0,SELFENQUIRY,3,34.0,SMALLBUSINESS,FEMALE,3,4.0,DELUXE,3.0,MARRIED,2.0,0,5,1,0.0,MANAGER,21712.0
201447,0,36.0,COMPANYINVITED,3,21.0,SMALLBUSINESS,MALE,2,5.0,DELUXE,3.0,MARRIED,2.0,0,1,1,0.0,MANAGER,20406.0
201448,0,41.0,SELFENQUIRY,3,9.0,SALARIED,MALE,2,4.0,DELUXE,4.0,MARRIED,3.0,0,3,0,1.0,MANAGER,23938.0
201449,0,32.0,SELFENQUIRY,1,8.0,LARGEBUSINESS,MALE,3,3.0,BASIC,5.0,SINGLE,2.0,0,1,1,1.0,EXECUTIVE,17439.0
201450,0,35.0,SELFENQUIRY,2,32.0,SALARIED,FEMALE,2,3.0,STANDARD,3.0,UNMARRIED,2.0,1,1,1,0.0,SENIORMANAGER,23837.0
201451,0,38.0,SELFENQUIRY,3,16.0,SALARIED,FEMALE,3,3.0,DELUXE,3.0,MARRIED,2.0,0,4,0,2.0,MANAGER,20343.0
201452,1,50.0,COMPANYINVITED,3,6.0,SALARIED,MALE,3,3.0,DELUXE,3.0,MARRIED,1.0,0,3,1,1.0,MANAGER,21728.0
201453,0,36.0,SELFENQUIRY,3,17.0,SMALLBUSINESS,FEMALE,3,4.0,DELUXE,3.0,MARRIED,5.0,0,1,1,1.0,MANAGER,21652.0
201455,0,40.0,SELFENQUIRY,1,8.0,SALARIED,MALE,2,4.0,BASIC,3.0,SINGLE,3.0,0,5,0,1.0,EXECUTIVE,17809.0
201456,0,35.0,COMPANYINVITED,1,24.0,SALARIED,MALE,3,3.0,DELUXE,3.0,MARRIED,2.0,1,3,1,0.0,MANAGER,20689.0
201457,0,40.0,SELFENQUIRY,1,8.0,SMALLBUSINESS,FEMALE,3,3.0,BASIC,3.0,MARRIED,3.0,0,1,1,1.0,EXECUTIVE,17001.0
201458,0,35.0,SELFENQUIRY,1,6.0,SALARIED,FEMALE,3,5.0,BASIC,3.0,MARRIED,2.0,0,3,0,1.0,EXECUTIVE,17977.0
201461,1,50.0,SELFENQUIRY,3,34.0,SMALLBUSINESS,MALE,2,4.0,STANDARD,5.0,MARRIED,5.0,1,5,0,0.0,SENIORMANAGER,25854.0
201462,0,39.0,SELFENQUIRY,3,30.0,SMALLBUSINESS,FEMALE,2,4.0,SUPERDELUXE,3.0,MARRIED,1.0,0,1,1,1.0,AVP,27031.0
201463,0,31.0,COMPANYINVITED,1,11.0,SMALLBUSINESS,MALE,3,3.0,DELUXE,5.0,UNMARRIED,1.0,0,1,0,2.0,MANAGER,24936.0
201464,0,26.0,SELFENQUIRY,3,11.0,SALARIED,FEMALE,1,4.0,BASIC,3.0,SINGLE,1.0,0,1,0,0.0,EXECUTIVE,17966.0
201465,0,36.0,COMPANYINVITED,1,29.0,SMALLBUSINESS,MALE,2,1.0,DELUXE,3.0,MARRIED,5.0,0,3,0,0.0,MANAGER,17571.0
201466,0,39.0,SELFENQUIRY,1,12.0,SMALLBUSINESS,MALE,2,4.0,STANDARD,5.0,MARRIED,5.0,0,4,1,0.0,SENIORMANAGER,24991.0
201467,0,27.0,SELFENQUIRY,1,10.0,SALARIED,MALE,2,1.0,DELUXE,4.0,MARRIED,2.0,1,4,1,0.0,MANAGER,21142.0
201468,0,49.0,COMPANYINVITED,3,8.0,SMALLBUSINESS,MALE,3,4.0,DELUXE,4.0,MARRIED,3.0,0,3,1,2.0,MANAGER,20390.0
201470,1,41.0,SELFENQUIRY,3,6.0,SALARIED,FEMALE,3,3.0,DELUXE,3.0,SINGLE,1.0,1,4,0,2.0,MANAGER,20993.0
201471,0,49.0,COMPANYINVITED,1,14.0,SALARIED,MALE,3,4.0,DELUXE,4.0,MARRIED,2.0,0,1,0,0.0,MANAGER,20130.0
201472,1,37.0,SELFENQUIRY,1,8.0,SALARIED,MALE,3,4.0,BASIC,3.0,SINGLE,7.0,1,3,0,2.0,EXECUTIVE,17090.0
201473,0,33.0,COMPANYINVITED,1,9.0,SALARIED,FEMALE,2,3.0,BASIC,3.0,MARRIED,2.0,1,1,1,1.0,EXECUTIVE,17909.0
201475,0,32.0,COMPANYINVITED,1,8.0,SALARIED,MALE,3,3.0,BASIC,3.0,SINGLE,1.0,0,3,1,1.0,EXECUTIVE,18068.0
201476,0,59.0,SELFENQUIRY,1,9.0,SMALLBUSINESS,FEMALE,2,1.0,BASIC,5.0,MARRIED,5.0,1,1,0,1.0,EXECUTIVE,17670.0
201477,0,30.0,SELFENQUIRY,1,30.0,SALARIED,MALE,3,3.0,BASIC,3.0,MARRIED,2.0,0,3,1,2.0,EXECUTIVE,17693.0
201478,0,38.0,COMPANYINVITED,1,29.0,SALARIED,MALE,2,4.0,STANDARD,3.0,UNMARRIED,1.0,0,3,1,0.0,SENIORMANAGER,24526.0
201479,0,36.0,SELFENQUIRY,1,33.0,SMALLBUSINESS,MALE,3,3.0,DELUXE,3.0,MARRIED,7.0,0,3,0,0.0,MANAGER,20237.0
201480,0,35.0,SELFENQUIRY,1,22.0,SMALLBUSINESS,MALE,2,1.0,BASIC,4.0,MARRIED,1.0,0,4,1,1.0,EXECUTIVE,17426.0
201482,0,31.0,SELFENQUIRY,1,32.0,SALARIED,MALE,2,3.0,BASIC,3.0,MARRIED,2.0,0,3,1,1.0,EXECUTIVE,17911.0
201483,0,34.0,SELFENQUIRY,1,25.0,SMALLBUSINESS,MALE,3,3.0,BASIC,3.0,MARRIED,1.0,0,3,0,0.0,EXECUTIVE,17661.0
201484,1,28.0,SELFENQUIRY,1,30.0,SALARIED,MALE,2,4.0,BASIC,3.0,SINGLE,6.0,1,1,0,0.0,EXECUTIVE,17028.0
201485,0,29.0,SELFENQUIRY,1,27.0,SALARIED,FEMALE,2,1.0,STANDARD,5.0,MARRIED,2.0,0,5,1,1.0,SENIORMANAGER,24980.0
201486,0,32.0,SELFENQUIRY,1,11.0,SALARIED,MALE,3,1.0,BASIC,4.0,MARRIED,1.0,1,1,1,2.0,EXECUTIVE,18298.0
201487,0,22.0,COMPANYINVITED,1,22.0,SMALLBUSINESS,MALE,3,1.0,BASIC,3.0,MARRIED,2.0,1,3,0,2.0,EXECUTIVE,17935.0
201488,0,53.0,SELFENQUIRY,3,8.0,SALARIED,FEMALE,3,4.0,SUPERDELUXE,3.0,MARRIED,3.0,0,3,0,0.0,AVP,30427.0
201492,0,34.0,SELFENQUIRY,1,13.0,SALARIED,FEMALE,2,3.0,STANDARD,4.0,UNMARRIED,1.0,0,5,0,0.0,SENIORMANAGER,26994.0
201493,0,21.0,SELFENQUIRY,1,21.0,SALARIED,MALE,3,3.0,BASIC,3.0,SINGLE,2.0,0,5,1,1.0,EXECUTIVE,16232.0
201494,1,34.0,SELFENQUIRY,1,12.0,SMALLBUSINESS,MALE,2,3.0,BASIC,5.0,SINGLE,3.0,0,4,0,0.0,EXECUTIVE,17960.0
201495,0,53.0,SELFENQUIRY,1,11.0,SALARIED,FEMALE,2,3.0,KING,3.0,MARRIED,5.0,0,4,1,0.0,VP,34094.0
201497,0,42.0,SELFENQUIRY,3,14.0,SMALLBUSINESS,MALE,2,3.0,DELUXE,4.0,MARRIED,1.0,0,3,1,0.0,MANAGER,21825.0
201498,0,44.0,SELFENQUIRY,1,13.0,SMALLBUSINESS,FEMALE,2,4.0,STANDARD,3.0,MARRIED,4.0,0,4,0,0.0,SENIORMANAGER,25248.0
201499,0,46.0,SELFENQUIRY,3,8.0,SMALLBUSINESS,FEMALE,2,3.0,KING,5.0,SINGLE,4.0,0,1,1,1.0,VP,33947.0
201500,0,33.0,SELFENQUIRY,1,8.0,SMALLBUSINESS,MALE,3,3.0,BASIC,3.0,SINGLE,5.0,0,3,0,2.0,EXECUTIVE,17496.0
201501,0,44.0,SELFENQUIRY,1,16.0,SALARIED,MALE,2,3.0,DELUXE,3.0,MARRIED,3.0,1,3,0,1.0,MANAGER,21465.0
201502,0,30.0,SELFENQUIRY,1,15.0,SMALLBUSINESS,MALE,2,4.0,BASIC,3.0,SINGLE,2.0,0,4,0,1.0,EXECUTIVE,17206.0
201503,1,39.0,SELFENQUIRY,3,11.0,LARGEBUSINESS,MALE,2,3.0,DELUXE,3.0,MARRIED,4.0,0,1,0,0.0,MANAGER,17086.0
201504,1,24.0,SELFENQUIRY,1,6.0,SMALLBUSINESS,MALE,3,3.0,BASIC,3.0,MARRIED,3.0,1,3,0,2.0,EXECUTIVE,17293.0
201505,0,43.0,SELFENQUIRY,1,8.0,SMALLBUSINESS,FEMALE,3,1.0,BASIC,3.0,MARRIED,2.0,0,1,1,2.0,EXECUTIVE,17645.0
201506,1,50.0,SELFENQUIRY,3,9.0,SMALLBUSINESS,MALE,2,4.0,BASIC,3.0,MARRIED,2.0,1,4,1,1.0,EXECUTIVE,17683.0
201507,0,35.0,SELFENQUIRY,3,8.0,SMALLBUSINESS,FEMALE,3,3.0,BASIC,3.0,MARRIED,2.0,0,1,1,2.0,EXECUTIVE,17014.0
201509,0,33.0,COMPANYINVITED,3,6.0,SALARIED,FEMALE,2,1.0,DELUXE,5.0,MARRIED,3.0,0,3,0,1.0,MANAGER,20376.0
201510,0,35.0,SELFENQUIRY,1,10.0,SALARIED,MALE,3,3.0,BASIC,3.0,MARRIED,2.0,0,4,1,1.0,EXECUTIVE,16951.0
201511,0,27.0,SELFENQUIRY,1,8.0,SALARIED,FEMALE,2,3.0,BASIC,5.0,MARRIED,2.0,0,3,1,1.0,EXECUTIVE,17341.0
201512,1,26.0,SELFENQUIRY,1,31.0,SALARIED,MALE,2,5.0,BASIC,3.0,SINGLE,2.0,0,1,0,0.0,EXECUTIVE,17293.0
201513,0,27.0,COMPANYINVITED,3,14.0,SALARIED,MALE,2,3.0,STANDARD,3.0,UNMARRIED,2.0,0,1,1,0.0,SENIORMANAGER,23726.0
201515,1,41.0,SELFENQUIRY,1,18.0,LARGEBUSINESS,FEMALE,2,3.0,KING,3.0,MARRIED,2.0,0,4,1,1.0,VP,34545.0
201517,0,37.0,SELFENQUIRY,1,25.0,SALARIED,MALE,3,3.0,BASIC,4.0,MARRIED,5.0,0,4,0,1.0,EXECUTIVE,18022.0
201518,0,46.0,COMPANYINVITED,3,11.0,SMALLBUSINESS,MALE,3,3.0,DELUXE,3.0,SINGLE,5.0,1,5,1,1.0,MANAGER,20772.0
201519,0,35.0,SELFENQUIRY,1,14.0,SALARIED,MALE,2,1.0,BASIC,3.0,MARRIED,2.0,0,5,1,1.0,EXECUTIVE,17269.0
201520,1,48.0,SELFENQUIRY,1,6.0,SALARIED,MALE,3,4.0,STANDARD,3.0,SINGLE,1.0,1,5,0,0.0,SENIORMANAGER,20381.0
201522,0,44.0,SELFENQUIRY,3,6.0,SMALLBUSINESS,FEMALE,3,3.0,DELUXE,5.0,MARRIED,6.0,1,1,1,1.0,MANAGER,20454.0
201523,0,35.0,COMPANYINVITED,1,17.0,SMALLBUSINESS,MALE,3,4.0,STANDARD,5.0,MARRIED,3.0,1,5,1,2.0,SENIORMANAGER,24884.0
201525,0,33.0,COMPANYINVITED,1,6.0,SALARIED,FEMALE,3,3.0,STANDARD,3.0,UNMARRIED,2.0,1,1,1,0.0,SENIORMANAGER,28458.0
201526,0,35.0,COMPANYINVITED,3,5.0,SALARIED,MALE,3,3.0,STANDARD,5.0,MARRIED,2.0,0,4,0,0.0,SENIORMANAGER,24069.0
201528,0,31.0,SELFENQUIRY,1,13.0,SALARIED,MALE,2,3.0,DELUXE,3.0,MARRIED,4.0,0,3,0,1.0,MANAGER,20915.0
201529,0,37.0,SELFENQUIRY,1,6.0,SALARIED,MALE,2,4.0,DELUXE,3.0,MARRIED,2.0,0,5,0,0.0,MANAGER,20993.0
201530,0,32.0,SELFENQUIRY,1,6.0,SMALLBUSINESS,MALE,2,3.0,DELUXE,3.0,MARRIED,2.0,1,4,1,1.0,MANAGER,21162.0
201531,0,38.0,COMPANYINVITED,1,35.0,SALARIED,FEMALE,2,3.0,DELUXE,3.0,SINGLE,2.0,0,3,1,0.0,MANAGER,17406.0
201532,0,50.0,SELFENQUIRY,1,13.0,SMALLBUSINESS,FEMALE,2,4.0,KING,3.0,MARRIED,6.0,1,4,1,1.0,VP,33740.0
201533,0,59.0,SELFENQUIRY,3,31.0,SALARIED,FEMALE,4,3.0,STANDARD,5.0,UNMARRIED,1.0,0,3,1,1.0,SENIORMANAGER,22637.0
201534,0,36.0,SELFENQUIRY,1,14.0,LARGEBUSINESS,FEMALE,2,3.0,STANDARD,3.0,MARRIED,2.0,0,4,1,0.0,SENIORMANAGER,25096.0
201535,0,55.0,SELFENQUIRY,1,14.0,SMALLBUSINESS,FEMALE,2,3.0,SUPERDELUXE,3.0,MARRIED,3.0,1,3,1,1.0,AVP,29756.0
201536,0,36.0,COMPANYINVITED,1,17.0,SALARIED,MALE,3,4.0,DELUXE,4.0,UNMARRIED,2.0,0,4,1,1.0,MANAGER,21499.0
201537,0,45.0,SELFENQUIRY,1,13.0,SALARIED,MALE,2,3.0,STANDARD,5.0,MARRIED,3.0,0,3,0,0.0,SENIORMANAGER,24724.0
201538,0,35.0,COMPANYINVITED,1,6.0,SMALLBUSINESS,MALE,3,3.0,BASIC,5.0,MARRIED,5.0,0,1,0,1.0,EXECUTIVE,17194.0
201540,0,59.0,COMPANYINVITED,3,6.0,SALARIED,FEMALE,2,4.0,DELUXE,3.0,SINGLE,1.0,0,5,1,0.0,MANAGER,20473.0
201541,0,29.0,SELFENQUIRY,1,8.0,SALARIED,MALE,3,3.0,BASIC,4.0,MARRIED,1.0,0,4,1,0.0,EXECUTIVE,17703.0
201542,0,31.0,SELFENQUIRY,1,6.0,SMALLBUSINESS,MALE,2,3.0,BASIC,4.0,SINGLE,2.0,0,3,1,0.0,EXECUTIVE,17501.0
201543,0,32.0,SELFENQUIRY,1,6.0,SALARIED,MALE,3,3.0,DELUXE,4.0,MARRIED,2.0,0,3,1,0.0,MANAGER,21220.0
201544,0,36.0,SELFENQUIRY,1,12.0,SALARIED,FEMALE,2,1.0,BASIC,3.0,MARRIED,4.0,0,1,0,0.0,EXECUTIVE,18038.0
201547,0,45.0,SELFENQUIRY,1,12.0,SALARIED,MALE,2,3.0,STANDARD,5.0,MARRIED,5.0,1,3,1,1.0,SENIORMANAGER,28245.0
201548,0,37.0,SELFENQUIRY,1,13.0,SMALLBUSINESS,MALE,1,3.0,STANDARD,3.0,SINGLE,5.0,0,1,0,0.0,SENIORMANAGER,28664.0
201550,0,30.0,SELFENQUIRY,1,6.0,SALARIED,MALE,2,4.0,DELUXE,3.0,MARRIED,2.0,1,1,1,1.0,MANAGER,20126.0
201551,0,35.0,SELFENQUIRY,1,6.0,SMALLBUSINESS,MALE,1,4.0,BASIC,3.0,SINGLE,2.0,0,4,1,0.0,EXECUTIVE,17859.0
201552,0,55.0,SELFENQUIRY,3,6.0,SALARIED,MALE,3,3.0,STANDARD,3.0,MARRIED,4.0,0,1,0,2.0,SENIORMANAGER,25239.0
201553,0,38.0,COMPANYINVITED,1,12.0,SMALLBUSINESS,FEMALE,3,5.0,DELUXE,3.0,MARRIED,1.0,1,1,0,2.0,MANAGER,20329.0
201555,0,56.0,SELFENQUIRY,1,13.0,SALARIED,MALE,2,5.0,STANDARD,3.0,UNMARRIED,5.0,0,1,0,0.0,SENIORMANAGER,22260.0
201556,0,23.0,SELFENQUIRY,3,8.0,LARGEBUSINESS,MALE,3,3.0,BASIC,5.0,MARRIED,4.0,0,3,1,2.0,EXECUTIVE,17322.0
201557,0,51.0,SELFENQUIRY,1,15.0,SALARIED,MALE,3,3.0,BASIC,3.0,MARRIED,4.0,0,3,1,0.0,EXECUTIVE,17075.0
201559,1,46.0,SELFENQUIRY,3,15.0,SMALLBUSINESS,MALE,3,4.0,STANDARD,3.0,UNMARRIED,2.0,0,5,1,2.0,SENIORMANAGER,24619.0
201560,0,40.0,COMPANYINVITED,1,6.0,SALARIED,MALE,3,4.0,SUPERDELUXE,4.0,MARRIED,2.0,0,1,1,1.0,AVP,28503.0
201561,0,51.0,SELFENQUIRY,3,27.0,SMALLBUSINESS,MALE,3,3.0,DELUXE,3.0,SINGLE,1.0,1,5,0,2.0,MANAGER,20441.0
201562,0,30.0,SELFENQUIRY,3,10.0,SMALLBUSINESS,FEMALE,3,4.0,DELUXE,4.0,MARRIED,2.0,1,3,1,0.0,MANAGER,20209.0
201563,0,46.0,COMPANYINVITED,1,6.0,SMALLBUSINESS,MALE,2,4.0,STANDARD,5.0,MARRIED,3.0,1,1,1,1.0,SENIORMANAGER,25673.0
201565,0,54.0,SELFENQUIRY,1,8.0,LARGEBUSINESS,FEMALE,2,3.0,STANDARD,3.0,MARRIED,1.0,0,4,0,0.0,SENIORMANAGER,28549.0
201568,0,58.0,SELFENQUIRY,3,16.0,SMALLBUSINESS,MALE,2,3.0,SUPERDELUXE,3.0,SINGLE,1.0,0,3,0,1.0,AVP,28872.0
201569,0,44.0,COMPANYINVITED,1,29.0,SMALLBUSINESS,MALE,3,3.0,DELUXE,4.0,MARRIED,5.0,0,3,0,1.0,MANAGER,17042.0
201570,1,37.0,SELFENQUIRY,2,12.0,SALARIED,MALE,3,3.0,BASIC,5.0,MARRIED,5.0,1,1,0,2.0,EXECUTIVE,17073.0
201571,0,32.0,SELFENQUIRY,1,6.0,SALARIED,MALE,3,3.0,BASIC,5.0,SINGLE,2.0,0,1,0,1.0,EXECUTIVE,17956.0
201572,1,20.0,COMPANYINVITED,1,12.0,SALARIED,FEMALE,3,4.0,BASIC,3.0,SINGLE,2.0,1,1,0,0.0,EXECUTIVE,17926.0
201574,0,37.0,COMPANYINVITED,1,8.0,SALARIED,MALE,3,4.0,DELUXE,3.0,MARRIED,6.0,0,1,1,2.0,MANAGER,20163.0
201575,0,59.0,COMPANYINVITED,2,8.0,SALARIED,FEMALE,2,4.0,KING,3.0,MARRIED,1.0,0,1,0,1.0,VP,33844.0
201576,0,50.0,COMPANYINVITED,1,6.0,SALARIED,FEMALE,3,3.0,KING,4.0,MARRIED,4.0,1,1,0,2.0,VP,33172.0
201577,1,25.0,SELFENQUIRY,3,11.0,SMALLBUSINESS,MALE,2,4.0,DELUXE,3.0,SINGLE,2.0,1,3,0,1.0,MANAGER,20744.0
201578,0,25.0,SELFENQUIRY,1,13.0,SMALLBUSINESS,MALE,3,4.0,BASIC,3.0,MARRIED,2.0,0,1,0,2.0,EXECUTIVE,17889.0
201579,0,22.0,SELFENQUIRY,1,21.0,SMALLBUSINESS,FEMALE,2,3.0,BASIC,3.0,SINGLE,2.0,0,1,1,1.0,EXECUTIVE,17871.0
201580,0,51.0,COMPANYINVITED,1,6.0,SMALLBUSINESS,FEMALE,1,4.0,STANDARD,5.0,UNMARRIED,4.0,0,1,1,0.0,SENIORMANAGER,22484.0
201581,1,34.0,COMPANYINVITED,1,13.0,SALARIED,MALE,3,5.0,DELUXE,3.0,SINGLE,2.0,1,5,1,0.0,MANAGER,21074.0
201582,0,54.0,COMPANYINVITED,2,32.0,SALARIED,FEMALE,1,1.0,SUPERDELUXE,3.0,SINGLE,3.0,1,3,1,0.0,AVP,32328.0
201583,0,24.0,SELFENQUIRY,1,24.0,SALARIED,MALE,2,3.0,BASIC,3.0,MARRIED,1.0,0,4,0,0.0,EXECUTIVE,17774.0
201585,0,37.0,SELFENQUIRY,3,9.0,SALARIED,MALE,2,3.0,STANDARD,3.0,UNMARRIED,3.0,0,3,0,1.0,SENIORMANAGER,22428.0
201586,0,34.0,SELFENQUIRY,1,11.0,SMALLBUSINESS,FEMALE,2,4.0,STANDARD,5.0,UNMARRIED,3.0,0,1,1,1.0,SENIORMANAGER,26631.0
201587,0,36.0,COMPANYINVITED,3,17.0,LARGEBUSINESS,FEMALE,3,3.0,STANDARD,3.0,MARRIED,1.0,0,5,0,2.0,SENIORMANAGER,24738.0
201588,0,36.0,SELFENQUIRY,1,9.0,SALARIED,FEMALE,2,3.0,BASIC,3.0,MARRIED,6.0,0,1,0,1.0,EXECUTIVE,17835.0
201589,0,43.0,COMPANYINVITED,3,32.0,SALARIED,MALE,3,3.0,SUPERDELUXE,3.0,MARRIED,2.0,1,1,1,0.0,AVP,31959.0
201590,0,30.0,COMPANYINVITED,1,29.0,SALARIED,MALE,3,5.0,BASIC,3.0,MARRIED,2.0,0,3,0,0.0,EXECUTIVE,17613.0
201591,0,33.0,COMPANYINVITED,3,28.0,SMALLBUSINESS,MALE,3,3.0,DELUXE,4.0,MARRIED,1.0,0,1,0,0.0,MANAGER,21146.0
201593,0,51.0,SELFENQUIRY,1,12.0,SALARIED,MALE,2,3.0,KING,3.0,SINGLE,1.0,0,5,1,1.0,VP,34537.0
201594,1,31.0,SELFENQUIRY,3,12.0,SALARIED,MALE,3,5.0,DELUXE,3.0,MARRIED,5.0,1,3,0,2.0,MANAGER,21172.0
201595,0,26.0,SELFENQUIRY,1,12.0,SALARIED,FEMALE,2,4.0,BASIC,4.0,MARRIED,2.0,0,3,1,1.0,EXECUTIVE,17368.0
201596,1,58.0,SELFENQUIRY,1,29.0,SMALLBUSINESS,FEMALE,3,3.0,STANDARD,3.0,MARRIED,2.0,0,3,1,0.0,SENIORMANAGER,25312.0
201597,1,19.0,SELFENQUIRY,3,28.0,SMALLBUSINESS,MALE,2,3.0,BASIC,3.0,SINGLE,2.0,1,1,1,0.0,EXECUTIVE,16675.0
201598,0,22.0,SELFENQUIRY,1,8.0,LARGEBUSINESS,MALE,3,3.0,BASIC,3.0,MARRIED,1.0,0,5,1,0.0,EXECUTIVE,17523.0
201599,0,49.0,SELFENQUIRY,1,26.0,SMALLBUSINESS,FEMALE,3,3.0,DELUXE,5.0,MARRIED,2.0,0,1,1,0.0,MANAGER,21567.0
201601,0,50.0,COMPANYINVITED,3,18.0,SMALLBUSINESS,FEMALE,3,3.0,STANDARD,3.0,UNMARRIED,5.0,0,5,1,2.0,SENIORMANAGER,24208.0
201603,0,41.0,SELFENQUIRY,3,15.0,SALARIED,MALE,3,3.0,STANDARD,3.0,MARRIED,4.0,1,1,0,1.0,SENIORMANAGER,23189.0
201604,0,26.0,SELFENQUIRY,2,31.0,SALARIED,FEMALE,3,3.0,BASIC,3.0,MARRIED,2.0,0,4,1,1.0,EXECUTIVE,17942.0
201606,1,51.0,COMPANYINVITED,1,14.0,SALARIED,MALE,2,5.0,STANDARD,3.0,UNMARRIED,3.0,0,1,1,0.0,SENIORMANAGER,25650.0
201607,0,39.0,SELFENQUIRY,3,10.0,SALARIED,FEMALE,2,4.0,DELUXE,3.0,MARRIED,5.0,0,5,1,1.0,MANAGER,20902.0
201608,0,25.0,SELFENQUIRY,3,34.0,SALARIED,MALE,2,4.0,DELUXE,3.0,MARRIED,3.0,0,4,1,1.0,MANAGER,23639.0
201609,0,30.0,SELFENQUIRY,2,15.0,SALARIED,MALE,2,3.0,DELUXE,3.0,MARRIED,1.0,1,3,1,1.0,MANAGER,21347.0
201613,0,30.0,SELFENQUIRY,1,24.0,SALARIED,FEMALE,3,3.0,BASIC,3.0,SINGLE,2.0,0,1,1,2.0,EXECUTIVE,17632.0
201615,0,30.0,SELFENQUIRY,1,11.0,LARGEBUSINESS,FEMALE,2,3.0,BASIC,5.0,MARRIED,6.0,0,5,0,1.0,EXECUTIVE,18204.0
201616,0,30.0,SELFENQUIRY,1,8.0,SMALLBUSINESS,MALE,2,4.0,BASIC,3.0,SINGLE,1.0,0,4,0,0.0,EXECUTIVE,17720.0
201617,0,41.0,COMPANYINVITED,1,16.0,SALARIED,MALE,3,4.0,SUPERDELUXE,5.0,MARRIED,5.0,0,1,1,0.0,AVP,32181.0
201618,0,41.0,SELFENQUIRY,1,15.0,SALARIED,MALE,3,3.0,BASIC,5.0,MARRIED,3.0,0,1,0,0.0,EXECUTIVE,17238.0
201619,0,19.0,SELFENQUIRY,1,9.0,SMALLBUSINESS,FEMALE,3,3.0,BASIC,4.0,SINGLE,2.0,0,3,1,0.0,EXECUTIVE,16483.0
201620,0,40.0,COMPANYINVITED,1,32.0,SMALLBUSINESS,FEMALE,2,3.0,DELUXE,4.0,MARRIED,2.0,0,1,0,1.0,MANAGER,20605.0
201621,0,35.0,SELFENQUIRY,3,6.0,SMALLBUSINESS,MALE,3,3.0,STANDARD,4.0,MARRIED,2.0,0,4,0,0.0,SENIORMANAGER,22295.0
201622,0,53.0,SELFENQUIRY,3,12.0,SMALLBUSINESS,MALE,2,3.0,DELUXE,3.0,MARRIED,3.0,1,5,0,1.0,MANAGER,17306.0
201623,0,45.0,SELFENQUIRY,1,15.0,SALARIED,MALE,2,3.0,DELUXE,4.0,MARRIED,1.0,0,4,1,0.0,MANAGER,17348.0
201624,0,32.0,COMPANYINVITED,3,14.0,SMALLBUSINESS,FEMALE,2,3.0,STANDARD,3.0,UNMARRIED,2.0,0,4,1,1.0,SENIORMANAGER,23998.0
201626,0,51.0,SELFENQUIRY,1,13.0,SMALLBUSINESS,MALE,2,4.0,DELUXE,3.0,MARRIED,3.0,0,3,1,1.0,MANAGER,21132.0
201627,0,58.0,SELFENQUIRY,1,15.0,SMALLBUSINESS,FEMALE,3,4.0,BASIC,4.0,MARRIED,5.0,1,1,1,1.0,EXECUTIVE,18346.0
201628,0,40.0,SELFENQUIRY,3,10.0,SMALLBUSINESS,MALE,3,4.0,STANDARD,3.0,MARRIED,1.0,0,1,1,1.0,SENIORMANAGER,25855.0
201629,0,34.0,COMPANYINVITED,3,8.0,SMALLBUSINESS,FEMALE,3,3.0,BASIC,3.0,MARRIED,7.0,0,5,0,0.0,EXECUTIVE,17231.0
201630,0,22.0,SELFENQUIRY,1,25.0,SMALLBUSINESS,MALE,3,3.0,BASIC,3.0,MARRIED,2.0,0,1,1,0.0,EXECUTIVE,17323.0
201631,0,27.0,COMPANYINVITED,1,15.0,SMALLBUSINESS,MALE,2,3.0,BASIC,4.0,MARRIED,7.0,0,3,1,1.0,EXECUTIVE,17024.0
201632,0,28.0,SELFENQUIRY,1,27.0,SMALLBUSINESS,MALE,2,3.0,BASIC,3.0,MARRIED,2.0,0,1,0,0.0,EXECUTIVE,17713.0
201633,0,57.0,SELFENQUIRY,1,30.0,SALARIED,MALE,2,1.0,STANDARD,3.0,MARRIED,4.0,1,4,1,0.0,SENIORMANAGER,24439.0
201634,0,27.0,COMPANYINVITED,1,9.0,SMALLBUSINESS,MALE,3,4.0,BASIC,3.0,MARRIED,2.0,1,1,0,2.0,EXECUTIVE,17566.0
201636,0,41.0,SELFENQUIRY,1,20.0,SALARIED,MALE,2,3.0,BASIC,3.0,MARRIED,5.0,0,4,1,1.0,EXECUTIVE,17451.0
201637,0,30.0,SELFENQUIRY,3,11.0,SALARIED,FEMALE,2,3.0,STANDARD,3.0,MARRIED,3.0,0,4,1,1.0,SENIORMANAGER,24419.0
201638,0,38.0,SELFENQUIRY,3,6.0,SALARIED,FEMALE,2,4.0,DELUXE,3.0,UNMARRIED,5.0,0,1,0,1.0,MANAGER,23686.0
201639,0,32.0,SELFENQUIRY,1,12.0,SALARIED,MALE,2,3.0,BASIC,3.0,SINGLE,4.0,0,1,0,1.0,EXECUTIVE,18038.0
201640,0,27.0,SELFENQUIRY,1,23.0,LARGEBUSINESS,MALE,2,3.0,BASIC,4.0,MARRIED,1.0,1,4,0,0.0,EXECUTIVE,18058.0
201641,1,19.0,COMPANYINVITED,3,6.0,LARGEBUSINESS,FEMALE,3,5.0,BASIC,5.0,SINGLE,1.0,0,3,1,0.0,EXECUTIVE,17325.0
201642,0,36.0,COMPANYINVITED,1,9.0,SMALLBUSINESS,MALE,1,3.0,BASIC,4.0,SINGLE,5.0,0,4,1,0.0,EXECUTIVE,17088.0
201643,0,30.0,COMPANYINVITED,1,15.0,SMALLBUSINESS,MALE,3,3.0,DELUXE,5.0,MARRIED,2.0,0,1,1,1.0,MANAGER,18072.0
201646,0,33.0,SELFENQUIRY,1,8.0,SALARIED,MALE,2,3.0,BASIC,3.0,SINGLE,1.0,0,3,1,0.0,EXECUTIVE,17500.0
201647,1,19.0,SELFENQUIRY,1,8.0,SALARIED,MALE,2,4.0,BASIC,3.0,SINGLE,2.0,0,5,1,0.0,EXECUTIVE,16102.0
201648,0,46.0,SELFENQUIRY,3,6.0,SMALLBUSINESS,FEMALE,3,3.0,STANDARD,5.0,MARRIED,2.0,0,1,1,2.0,SENIORMANAGER,25453.0
201649,0,38.0,SELFENQUIRY,1,15.0,SALARIED,FEMALE,3,3.0,BASIC,3.0,SINGLE,2.0,0,1,1,2.0,EXECUTIVE,17288.0
201651,0,34.0,SELFENQUIRY,1,33.0,SMALLBUSINESS,FEMALE,3,3.0,BASIC,4.0,SINGLE,3.0,0,3,0,0.0,EXECUTIVE,17311.0
201652,1,41.0,SELFENQUIRY,3,26.0,SMALLBUSINESS,FEMALE,3,3.0,BASIC,4.0,SINGLE,2.0,1,4,0,1.0,EXECUTIVE,18140.0
201655,0,33.0,SELFENQUIRY,1,20.0,SMALLBUSINESS,FEMALE,3,3.0,BASIC,4.0,MARRIED,2.0,0,5,1,1.0,EXECUTIVE,17756.0
201656,0,40.0,SELFENQUIRY,1,10.0,SMALLBUSINESS,FEMALE,2,3.0,KING,3.0,MARRIED,2.0,0,5,1,1.0,VP,34033.0
201657,0,55.0,SELFENQUIRY,1,20.0,SMALLBUSINESS,MALE,3,1.0,KING,4.0,SINGLE,1.0,0,1,1,1.0,VP,33722.0
201658,0,34.0,COMPANYINVITED,1,8.0,SALARIED,MALE,2,4.0,DELUXE,3.0,MARRIED,2.0,0,4,0,1.0,MANAGER,24547.0
201659,0,51.0,SELFENQUIRY,1,9.0,SMALLBUSINESS,FEMALE,3,3.0,SUPERDELUXE,4.0,SINGLE,4.0,0,5,1,1.0,AVP,28734.0
201661,0,27.0,SELFENQUIRY,1,15.0,SMALLBUSINESS,FEMALE,4,3.0,BASIC,4.0,SINGLE,2.0,0,3,0,1.0,EXECUTIVE,17279.0
201662,1,35.0,SELFENQUIRY,1,29.0,SALARIED,MALE,2,4.0,DELUXE,3.0,MARRIED,4.0,1,4,1,0.0,MANAGER,20916.0
201663,0,43.0,COMPANYINVITED,1,13.0,SMALLBUSINESS,MALE,2,1.0,BASIC,3.0,MARRIED,5.0,0,4,1,0.0,EXECUTIVE,17089.0
201664,0,45.0,COMPANYINVITED,1,8.0,SMALLBUSINESS,MALE,3,4.0,SUPERDELUXE,3.0,MARRIED,1.0,0,4,1,2.0,AVP,31792.0
201667,0,42.0,COMPANYINVITED,1,27.0,SMALLBUSINESS,FEMALE,2,3.0,DELUXE,3.0,MARRIED,3.0,0,1,0,0.0,MANAGER,20265.0
201668,0,38.0,SELFENQUIRY,1,8.0,SALARIED,MALE,2,3.0,DELUXE,3.0,MARRIED,1.0,0,1,1,1.0,MANAGER,21553.0
201669,0,38.0,SELFENQUIRY,1,35.0,LARGEBUSINESS,MALE,2,3.0,DELUXE,3.0,MARRIED,4.0,0,1,0,0.0,MANAGER,21261.0
201671,0,49.0,COMPANYINVITED,1,24.0,SALARIED,MALE,3,3.0,DELUXE,3.0,MARRIED,2.0,1,1,0,0.0,MANAGER,21804.0
201673,0,40.0,SELFENQUIRY,1,25.0,SMALLBUSINESS,MALE,1,3.0,DELUXE,3.0,MARRIED,1.0,1,1,1,0.0,MANAGER,17741.0
201674,1,38.0,SELFENQUIRY,1,35.0,SMALLBUSINESS,MALE,3,3.0,DELUXE,5.0,MARRIED,1.0,1,3,1,2.0,MANAGER,21673.0
201675,1,29.0,SELFENQUIRY,3,33.0,SMALLBUSINESS,FEMALE,2,3.0,STANDARD,3.0,MARRIED,2.0,0,3,0,0.0,SENIORMANAGER,22639.0
201676,0,22.0,SELFENQUIRY,1,11.0,SALARIED,MALE,2,1.0,BASIC,4.0,MARRIED,2.0,1,4,1,0.0,EXECUTIVE,17328.0
201677,0,36.0,COMPANYINVITED,1,24.0,SMALLBUSINESS,FEMALE,3,3.0,BASIC,3.0,SINGLE,2.0,0,3,0,1.0,EXECUTIVE,17153.0
201679,0,46.0,SELFENQUIRY,1,6.0,SMALLBUSINESS,MALE,3,3.0,STANDARD,5.0,MARRIED,1.0,0,1,0,2.0,SENIORMANAGER,24396.0
201680,1,32.0,SELFENQUIRY,3,10.0,SMALLBUSINESS,MALE,2,5.0,STANDARD,3.0,MARRIED,2.0,0,1,1,0.0,SENIORMANAGER,25400.0
201681,0,30.0,COMPANYINVITED,1,6.0,SALARIED,MALE,2,4.0,STANDARD,3.0,UNMARRIED,2.0,0,5,1,1.0,SENIORMANAGER,23474.0
201682,0,27.0,COMPANYINVITED,3,26.0,SALARIED,FEMALE,2,3.0,DELUXE,3.0,UNMARRIED,2.0,0,1,1,1.0,MANAGER,24981.0
201683,0,51.0,SELFENQUIRY,1,14.0,SALARIED,MALE,2,4.0,STANDARD,4.0,MARRIED,6.0,0,3,1,1.0,SENIORMANAGER,27490.0
201684,1,30.0,SELFENQUIRY,1,9.0,LARGEBUSINESS,FEMALE,2,3.0,BASIC,5.0,SINGLE,6.0,1,4,0,0.0,EXECUTIVE,17657.0
201685,0,41.0,SELFENQUIRY,3,12.0,SALARIED,FEMALE,3,3.0,STANDARD,3.0,SINGLE,4.0,1,1,0,0.0,SENIORMANAGER,28591.0
201686,1,30.0,COMPANYINVITED,3,32.0,SMALLBUSINESS,FEMALE,2,4.0,DELUXE,5.0,UNMARRIED,6.0,0,1,1,1.0,MANAGER,21696.0
201687,1,29.0,SELFENQUIRY,1,6.0,LARGEBUSINESS,MALE,2,3.0,BASIC,3.0,SINGLE,1.0,0,1,0,0.0,EXECUTIVE,17058.0
201688,0,45.0,COMPANYINVITED,3,12.0,SMALLBUSINESS,FEMALE,2,4.0,STANDARD,3.0,UNMARRIED,7.0,0,4,1,0.0,SENIORMANAGER,23865.0
201689,0,54.0,SELFENQUIRY,3,9.0,SMALLBUSINESS,FEMALE,2,3.0,DELUXE,5.0,MARRIED,3.0,0,4,1,0.0,MANAGER,20940.0
201690,0,36.0,SELFENQUIRY,1,11.0,SALARIED,MALE,3,3.0,DELUXE,4.0,SINGLE,1.0,0,1,1,1.0,MANAGER,20914.0
201691,0,33.0,SELFENQUIRY,1,10.0,SMALLBUSINESS,FEMALE,2,4.0,BASIC,4.0,MARRIED,7.0,0,4,0,1.0,EXECUTIVE,17622.0
201692,0,37.0,COMPANYINVITED,1,17.0,SALARIED,MALE,2,3.0,STANDARD,3.0,MARRIED,2.0,1,3,1,1.0,SENIORMANAGER,27185.0
201693,0,38.0,SELFENQUIRY,3,9.0,SALARIED,MALE,3,3.0,STANDARD,3.0,MARRIED,1.0,0,1,1,1.0,SENIORMANAGER,25609.0
201695,0,59.0,SELFENQUIRY,1,9.0,SALARIED,MALE,3,4.0,BASIC,3.0,MARRIED,4.0,0,3,0,0.0,EXECUTIVE,17177.0
201696,0,37.0,COMPANYINVITED,3,10.0,SMALLBUSINESS,MALE,2,3.0,BASIC,3.0,MARRIED,5.0,0,4,1,0.0,EXECUTIVE,17793.0
201697,0,29.0,COMPANYINVITED,3,6.0,SMALLBUSINESS,FEMALE,2,3.0,STANDARD,3.0,MARRIED,2.0,0,3,1,1.0,SENIORMANAGER,22918.0
201698,0,35.0,COMPANYINVITED,3,6.0,SMALLBUSINESS,FEMALE,3,3.0,STANDARD,3.0,UNMARRIED,2.0,0,5,1,0.0,SENIORMANAGER,23789.0
201699,1,29.0,SELFENQUIRY,1,24.0,SMALLBUSINESS,MALE,2,4.0,BASIC,3.0,SINGLE,2.0,1,3,0,0.0,EXECUTIVE,17389.0
201700,0,52.0,SELFENQUIRY,1,8.0,SALARIED,FEMALE,2,4.0,BASIC,3.0,SINGLE,1.0,0,3,1,0.0,EXECUTIVE,18212.0
201701,0,42.0,SELFENQUIRY,1,10.0,LARGEBUSINESS,MALE,2,3.0,KING,3.0,MARRIED,2.0,0,1,0,0.0,VP,34232.0
201702,0,59.0,SELFENQUIRY,2,12.0,SMALLBUSINESS,MALE,2,3.0,BASIC,3.0,MARRIED,1.0,0,4,0,0.0,EXECUTIVE,17267.0
201703,0,50.0,SELFENQUIRY,3,6.0,SMALLBUSINESS,FEMALE,3,3.0,KING,3.0,MARRIED,4.0,0,1,1,0.0,VP,34517.0
201704,1,33.0,SELFENQUIRY,1,20.0,SMALLBUSINESS,MALE,2,3.0,BASIC,3.0,MARRIED,6.0,1,1,1,1.0,EXECUTIVE,17436.0
201705,0,43.0,SELFENQUIRY,3,22.0,SMALLBUSINESS,FEMALE,3,3.0,SUPERDELUXE,3.0,MARRIED,6.0,1,3,0,0.0,AVP,31064.0
201706,1,33.0,SELFENQUIRY,1,8.0,SALARIED,FEMALE,2,3.0,BASIC,5.0,MARRIED,1.0,0,3,1,1.0,EXECUTIVE,17707.0
201707,0,52.0,COMPANYINVITED,3,8.0,SALARIED,MALE,3,4.0,KING,3.0,SINGLE,2.0,1,1,1,0.0,VP,34068.0
201710,0,39.0,SELFENQUIRY,1,6.0,SMALLBUSINESS,FEMALE,3,3.0,BASIC,3.0,MARRIED,1.0,0,3,1,0.0,EXECUTIVE,17232.0
201712,0,41.0,SELFENQUIRY,1,25.0,SALARIED,MALE,2,3.0,DELUXE,5.0,MARRIED,3.0,0,1,0,0.0,MANAGER,18072.0
201713,0,40.0,SELFENQUIRY,1,30.0,LARGEBUSINESS,MALE,3,3.0,DELUXE,3.0,MARRIED,2.0,0,3,1,1.0,MANAGER,18319.0
201714,0,45.0,SELFENQUIRY,1,6.0,SALARIED,MALE,3,1.0,KING,3.0,MARRIED,1.0,0,4,1,1.0,VP,34202.0
201715,0,31.0,COMPANYINVITED,1,9.0,SMALLBUSINESS,MALE,3,3.0,STANDARD,3.0,MARRIED,1.0,0,4,1,0.0,SENIORMANAGER,28675.0
201716,0,33.0,SELFENQUIRY,1,11.0,SALARIED,FEMALE,3,4.0,BASIC,3.0,MARRIED,2.0,0,1,0,0.0,EXECUTIVE,17911.0
201717,0,34.0,SELFENQUIRY,1,8.0,SALARIED,MALE,2,4.0,DELUXE,5.0,MARRIED,7.0,0,4,0,1.0,MANAGER,20957.0
201719,0,45.0,COMPANYINVITED,1,13.0,SALARIED,MALE,3,1.0,DELUXE,3.0,MARRIED,5.0,0,1,1,0.0,MANAGER,21434.0
201720,1,37.0,COMPANYINVITED,1,16.0,SMALLBUSINESS,MALE,3,3.0,STANDARD,3.0,MARRIED,7.0,0,3,0,2.0,SENIORMANAGER,25048.0
201721,0,39.0,COMPANYINVITED,1,8.0,LARGEBUSINESS,FEMALE,3,3.0,STANDARD,3.0,UNMARRIED,1.0,0,1,1,2.0,SENIORMANAGER,25938.0
201722,0,29.0,SELFENQUIRY,1,21.0,SALARIED,MALE,2,3.0,BASIC,3.0,SINGLE,2.0,0,3,1,1.0,EXECUTIVE,17340.0
201723,0,42.0,SELFENQUIRY,1,23.0,SALARIED,FEMALE,2,1.0,DELUXE,5.0,UNMARRIED,4.0,1,1,1,1.0,MANAGER,21545.0
201724,0,29.0,SELFENQUIRY,3,26.0,SMALLBUSINESS,MALE,2,3.0,DELUXE,3.0,MARRIED,3.0,0,1,1,0.0,MANAGER,21931.0
201726,0,42.0,SELFENQUIRY,1,8.0,SMALLBUSINESS,FEMALE,2,4.0,BASIC,5.0,MARRIED,1.0,1,4,1,1.0,EXECUTIVE,17593.0
201727,0,40.0,SELFENQUIRY,1,8.0,SMALLBUSINESS,MALE,2,3.0,KING,3.0,MARRIED,1.0,0,5,1,0.0,VP,34436.0
201728,0,51.0,SELFENQUIRY,1,6.0,SALARIED,MALE,3,3.0,BASIC,3.0,MARRIED,2.0,0,4,1,0.0,EXECUTIVE,17723.0
201730,0,32.0,COMPANYINVITED,1,13.0,SALARIED,MALE,3,1.0,BASIC,4.0,MARRIED,2.0,0,1,0,1.0,EXECUTIVE,17794.0
201731,0,38.0,COMPANYINVITED,3,8.0,SALARIED,MALE,2,4.0,DELUXE,3.0,MARRIED,4.0,0,5,1,1.0,MANAGER,20249.0
201732,0,32.0,SELFENQUIRY,1,8.0,LARGEBUSINESS,MALE,2,4.0,DELUXE,5.0,SINGLE,5.0,0,4,0,1.0,MANAGER,17176.0
201733,0,46.0,SELFENQUIRY,3,8.0,LARGEBUSINESS,FEMALE,3,5.0,SUPERDELUXE,4.0,MARRIED,4.0,1,5,1,0.0,AVP,31872.0
201735,0,29.0,SELFENQUIRY,3,8.0,SMALLBUSINESS,MALE,3,4.0,DELUXE,4.0,MARRIED,3.0,0,4,1,0.0,MANAGER,21644.0
201736,0,31.0,SELFENQUIRY,1,29.0,SMALLBUSINESS,MALE,3,4.0,DELUXE,3.0,MARRIED,1.0,0,3,0,1.0,MANAGER,20582.0
201738,0,45.0,SELFENQUIRY,1,26.0,SMALLBUSINESS,MALE,3,3.0,SUPERDELUXE,3.0,MARRIED,1.0,1,3,1,1.0,AVP,28496.0
201739,0,36.0,SELFENQUIRY,1,12.0,SALARIED,MALE,2,3.0,BASIC,3.0,MARRIED,1.0,0,5,1,1.0,EXECUTIVE,18210.0
201740,0,55.0,SELFENQUIRY,1,6.0,SMALLBUSINESS,MALE,2,3.0,KING,5.0,SINGLE,1.0,1,1,1,1.0,VP,34045.0
201741,1,47.0,COMPANYINVITED,1,35.0,SALARIED,MALE,2,3.0,STANDARD,4.0,MARRIED,2.0,1,3,1,0.0,SENIORMANAGER,26849.0
201742,0,28.0,SELFENQUIRY,1,15.0,SMALLBUSINESS,MALE,3,3.0,BASIC,3.0,MARRIED,2.0,0,1,1,0.0,EXECUTIVE,17070.0
201743,0,37.0,SELFENQUIRY,3,12.0,SMALLBUSINESS,MALE,3,3.0,DELUXE,3.0,MARRIED,5.0,0,3,1,0.0,MANAGER,21502.0
201744,0,21.0,SELFENQUIRY,1,9.0,SMALLBUSINESS,MALE,3,4.0,BASIC,3.0,SINGLE,2.0,0,5,1,2.0,EXECUTIVE,18230.0
201745,0,37.0,COMPANYINVITED,1,6.0,SMALLBUSINESS,FEMALE,3,3.0,STANDARD,3.0,MARRIED,3.0,1,3,0,0.0,SENIORMANAGER,28603.0
201746,0,35.0,SELFENQUIRY,1,28.0,SALARIED,FEMALE,3,1.0,STANDARD,4.0,MARRIED,1.0,0,5,1,2.0,SENIORMANAGER,26996.0
201747,0,38.0,SELFENQUIRY,3,13.0,SMALLBUSINESS,FEMALE,2,1.0,DELUXE,5.0,MARRIED,2.0,1,3,1,1.0,MANAGER,20605.0
201748,0,26.0,COMPANYINVITED,1,6.0,SALARIED,FEMALE,2,3.0,DELUXE,4.0,MARRIED,2.0,0,5,1,1.0,MANAGER,21397.0
201749,0,50.0,SELFENQUIRY,1,10.0,SALARIED,MALE,3,3.0,KING,4.0,MARRIED,4.0,0,5,0,1.0,VP,34144.0
201750,0,53.0,SELFENQUIRY,1,9.0,SMALLBUSINESS,MALE,2,3.0,SUPERDELUXE,3.0,MARRIED,4.0,1,5,1,0.0,AVP,32584.0
201751,0,42.0,SELFENQUIRY,3,6.0,SALARIED,MALE,1,3.0,DELUXE,3.0,MARRIED,2.0,0,3,1,0.0,MANAGER,19907.0
201753,0,55.0,SELFENQUIRY,1,26.0,LARGEBUSINESS,MALE,2,3.0,DELUXE,3.0,MARRIED,4.0,1,1,0,0.0,MANAGER,20415.0
201755,0,37.0,SELFENQUIRY,1,6.0,SALARIED,FEMALE,2,3.0,BASIC,3.0,SINGLE,2.0,0,1,1,0.0,EXECUTIVE,17115.0
201756,1,44.0,COMPANYINVITED,1,30.0,SALARIED,MALE,2,3.0,BASIC,3.0,MARRIED,4.0,1,5,0,1.0,EXECUTIVE,18161.0
201757,0,38.0,SELFENQUIRY,1,29.0,SALARIED,MALE,2,3.0,DELUXE,3.0,MARRIED,1.0,0,3,0,1.0,MANAGER,20745.0
201758,1,26.0,SELFENQUIRY,1,22.0,SMALLBUSINESS,MALE,2,3.0,BASIC,4.0,MARRIED,3.0,1,1,1,0.0,EXECUTIVE,17373.0
201759,0,28.0,SELFENQUIRY,1,14.0,SALARIED,FEMALE,3,3.0,BASIC,3.0,SINGLE,2.0,0,4,1,1.0,EXECUTIVE,18310.0
201760,0,49.0,COMPANYINVITED,1,16.0,SALARIED,FEMALE,2,3.0,KING,5.0,SINGLE,1.0,1,3,0,1.0,VP,33665.0
201762,0,31.0,COMPANYINVITED,3,11.0,SMALLBUSINESS,FEMALE,2,3.0,BASIC,4.0,MARRIED,2.0,0,3,0,0.0,EXECUTIVE,17789.0
201763,1,26.0,SELFENQUIRY,3,10.0,SMALLBUSINESS,MALE,2,4.0,DELUXE,3.0,SINGLE,2.0,1,1,1,0.0,MANAGER,20828.0
201764,0,37.0,COMPANYINVITED,1,15.0,SMALLBUSINESS,MALE,2,3.0,BASIC,3.0,MARRIED,2.0,1,1,0,1.0,EXECUTIVE,17326.0
201765,0,42.0,COMPANYINVITED,3,32.0,SMALLBUSINESS,FEMALE,3,3.0,SUPERDELUXE,4.0,MARRIED,6.0,0,3,1,1.0,AVP,28525.0
201766,1,18.0,SELFENQUIRY,1,9.0,SMALLBUSINESS,MALE,2,3.0,BASIC,3.0,SINGLE,2.0,0,4,1,0.0,EXECUTIVE,16420.0
201767,0,35.0,SELFENQUIRY,3,22.0,SMALLBUSINESS,MALE,3,3.0,STANDARD,4.0,MARRIED,1.0,0,1,1,1.0,SENIORMANAGER,23020.0
201769,0,51.0,SELFENQUIRY,1,8.0,SMALLBUSINESS,MALE,2,5.0,DELUXE,4.0,MARRIED,6.0,0,1,0,1.0,MANAGER,20482.0
201770,0,41.0,SELFENQUIRY,3,8.0,SALARIED,MALE,2,3.0,SUPERDELUXE,4.0,SINGLE,2.0,0,3,1,1.0,AVP,31015.0
201771,0,18.0,SELFENQUIRY,3,16.0,SMALLBUSINESS,FEMALE,3,4.0,BASIC,3.0,SINGLE,2.0,0,1,0,2.0,EXECUTIVE,16200.0
201772,0,28.0,SELFENQUIRY,1,22.0,SMALLBUSINESS,MALE,3,1.0,DELUXE,5.0,SINGLE,1.0,0,5,0,1.0,MANAGER,20661.0
201773,0,31.0,SELFENQUIRY,3,13.0,LARGEBUSINESS,MALE,3,1.0,DELUXE,3.0,MARRIED,5.0,0,1,1,1.0,MANAGER,21929.0
201774,0,39.0,SELFENQUIRY,1,6.0,SMALLBUSINESS,MALE,2,1.0,STANDARD,3.0,MARRIED,1.0,0,3,1,0.0,SENIORMANAGER,24613.0
201775,0,36.0,COMPANYINVITED,1,30.0,SALARIED,FEMALE,2,3.0,DELUXE,4.0,MARRIED,1.0,0,3,1,1.0,MANAGER,20674.0
201776,0,32.0,SELFENQUIRY,3,13.0,SALARIED,MALE,3,4.0,DELUXE,3.0,MARRIED,2.0,0,3,1,0.0,MANAGER,20484.0
201777,0,38.0,SELFENQUIRY,1,31.0,SALARIED,FEMALE,2,4.0,STANDARD,4.0,MARRIED,4.0,0,3,0,1.0,SENIORMANAGER,27061.0
201778,0,58.0,COMPANYINVITED,1,6.0,SALARIED,MALE,2,5.0,DELUXE,3.0,MARRIED,3.0,1,1,1,1.0,MANAGER,20660.0
201780,0,31.0,SELFENQUIRY,2,8.0,SALARIED,MALE,3,4.0,DELUXE,5.0,MARRIED,4.0,0,3,0,2.0,MANAGER,21410.0
201781,0,45.0,COMPANYINVITED,1,13.0,SALARIED,MALE,3,3.0,STANDARD,5.0,MARRIED,2.0,0,1,1,0.0,SENIORMANAGER,20210.0
201782,0,31.0,SELFENQUIRY,1,8.0,SALARIED,MALE,2,3.0,BASIC,3.0,MARRIED,1.0,1,4,1,1.0,EXECUTIVE,17695.0
201783,0,33.0,COMPANYINVITED,1,11.0,SALARIED,FEMALE,3,3.0,STANDARD,4.0,MARRIED,7.0,0,3,1,1.0,SENIORMANAGER,26878.0
201784,0,39.0,SELFENQUIRY,1,16.0,SMALLBUSINESS,MALE,3,3.0,SUPERDELUXE,5.0,MARRIED,2.0,1,3,1,2.0,AVP,32068.0
201785,0,43.0,COMPANYINVITED,1,16.0,SALARIED,FEMALE,2,3.0,BASIC,3.0,SINGLE,1.0,0,5,0,0.0,EXECUTIVE,17455.0
201786,0,49.0,SELFENQUIRY,1,6.0,LARGEBUSINESS,FEMALE,2,4.0,SUPERDELUXE,3.0,SINGLE,1.0,1,3,0,0.0,AVP,28964.0
201788,0,27.0,SELFENQUIRY,1,11.0,SALARIED,FEMALE,2,3.0,BASIC,4.0,SINGLE,2.0,1,3,0,1.0,EXECUTIVE,17478.0
201789,0,32.0,SELFENQUIRY,3,14.0,LARGEBUSINESS,FEMALE,3,4.0,DELUXE,4.0,MARRIED,2.0,1,1,1,2.0,MANAGER,20228.0
201791,0,31.0,SELFENQUIRY,3,13.0,SMALLBUSINESS,MALE,3,3.0,DELUXE,3.0,MARRIED,5.0,0,1,0,0.0,MANAGER,22547.0
201792,0,32.0,SELFENQUIRY,1,8.0,SMALLBUSINESS,FEMALE,3,1.0,DELUXE,3.0,SINGLE,1.0,0,3,0,0.0,MANAGER,20055.0
201794,0,30.0,SELFENQUIRY,1,34.0,SMALLBUSINESS,FEMALE,3,3.0,DELUXE,3.0,MARRIED,2.0,0,3,1,2.0,MANAGER,20775.0
201795,0,31.0,COMPANYINVITED,1,13.0,SALARIED,FEMALE,2,4.0,STANDARD,3.0,MARRIED,2.0,0,1,1,0.0,SENIORMANAGER,23943.0
201796,0,39.0,COMPANYINVITED,1,13.0,SMALLBUSINESS,MALE,2,4.0,KING,3.0,MARRIED,2.0,0,5,1,0.0,VP,34272.0
201797,1,39.0,SELFENQUIRY,3,9.0,SMALLBUSINESS,FEMALE,2,3.0,DELUXE,3.0,MARRIED,5.0,1,4,1,1.0,MANAGER,20238.0
201799,0,47.0,SELFENQUIRY,1,11.0,SALARIED,MALE,2,3.0,KING,3.0,MARRIED,5.0,0,1,1,0.0,VP,33300.0
201800,0,43.0,COMPANYINVITED,1,16.0,SALARIED,FEMALE,2,4.0,DELUXE,3.0,MARRIED,2.0,0,3,1,0.0,MANAGER,20257.0
201801,0,27.0,COMPANYINVITED,3,6.0,SMALLBUSINESS,MALE,3,3.0,DELUXE,4.0,MARRIED,1.0,1,1,0,1.0,MANAGER,21349.0
201803,0,43.0,SELFENQUIRY,1,13.0,SALARIED,FEMALE,2,3.0,STANDARD,5.0,MARRIED,1.0,0,5,1,0.0,SENIORMANAGER,24985.0
201805,0,40.0,SELFENQUIRY,3,6.0,SMALLBUSINESS,MALE,2,5.0,DELUXE,3.0,MARRIED,3.0,1,3,1,0.0,MANAGER,22457.0
201806,1,29.0,SELFENQUIRY,1,14.0,SALARIED,MALE,3,5.0,BASIC,5.0,MARRIED,2.0,1,3,0,1.0,EXECUTIVE,17119.0
201808,0,30.0,SELFENQUIRY,3,11.0,SMALLBUSINESS,FEMALE,1,4.0,DELUXE,3.0,MARRIED,2.0,0,1,1,0.0,MANAGER,21118.0
201809,0,27.0,SELFENQUIRY,3,14.0,SMALLBUSINESS,FEMALE,2,3.0,DELUXE,4.0,MARRIED,2.0,0,1,0,1.0,MANAGER,21214.0
201810,0,37.0,SELFENQUIRY,1,11.0,SMALLBUSINESS,MALE,3,3.0,DELUXE,3.0,MARRIED,1.0,0,3,1,2.0,MANAGER,21347.0
201811,0,38.0,SELFENQUIRY,1,21.0,SALARIED,MALE,3,4.0,STANDARD,3.0,MARRIED,1.0,1,5,1,2.0,SENIORMANAGER,26510.0
201812,0,31.0,SELFENQUIRY,1,13.0,SMALLBUSINESS,FEMALE,2,3.0,STANDARD,3.0,UNMARRIED,2.0,1,4,1,1.0,SENIORMANAGER,22143.0
201813,0,29.0,SELFENQUIRY,3,16.0,SMALLBUSINESS,FEMALE,2,4.0,DELUXE,4.0,MARRIED,2.0,1,5,1,0.0,MANAGER,23268.0
201814,0,35.0,SELFENQUIRY,1,11.0,LARGEBUSINESS,MALE,3,3.0,STANDARD,4.0,UNMARRIED,1.0,0,3,1,1.0,SENIORMANAGER,23095.0
201815,0,23.0,SELFENQUIRY,1,32.0,SALARIED,MALE,2,3.0,BASIC,3.0,MARRIED,2.0,0,1,0,1.0,EXECUTIVE,17904.0
201816,0,41.0,SELFENQUIRY,1,12.0,SMALLBUSINESS,MALE,3,4.0,DELUXE,4.0,SINGLE,7.0,1,3,1,2.0,MANAGER,21032.0
201817,0,47.0,COMPANYINVITED,3,10.0,SMALLBUSINESS,MALE,3,3.0,DELUXE,3.0,SINGLE,4.0,0,4,0,2.0,MANAGER,17976.0
201818,0,42.0,SELFENQUIRY,1,29.0,SALARIED,FEMALE,2,3.0,SUPERDELUXE,3.0,SINGLE,3.0,0,3,0,0.0,AVP,30992.0
201820,0,42.0,SELFENQUIRY,2,8.0,LARGEBUSINESS,MALE,2,3.0,BASIC,3.0,MARRIED,1.0,1,4,1,1.0,EXECUTIVE,17696.0
201821,0,32.0,SELFENQUIRY,1,8.0,SMALLBUSINESS,FEMALE,3,3.0,BASIC,4.0,MARRIED,2.0,0,4,0,1.0,EXECUTIVE,17370.0
201822,0,48.0,SELFENQUIRY,3,35.0,SMALLBUSINESS,FEMALE,3,3.0,STANDARD,3.0,MARRIED,4.0,0,4,0,1.0,SENIORMANAGER,27504.0
201823,0,37.0,SELFENQUIRY,1,12.0,SMALLBUSINESS,MALE,2,1.0,DELUXE,5.0,MARRIED,5.0,1,3,1,1.0,MANAGER,20974.0
201825,0,26.0,SELFENQUIRY,3,6.0,SALARIED,MALE,2,3.0,DELUXE,3.0,MARRIED,2.0,0,5,0,1.0,MANAGER,20296.0
201826,0,42.0,SELFENQUIRY,1,8.0,SALARIED,MALE,3,4.0,DELUXE,3.0,UNMARRIED,4.0,0,1,1,0.0,MANAGER,21781.0
201827,1,21.0,COMPANYINVITED,3,6.0,LARGEBUSINESS,FEMALE,3,4.0,BASIC,4.0,SINGLE,2.0,1,5,1,2.0,EXECUTIVE,17174.0
201828,0,36.0,COMPANYINVITED,3,6.0,SMALLBUSINESS,FEMALE,2,3.0,DELUXE,3.0,UNMARRIED,5.0,0,1,1,1.0,MANAGER,21653.0
201829,0,36.0,COMPANYINVITED,3,9.0,SMALLBUSINESS,MALE,2,4.0,STANDARD,3.0,MARRIED,5.0,0,1,0,0.0,SENIORMANAGER,24699.0
201830,0,57.0,SELFENQUIRY,1,6.0,SMALLBUSINESS,MALE,2,3.0,DELUXE,3.0,MARRIED,3.0,0,3,0,1.0,MANAGER,21755.0
201831,0,40.0,SELFENQUIRY,1,16.0,SALARIED,FEMALE,2,1.0,BASIC,3.0,MARRIED,4.0,1,3,0,1.0,EXECUTIVE,17213.0
201832,0,21.0,COMPANYINVITED,3,15.0,SMALLBUSINESS,MALE,2,3.0,BASIC,3.0,SINGLE,2.0,0,4,1,0.0,EXECUTIVE,17610.0
201833,1,33.0,SELFENQUIRY,3,11.0,SMALLBUSINESS,FEMALE,2,3.0,BASIC,3.0,SINGLE,2.0,1,1,0,1.0,EXECUTIVE,17851.0
201835,0,46.0,COMPANYINVITED,1,13.0,SMALLBUSINESS,FEMALE,1,3.0,DELUXE,3.0,MARRIED,3.0,0,5,1,0.0,MANAGER,20258.0
201836,1,41.0,COMPANYINVITED,3,10.0,SMALLBUSINESS,MALE,2,3.0,DELUXE,4.0,UNMARRIED,2.0,0,3,1,0.0,MANAGER,24355.0
201837,0,50.0,SELFENQUIRY,1,16.0,LARGEBUSINESS,MALE,3,4.0,STANDARD,3.0,UNMARRIED,7.0,0,5,1,1.0,SENIORMANAGER,25496.0
201838,1,40.0,SELFENQUIRY,3,28.0,SMALLBUSINESS,MALE,3,4.0,DELUXE,3.0,MARRIED,3.0,1,3,1,0.0,MANAGER,21380.0
201839,0,31.0,SELFENQUIRY,1,15.0,SALARIED,MALE,2,4.0,BASIC,4.0,SINGLE,1.0,1,3,1,0.0,EXECUTIVE,17657.0
201840,1,21.0,SELFENQUIRY,3,18.0,SALARIED,FEMALE,2,1.0,BASIC,4.0,SINGLE,2.0,0,5,0,1.0,EXECUTIVE,17716.0
201841,0,29.0,SELFENQUIRY,1,29.0,SALARIED,MALE,2,3.0,BASIC,3.0,SINGLE,1.0,0,3,0,0.0,EXECUTIVE,17201.0
201842,0,35.0,SELFENQUIRY,1,15.0,SALARIED,MALE,3,4.0,DELUXE,4.0,UNMARRIED,1.0,0,1,0,1.0,MANAGER,21540.0
201844,0,28.0,SELFENQUIRY,3,15.0,SALARIED,MALE,3,3.0,DELUXE,3.0,SINGLE,2.0,0,3,1,1.0,MANAGER,20253.0
201845,0,49.0,SELFENQUIRY,1,13.0,SALARIED,MALE,2,4.0,STANDARD,3.0,UNMARRIED,1.0,0,1,1,0.0,SENIORMANAGER,25965.0
201847,0,36.0,SELFENQUIRY,1,8.0,SALARIED,FEMALE,3,3.0,BASIC,3.0,MARRIED,5.0,0,5,1,0.0,EXECUTIVE,17543.0
201848,1,34.0,COMPANYINVITED,3,25.0,SMALLBUSINESS,MALE,3,1.0,DELUXE,3.0,SINGLE,1.0,1,1,0,0.0,MANAGER,20304.0
201849,0,55.0,SELFENQUIRY,1,8.0,SALARIED,FEMALE,3,3.0,SUPERDELUXE,3.0,SINGLE,3.0,1,5,0,0.0,AVP,31659.0
201851,0,30.0,SELFENQUIRY,3,8.0,LARGEBUSINESS,MALE,3,3.0,BASIC,4.0,MARRIED,2.0,0,3,1,0.0,EXECUTIVE,17476.0
201852,1,26.0,COMPANYINVITED,1,9.0,LARGEBUSINESS,MALE,3,3.0,BASIC,5.0,SINGLE,1.0,0,3,0,1.0,EXECUTIVE,18102.0
201853,0,22.0,SELFENQUIRY,1,17.0,SMALLBUSINESS,FEMALE,2,3.0,BASIC,4.0,MARRIED,2.0,0,1,1,1.0,EXECUTIVE,17244.0
201854,0,36.0,SELFENQUIRY,3,8.0,SMALLBUSINESS,MALE,3,4.0,STANDARD,3.0,MARRIED,2.0,0,1,1,1.0,SENIORMANAGER,22596.0
201855,1,30.0,COMPANYINVITED,1,10.0,LARGEBUSINESS,MALE,2,3.0,BASIC,3.0,SINGLE,1.0,1,4,1,0.0,EXECUTIVE,17285.0
201856,0,37.0,SELFENQUIRY,1,20.0,SALARIED,FEMALE,3,3.0,BASIC,5.0,MARRIED,2.0,0,4,1,1.0,EXECUTIVE,18034.0
201857,0,40.0,SELFENQUIRY,3,8.0,SMALLBUSINESS,FEMALE,2,3.0,DELUXE,4.0,MARRIED,1.0,0,1,0,0.0,MANAGER,20715.0
201858,0,42.0,SELFENQUIRY,1,6.0,SALARIED,FEMALE,3,3.0,BASIC,5.0,MARRIED,4.0,0,3,0,2.0,EXECUTIVE,17576.0
201860,0,43.0,SELFENQUIRY,1,18.0,SALARIED,MALE,2,4.0,SUPERDELUXE,4.0,MARRIED,2.0,0,3,1,1.0,AVP,29336.0
201862,0,54.0,SELFENQUIRY,1,11.0,SMALLBUSINESS,MALE,2,3.0,KING,5.0,MARRIED,5.0,0,4,1,0.0,VP,34406.0
201863,0,34.0,COMPANYINVITED,3,10.0,SMALLBUSINESS,FEMALE,3,3.0,DELUXE,3.0,MARRIED,1.0,0,1,0,0.0,MANAGER,21538.0
201865,0,43.0,COMPANYINVITED,1,27.0,SMALLBUSINESS,MALE,3,3.0,BASIC,3.0,MARRIED,1.0,0,4,1,2.0,EXECUTIVE,17258.0
201869,0,31.0,SELFENQUIRY,1,6.0,SALARIED,MALE,3,4.0,BASIC,5.0,MARRIED,2.0,0,4,1,1.0,EXECUTIVE,17218.0
201870,0,39.0,COMPANYINVITED,1,6.0,SALARIED,MALE,2,3.0,KING,3.0,MARRIED,2.0,1,3,0,0.0,VP,34197.0
201871,0,56.0,COMPANYINVITED,3,12.0,SALARIED,FEMALE,2,1.0,SUPERDELUXE,5.0,MARRIED,1.0,0,3,1,0.0,AVP,28212.0
201872,0,30.0,SELFENQUIRY,3,18.0,LARGEBUSINESS,FEMALE,2,3.0,DELUXE,3.0,UNMARRIED,1.0,0,1,1,1.0,MANAGER,21577.0
201873,0,41.0,SELFENQUIRY,3,6.0,SMALLBUSINESS,MALE,2,1.0,STANDARD,5.0,MARRIED,2.0,0,3,1,1.0,SENIORMANAGER,23392.0
201876,0,52.0,SELFENQUIRY,1,9.0,SMALLBUSINESS,MALE,2,4.0,STANDARD,3.0,MARRIED,3.0,1,1,1,0.0,SENIORMANAGER,22969.0
201877,0,45.0,SELFENQUIRY,1,16.0,SALARIED,MALE,3,3.0,BASIC,3.0,MARRIED,4.0,0,5,0,2.0,EXECUTIVE,17654.0
201878,0,52.0,SELFENQUIRY,1,10.0,SALARIED,FEMALE,1,3.0,SUPERDELUXE,3.0,MARRIED,3.0,0,5,1,0.0,AVP,31555.0
201880,0,30.0,SELFENQUIRY,1,8.0,SALARIED,FEMALE,2,5.0,DELUXE,3.0,SINGLE,3.0,0,1,1,0.0,MANAGER,21091.0
201881,0,60.0,SELFENQUIRY,1,13.0,SALARIED,FEMALE,2,3.0,KING,5.0,MARRIED,6.0,0,5,1,0.0,VP,34566.0
201884,1,24.0,SELFENQUIRY,3,6.0,LARGEBUSINESS,FEMALE,3,3.0,BASIC,4.0,SINGLE,2.0,1,4,0,0.0,EXECUTIVE,18202.0
201885,1,34.0,COMPANYINVITED,3,12.0,SMALLBUSINESS,FEMALE,2,5.0,BASIC,3.0,MARRIED,1.0,0,4,0,1.0,EXECUTIVE,17351.0
201886,0,38.0,COMPANYINVITED,1,8.0,SALARIED,MALE,2,3.0,BASIC,3.0,MARRIED,2.0,1,5,1,0.0,EXECUTIVE,16702.0
201887,0,40.0,SELFENQUIRY,3,8.0,SALARIED,FEMALE,3,3.0,KING,3.0,MARRIED,1.0,0,3,1,0.0,VP,33041.0
201888,0,26.0,SELFENQUIRY,1,29.0,SALARIED,FEMALE,2,3.0,BASIC,3.0,MARRIED,2.0,0,3,0,0.0,EXECUTIVE,17886.0
201889,0,30.0,COMPANYINVITED,1,9.0,SALARIED,MALE,2,3.0,BASIC,3.0,MARRIED,5.0,0,3,1,0.0,EXECUTIVE,17097.0
201890,0,29.0,SELFENQUIRY,1,9.0,SMALLBUSINESS,MALE,3,4.0,STANDARD,3.0,MARRIED,2.0,0,1,0,2.0,SENIORMANAGER,26935.0
201891,1,29.0,SELFENQUIRY,1,31.0,LARGEBUSINESS,FEMALE,3,4.0,BASIC,4.0,MARRIED,6.0,0,3,1,2.0,EXECUTIVE,17546.0
201892,1,19.0,SELFENQUIRY,2,8.0,LARGEBUSINESS,MALE,2,4.0,BASIC,3.0,SINGLE,2.0,0,3,0,0.0,EXECUTIVE,17564.0
201893,0,30.0,COMPANYINVITED,3,28.0,SALARIED,FEMALE,3,3.0,STANDARD,5.0,MARRIED,1.0,0,1,1,1.0,SENIORMANAGER,23412.0
201894,0,57.0,SELFENQUIRY,3,35.0,SMALLBUSINESS,MALE,2,4.0,SUPERDELUXE,3.0,MARRIED,4.0,0,3,1,0.0,AVP,29118.0
201895,0,50.0,SELFENQUIRY,1,35.0,SALARIED,MALE,2,4.0,SUPERDELUXE,3.0,MARRIED,1.0,0,5,1,1.0,AVP,32046.0
201896,0,30.0,COMPANYINVITED,1,8.0,SMALLBUSINESS,FEMALE,2,3.0,BASIC,3.0,SINGLE,1.0,0,4,1,0.0,EXECUTIVE,17564.0
201897,0,60.0,COMPANYINVITED,3,34.0,SMALLBUSINESS,FEMALE,3,4.0,STANDARD,5.0,MARRIED,5.0,0,1,1,0.0,SENIORMANAGER,25266.0
201898,0,47.0,SELFENQUIRY,1,8.0,SMALLBUSINESS,FEMALE,3,3.0,DELUXE,3.0,MARRIED,6.0,0,1,0,0.0,MANAGER,20070.0
201899,0,46.0,SELFENQUIRY,1,8.0,SALARIED,MALE,2,3.0,SUPERDELUXE,3.0,MARRIED,7.0,0,5,1,0.0,AVP,32861.0
201902,0,34.0,SELFENQUIRY,1,8.0,SALARIED,MALE,3,4.0,BASIC,3.0,MARRIED,4.0,0,5,1,2.0,EXECUTIVE,17768.0
201903,0,46.0,SELFENQUIRY,3,16.0,SMALLBUSINESS,FEMALE,3,4.0,STANDARD,3.0,MARRIED,3.0,1,1,0,0.0,SENIORMANAGER,24071.0
201904,0,31.0,SELFENQUIRY,1,15.0,SALARIED,MALE,2,3.0,STANDARD,4.0,MARRIED,2.0,0,3,0,0.0,SENIORMANAGER,25648.0
201905,1,33.0,SELFENQUIRY,1,21.0,SMALLBUSINESS,MALE,2,3.0,STANDARD,3.0,MARRIED,1.0,1,5,1,0.0,SENIORMANAGER,28610.0
201907,0,30.0,SELFENQUIRY,3,13.0,SMALLBUSINESS,MALE,2,3.0,BASIC,4.0,SINGLE,1.0,0,1,0,0.0,EXECUTIVE,17983.0
201908,0,35.0,SELFENQUIRY,1,22.0,SALARIED,MALE,3,3.0,STANDARD,3.0,MARRIED,5.0,1,1,0,0.0,SENIORMANAGER,22632.0
201909,1,31.0,COMPANYINVITED,1,26.0,SALARIED,MALE,3,3.0,STANDARD,3.0,MARRIED,4.0,0,3,1,0.0,SENIORMANAGER,24824.0
201910,1,34.0,COMPANYINVITED,2,29.0,SALARIED,FEMALE,2,3.0,STANDARD,5.0,MARRIED,1.0,1,3,1,0.0,SENIORMANAGER,24950.0
201911,0,42.0,COMPANYINVITED,1,11.0,SALARIED,MALE,3,3.0,BASIC,3.0,MARRIED,5.0,0,3,0,1.0,EXECUTIVE,17093.0
201912,0,36.0,COMPANYINVITED,3,16.0,SMALLBUSINESS,MALE,2,3.0,STANDARD,3.0,UNMARRIED,2.0,0,1,1,1.0,SENIORMANAGER,24980.0
201915,0,55.0,SELFENQUIRY,3,24.0,SALARIED,FEMALE,2,3.0,SUPERDELUXE,4.0,SINGLE,4.0,0,1,1,0.0,AVP,31835.0
201916,0,41.0,COMPANYINVITED,3,16.0,SALARIED,MALE,2,3.0,DELUXE,3.0,SINGLE,1.0,0,1,0,1.0,MANAGER,21230.0
201918,0,40.0,SELFENQUIRY,1,12.0,SALARIED,FEMALE,3,3.0,SUPERDELUXE,3.0,UNMARRIED,1.0,0,5,1,0.0,AVP,28237.0
201920,0,31.0,SELFENQUIRY,3,8.0,SALARIED,MALE,3,3.0,DELUXE,3.0,UNMARRIED,5.0,1,5,1,1.0,MANAGER,21582.0
201921,0,42.0,SELFENQUIRY,1,30.0,SMALLBUSINESS,MALE,2,3.0,STANDARD,5.0,MARRIED,2.0,1,1,1,0.0,SENIORMANAGER,22406.0
201923,1,26.0,COMPANYINVITED,2,23.0,SALARIED,FEMALE,2,3.0,BASIC,3.0,MARRIED,1.0,1,5,0,1.0,EXECUTIVE,17741.0
201925,0,33.0,SELFENQUIRY,1,6.0,SMALLBUSINESS,FEMALE,3,1.0,SUPERDELUXE,3.0,MARRIED,5.0,0,1,1,0.0,AVP,31184.0
201926,0,31.0,SELFENQUIRY,3,13.0,SALARIED,MALE,2,4.0,STANDARD,3.0,MARRIED,1.0,0,3,1,0.0,SENIORMANAGER,26557.0
201927,1,18.0,COMPANYINVITED,3,11.0,SMALLBUSINESS,MALE,3,3.0,BASIC,4.0,SINGLE,2.0,1,4,1,0.0,EXECUTIVE,16878.0
201928,0,40.0,COMPANYINVITED,3,34.0,SALARIED,MALE,2,5.0,STANDARD,5.0,MARRIED,4.0,0,5,0,1.0,SENIORMANAGER,25932.0
201929,0,41.0,COMPANYINVITED,1,8.0,SALARIED,FEMALE,3,4.0,DELUXE,3.0,UNMARRIED,3.0,1,1,0,0.0,MANAGER,21811.0
201932,0,34.0,SELFENQUIRY,3,27.0,SALARIED,MALE,3,1.0,DELUXE,3.0,SINGLE,2.0,0,3,0,0.0,MANAGER,20337.0
201933,1,26.0,SELFENQUIRY,1,30.0,LARGEBUSINESS,MALE,3,5.0,BASIC,3.0,SINGLE,2.0,1,3,0,1.0,EXECUTIVE,17340.0
201934,0,37.0,SELFENQUIRY,1,6.0,LARGEBUSINESS,FEMALE,2,3.0,STANDARD,3.0,UNMARRIED,5.0,0,5,1,0.0,SENIORMANAGER,22491.0
201935,0,46.0,COMPANYINVITED,1,24.0,SMALLBUSINESS,FEMALE,2,3.0,STANDARD,3.0,MARRIED,6.0,0,3,0,1.0,SENIORMANAGER,25527.0
201936,0,41.0,SELFENQUIRY,3,8.0,SALARIED,FEMALE,3,3.0,SUPERDELUXE,5.0,MARRIED,1.0,0,5,1,2.0,AVP,31595.0
201937,0,37.0,COMPANYINVITED,3,15.0,SMALLBUSINESS,MALE,3,3.0,STANDARD,4.0,MARRIED,2.0,0,1,1,2.0,SENIORMANAGER,23834.0
201938,0,52.0,SELFENQUIRY,1,12.0,LARGEBUSINESS,MALE,3,3.0,DELUXE,5.0,MARRIED,4.0,1,4,1,1.0,MANAGER,20577.0
201940,0,24.0,COMPANYINVITED,3,30.0,SMALLBUSINESS,MALE,2,3.0,BASIC,3.0,MARRIED,1.0,0,4,1,1.0,EXECUTIVE,17400.0
201941,0,38.0,SELFENQUIRY,1,16.0,SMALLBUSINESS,FEMALE,3,3.0,DELUXE,3.0,MARRIED,4.0,0,3,0,1.0,MANAGER,24824.0
201942,0,37.0,SELFENQUIRY,1,6.0,SALARIED,FEMALE,3,3.0,DELUXE,4.0,MARRIED,7.0,0,1,1,2.0,MANAGER,21447.0
201943,0,49.0,SELFENQUIRY,1,24.0,SALARIED,MALE,2,4.0,KING,3.0,MARRIED,2.0,1,3,1,0.0,VP,34502.0
201944,0,24.0,SELFENQUIRY,1,29.0,SMALLBUSINESS,MALE,2,1.0,BASIC,3.0,MARRIED,2.0,1,4,0,0.0,EXECUTIVE,17725.0
201945,0,26.0,SELFENQUIRY,3,34.0,SMALLBUSINESS,MALE,3,3.0,DELUXE,4.0,MARRIED,2.0,0,3,0,0.0,MANAGER,21272.0
201946,0,24.0,SELFENQUIRY,1,23.0,SALARIED,MALE,3,4.0,BASIC,4.0,MARRIED,2.0,0,3,1,1.0,EXECUTIVE,17127.0
201947,0,50.0,COMPANYINVITED,2,9.0,SMALLBUSINESS,MALE,3,3.0,KING,4.0,MARRIED,2.0,0,1,1,2.0,VP,33200.0
201948,0,25.0,SELFENQUIRY,3,19.0,SMALLBUSINESS,MALE,2,3.0,BASIC,3.0,MARRIED,2.0,0,3,1,1.0,EXECUTIVE,17096.0
201949,1,24.0,COMPANYINVITED,1,13.0,SALARIED,FEMALE,2,3.0,BASIC,3.0,MARRIED,2.0,1,4,0,0.0,EXECUTIVE,17886.0
201950,1,30.0,COMPANYINVITED,3,18.0,SALARIED,MALE,3,4.0,BASIC,5.0,MARRIED,2.0,0,5,1,2.0,EXECUTIVE,17033.0
201954,0,31.0,SELFENQUIRY,3,12.0,SMALLBUSINESS,MALE,3,1.0,DELUXE,3.0,MARRIED,5.0,0,5,1,1.0,MANAGER,20460.0
201955,0,27.0,SELFENQUIRY,1,12.0,SMALLBUSINESS,FEMALE,3,4.0,BASIC,3.0,MARRIED,1.0,0,1,0,1.0,EXECUTIVE,17187.0
201956,0,37.0,SELFENQUIRY,3,8.0,SMALLBUSINESS,MALE,3,3.0,DELUXE,3.0,MARRIED,5.0,1,3,0,2.0,MANAGER,24602.0
201957,0,20.0,SELFENQUIRY,1,6.0,SALARIED,FEMALE,2,4.0,BASIC,4.0,SINGLE,2.0,0,4,0,1.0,EXECUTIVE,17836.0
201959,0,43.0,SELFENQUIRY,1,12.0,SALARIED,MALE,2,4.0,SUPERDELUXE,3.0,MARRIED,5.0,1,3,1,0.0,AVP,31627.0
201960,0,38.0,SELFENQUIRY,1,6.0,SALARIED,FEMALE,2,3.0,BASIC,5.0,SINGLE,4.0,0,1,0,1.0,EXECUTIVE,17619.0
201961,0,43.0,COMPANYINVITED,1,15.0,SMALLBUSINESS,MALE,3,3.0,DELUXE,3.0,MARRIED,4.0,1,3,1,2.0,MANAGER,20679.0
201962,0,48.0,SELFENQUIRY,1,6.0,SALARIED,FEMALE,2,4.0,SUPERDELUXE,5.0,MARRIED,1.0,0,4,0,0.0,AVP,30402.0
201963,0,44.0,SELFENQUIRY,2,6.0,SALARIED,FEMALE,2,4.0,DELUXE,3.0,SINGLE,5.0,0,5,1,1.0,MANAGER,20985.0
201964,0,34.0,SELFENQUIRY,3,20.0,LARGEBUSINESS,FEMALE,2,3.0,BASIC,3.0,MARRIED,2.0,1,5,1,0.0,EXECUTIVE,17579.0
201965,1,27.0,SELFENQUIRY,3,8.0,SMALLBUSINESS,MALE,2,3.0,BASIC,5.0,MARRIED,1.0,0,5,1,1.0,EXECUTIVE,18041.0
201967,0,44.0,SELFENQUIRY,1,9.0,SALARIED,MALE,2,3.0,KING,3.0,MARRIED,5.0,1,1,0,1.0,VP,34513.0
201968,0,22.0,SELFENQUIRY,1,12.0,SMALLBUSINESS,MALE,3,3.0,BASIC,3.0,MARRIED,1.0,0,1,1,1.0,EXECUTIVE,17773.0
201969,0,33.0,SELFENQUIRY,3,14.0,SMALLBUSINESS,MALE,2,3.0,DELUXE,3.0,MARRIED,1.0,0,1,0,0.0,MANAGER,22104.0
201970,0,32.0,SELFENQUIRY,1,15.0,SALARIED,FEMALE,3,3.0,DELUXE,3.0,MARRIED,2.0,1,5,1,2.0,MANAGER,21322.0
201971,0,30.0,COMPANYINVITED,1,9.0,SMALLBUSINESS,FEMALE,3,3.0,BASIC,3.0,MARRIED,2.0,0,3,1,1.0,EXECUTIVE,17083.0
201972,0,53.0,SELFENQUIRY,3,6.0,SMALLBUSINESS,FEMALE,2,3.0,DELUXE,5.0,UNMARRIED,1.0,0,1,1,1.0,MANAGER,23381.0
201973,0,34.0,SELFENQUIRY,1,6.0,SALARIED,MALE,2,3.0,BASIC,3.0,MARRIED,2.0,0,3,1,1.0,EXECUTIVE,17691.0
201975,0,26.0,SELFENQUIRY,1,12.0,SALARIED,FEMALE,3,3.0,BASIC,3.0,MARRIED,2.0,1,1,0,1.0,EXECUTIVE,17659.0
201976,0,37.0,SELFENQUIRY,1,9.0,SALARIED,MALE,2,3.0,STANDARD,3.0,MARRIED,2.0,0,1,1,0.0,SENIORMANAGER,24434.0
201977,0,29.0,SELFENQUIRY,3,9.0,SMALLBUSINESS,FEMALE,3,3.0,DELUXE,3.0,MARRIED,2.0,0,1,0,0.0,MANAGER,20561.0
201978,0,35.0,SELFENQUIRY,1,12.0,SALARIED,MALE,2,5.0,DELUXE,3.0,UNMARRIED,2.0,0,5,0,1.0,MANAGER,21646.0
201979,0,33.0,COMPANYINVITED,1,12.0,SALARIED,MALE,1,3.0,DELUXE,3.0,MARRIED,4.0,0,5,1,0.0,MANAGER,22725.0
201980,0,54.0,SELFENQUIRY,2,25.0,SMALLBUSINESS,MALE,2,3.0,STANDARD,4.0,MARRIED,3.0,0,3,1,1.0,SENIORMANAGER,25725.0
201981,0,36.0,SELFENQUIRY,1,15.0,SMALLBUSINESS,MALE,2,4.0,DELUXE,4.0,MARRIED,3.0,1,4,0,1.0,MANAGER,23847.0
201982,0,27.0,SELFENQUIRY,1,9.0,SMALLBUSINESS,MALE,2,4.0,BASIC,3.0,SINGLE,1.0,0,1,1,1.0,EXECUTIVE,17045.0
201983,1,20.0,SELFENQUIRY,1,16.0,SMALLBUSINESS,MALE,2,3.0,BASIC,3.0,SINGLE,2.0,1,5,1,1.0,EXECUTIVE,16009.0
201985,0,35.0,COMPANYINVITED,1,9.0,SALARIED,MALE,2,4.0,BASIC,3.0,MARRIED,2.0,0,1,1,1.0,EXECUTIVE,16281.0
201986,0,23.0,SELFENQUIRY,1,10.0,SMALLBUSINESS,MALE,2,1.0,BASIC,5.0,MARRIED,3.0,0,4,0,1.0,EXECUTIVE,17819.0
201989,0,29.0,COMPANYINVITED,1,6.0,SALARIED,MALE,3,5.0,BASIC,3.0,MARRIED,2.0,0,1,0,2.0,EXECUTIVE,17720.0
201990,0,48.0,SELFENQUIRY,3,8.0,SMALLBUSINESS,MALE,2,1.0,DELUXE,4.0,MARRIED,4.0,0,3,0,1.0,MANAGER,23120.0
201993,0,50.0,SELFENQUIRY,1,34.0,SMALLBUSINESS,MALE,3,1.0,BASIC,3.0,MARRIED,2.0,1,1,0,1.0,EXECUTIVE,18221.0
201994,0,34.0,SELFENQUIRY,1,15.0,SMALLBUSINESS,FEMALE,2,4.0,STANDARD,4.0,UNMARRIED,2.0,0,1,1,0.0,SENIORMANAGER,23621.0
201997,0,32.0,SELFENQUIRY,3,16.0,SMALLBUSINESS,MALE,2,3.0,DELUXE,3.0,SINGLE,2.0,0,4,1,1.0,MANAGER,20396.0
201998,1,50.0,COMPANYINVITED,3,14.0,LARGEBUSINESS,MALE,2,3.0,DELUXE,3.0,MARRIED,4.0,1,5,0,0.0,MANAGER,21796.0
201999,0,38.0,SELFENQUIRY,1,6.0,SALARIED,FEMALE,2,1.0,DELUXE,3.0,UNMARRIED,1.0,0,1,0,0.0,MANAGER,22625.0
202000,0,27.0,SELFENQUIRY,1,6.0,SALARIED,FEMALE,3,3.0,STANDARD,5.0,MARRIED,2.0,0,4,0,2.0,SENIORMANAGER,22412.0
202001,0,32.0,SELFENQUIRY,1,9.0,SALARIED,FEMALE,2,3.0,STANDARD,3.0,UNMARRIED,4.0,0,1,1,0.0,SENIORMANAGER,26159.0
202003,0,40.0,COMPANYINVITED,3,11.0,SALARIED,MALE,2,4.0,STANDARD,5.0,MARRIED,6.0,1,5,0,0.0,SENIORMANAGER,25475.0
202004,0,53.0,SELFENQUIRY,1,13.0,SALARIED,MALE,2,1.0,SUPERDELUXE,3.0,MARRIED,4.0,0,1,0,1.0,AVP,29814.0
202005,0,41.0,SELFENQUIRY,2,16.0,SALARIED,MALE,3,4.0,KING,3.0,MARRIED,4.0,0,1,1,1.0,VP,34141.0
202006,0,60.0,SELFENQUIRY,3,22.0,SMALLBUSINESS,MALE,2,3.0,DELUXE,5.0,SINGLE,1.0,0,4,1,1.0,MANAGER,20405.0
202007,0,27.0,COMPANYINVITED,1,16.0,SALARIED,MALE,2,3.0,STANDARD,5.0,MARRIED,2.0,0,3,0,1.0,SENIORMANAGER,23793.0
202008,0,41.0,SELFENQUIRY,2,6.0,SALARIED,MALE,2,4.0,KING,3.0,MARRIED,2.0,0,1,1,1.0,VP,34189.0
202010,1,28.0,SELFENQUIRY,1,6.0,SALARIED,FEMALE,3,5.0,BASIC,4.0,SINGLE,1.0,1,1,1,2.0,EXECUTIVE,17216.0
202011,0,36.0,COMPANYINVITED,1,14.0,SALARIED,FEMALE,3,1.0,STANDARD,5.0,MARRIED,1.0,0,3,0,1.0,SENIORMANAGER,26713.0
202012,0,38.0,SELFENQUIRY,1,6.0,SALARIED,FEMALE,2,3.0,STANDARD,3.0,UNMARRIED,5.0,1,1,0,1.0,SENIORMANAGER,22861.0
202014,0,47.0,COMPANYINVITED,3,9.0,SMALLBUSINESS,FEMALE,2,3.0,SUPERDELUXE,3.0,MARRIED,1.0,1,5,1,0.0,AVP,28770.0
202015,0,30.0,SELFENQUIRY,3,33.0,SMALLBUSINESS,MALE,3,3.0,DELUXE,3.0,MARRIED,1.0,0,3,1,2.0,MANAGER,20304.0
202016,0,29.0,SELFENQUIRY,3,16.0,SALARIED,MALE,3,3.0,BASIC,3.0,SINGLE,2.0,0,4,1,0.0,EXECUTIVE,17642.0
202017,1,42.0,COMPANYINVITED,1,25.0,SMALLBUSINESS,MALE,2,1.0,BASIC,3.0,MARRIED,7.0,1,3,0,0.0,EXECUTIVE,17759.0
202018,0,43.0,COMPANYINVITED,3,21.0,SALARIED,MALE,2,4.0,DELUXE,3.0,MARRIED,4.0,0,5,1,0.0,MANAGER,21804.0
202019,0,34.0,SELFENQUIRY,1,14.0,SMALLBUSINESS,FEMALE,3,3.0,DELUXE,3.0,SINGLE,4.0,0,4,0,1.0,MANAGER,21142.0
202020,0,23.0,SELFENQUIRY,1,15.0,SMALLBUSINESS,MALE,2,3.0,BASIC,5.0,MARRIED,2.0,0,3,1,0.0,EXECUTIVE,17500.0
202021,0,39.0,SELFENQUIRY,2,9.0,SALARIED,FEMALE,2,1.0,DELUXE,4.0,MARRIED,1.0,0,1,0,0.0,MANAGER,21389.0
202022,0,56.0,SELFENQUIRY,1,15.0,SMALLBUSINESS,MALE,2,3.0,SUPERDELUXE,3.0,MARRIED,1.0,0,4,0,0.0,AVP,26103.0
202023,0,40.0,SELFENQUIRY,1,8.0,SMALLBUSINESS,FEMALE,2,4.0,BASIC,3.0,SINGLE,1.0,1,3,0,0.0,EXECUTIVE,17342.0
202024,0,27.0,SELFENQUIRY,1,13.0,SMALLBUSINESS,FEMALE,2,4.0,DELUXE,5.0,UNMARRIED,1.0,0,3,1,0.0,MANAGER,21811.0
202025,0,29.0,SELFENQUIRY,3,16.0,SMALLBUSINESS,MALE,2,3.0,BASIC,4.0,MARRIED,2.0,0,1,1,0.0,EXECUTIVE,17297.0
202026,0,53.0,SELFENQUIRY,1,12.0,SALARIED,MALE,2,3.0,DELUXE,3.0,SINGLE,3.0,0,5,1,1.0,MANAGER,17450.0
202027,0,35.0,COMPANYINVITED,1,8.0,SALARIED,FEMALE,3,3.0,DELUXE,5.0,MARRIED,3.0,0,4,1,2.0,MANAGER,20093.0
202028,0,32.0,COMPANYINVITED,1,30.0,SALARIED,MALE,3,3.0,DELUXE,3.0,MARRIED,2.0,0,4,1,2.0,MANAGER,20309.0
202029,0,38.0,SELFENQUIRY,1,8.0,SMALLBUSINESS,MALE,3,3.0,BASIC,3.0,MARRIED,7.0,1,4,0,2.0,EXECUTIVE,18057.0
202030,0,34.0,SELFENQUIRY,1,14.0,SALARIED,FEMALE,2,3.0,DELUXE,5.0,MARRIED,4.0,0,5,1,1.0,MANAGER,20121.0
202031,0,52.0,SELFENQUIRY,3,9.0,SMALLBUSINESS,MALE,2,4.0,SUPERDELUXE,5.0,MARRIED,2.0,0,5,1,0.0,AVP,31856.0
202032,1,33.0,SELFENQUIRY,1,6.0,SALARIED,MALE,3,3.0,BASIC,3.0,SINGLE,2.0,1,3,1,0.0,EXECUTIVE,17686.0
202033,0,25.0,SELFENQUIRY,3,32.0,SMALLBUSINESS,FEMALE,2,3.0,DELUXE,3.0,SINGLE,2.0,0,4,0,0.0,MANAGER,21180.0
202034,0,45.0,SELFENQUIRY,3,8.0,LARGEBUSINESS,MALE,2,5.0,DELUXE,3.0,UNMARRIED,1.0,0,5,1,1.0,MANAGER,21632.0
202036,1,47.0,COMPANYINVITED,3,33.0,SALARIED,FEMALE,3,1.0,DELUXE,3.0,UNMARRIED,5.0,1,4,0,1.0,MANAGER,21397.0
202037,0,34.0,SELFENQUIRY,3,8.0,SALARIED,MALE,2,3.0,DELUXE,3.0,SINGLE,2.0,0,5,0,1.0,MANAGER,21274.0
202039,0,36.0,COMPANYINVITED,3,14.0,SALARIED,MALE,3,4.0,STANDARD,5.0,UNMARRIED,2.0,0,1,0,0.0,SENIORMANAGER,22587.0
202043,1,26.0,SELFENQUIRY,3,14.0,LARGEBUSINESS,MALE,2,4.0,DELUXE,5.0,SINGLE,7.0,0,3,0,0.0,MANAGER,20326.0
202044,0,34.0,SELFENQUIRY,1,6.0,SALARIED,FEMALE,3,1.0,BASIC,3.0,SINGLE,3.0,0,1,1,1.0,EXECUTIVE,18280.0
202045,0,54.0,SELFENQUIRY,1,25.0,SMALLBUSINESS,FEMALE,3,3.0,DELUXE,5.0,MARRIED,1.0,1,3,0,2.0,MANAGER,20485.0
202047,0,37.0,SELFENQUIRY,1,16.0,SALARIED,FEMALE,2,3.0,BASIC,5.0,MARRIED,1.0,1,3,1,0.0,EXECUTIVE,17782.0
202048,0,38.0,COMPANYINVITED,1,8.0,SALARIED,FEMALE,3,1.0,DELUXE,5.0,SINGLE,7.0,1,1,0,0.0,MANAGER,20980.0
202050,0,35.0,SELFENQUIRY,3,14.0,SALARIED,FEMALE,3,3.0,BASIC,3.0,MARRIED,2.0,0,3,1,2.0,EXECUTIVE,17572.0
202053,0,34.0,SELFENQUIRY,3,14.0,SALARIED,FEMALE,3,3.0,DELUXE,5.0,MARRIED,6.0,0,1,1,2.0,MANAGER,21500.0
202054,0,42.0,COMPANYINVITED,1,14.0,SALARIED,MALE,3,3.0,KING,3.0,MARRIED,2.0,0,5,1,1.0,VP,33430.0
202055,1,23.0,SELFENQUIRY,1,12.0,SALARIED,MALE,3,1.0,BASIC,5.0,MARRIED,2.0,1,3,0,0.0,EXECUTIVE,16601.0
202056,0,24.0,COMPANYINVITED,1,15.0,SALARIED,MALE,2,4.0,BASIC,4.0,MARRIED,2.0,0,5,0,1.0,EXECUTIVE,17694.0
202057,0,52.0,SELFENQUIRY,1,17.0,SALARIED,FEMALE,2,3.0,DELUXE,3.0,MARRIED,1.0,0,1,1,0.0,MANAGER,18149.0
202058,0,50.0,SELFENQUIRY,1,8.0,SMALLBUSINESS,MALE,3,3.0,SUPERDELUXE,3.0,MARRIED,6.0,0,1,0,1.0,AVP,32639.0
202059,1,29.0,SELFENQUIRY,1,6.0,SALARIED,FEMALE,2,4.0,BASIC,5.0,MARRIED,2.0,1,1,0,0.0,EXECUTIVE,17319.0
202060,0,33.0,SELFENQUIRY,1,13.0,SMALLBUSINESS,MALE,2,3.0,STANDARD,3.0,MARRIED,1.0,0,4,1,0.0,SENIORMANAGER,26691.0
202061,1,33.0,SELFENQUIRY,3,22.0,SMALLBUSINESS,FEMALE,3,3.0,DELUXE,5.0,SINGLE,6.0,0,3,1,0.0,MANAGER,20324.0
202062,0,47.0,SELFENQUIRY,1,8.0,SALARIED,FEMALE,2,3.0,SUPERDELUXE,3.0,MARRIED,2.0,1,4,1,0.0,AVP,31752.0
202063,0,36.0,SELFENQUIRY,1,6.0,SALARIED,FEMALE,2,3.0,DELUXE,4.0,MARRIED,1.0,0,5,1,1.0,MANAGER,20228.0
202064,0,29.0,SELFENQUIRY,1,29.0,SALARIED,MALE,2,1.0,BASIC,3.0,MARRIED,2.0,0,1,1,1.0,EXECUTIVE,17700.0
202065,1,58.0,SELFENQUIRY,1,8.0,SALARIED,MALE,2,3.0,KING,4.0,SINGLE,1.0,1,3,1,0.0,VP,34246.0
202066,0,35.0,SELFENQUIRY,1,6.0,SALARIED,FEMALE,2,1.0,BASIC,3.0,SINGLE,4.0,0,3,1,1.0,EXECUTIVE,17506.0
202067,0,42.0,SELFENQUIRY,1,6.0,SALARIED,FEMALE,2,4.0,DELUXE,3.0,MARRIED,1.0,1,3,0,0.0,MANAGER,21062.0
202069,0,36.0,SELFENQUIRY,2,19.0,SALARIED,MALE,2,3.0,BASIC,4.0,MARRIED,5.0,0,3,1,1.0,EXECUTIVE,17143.0
202070,0,32.0,SELFENQUIRY,1,10.0,SALARIED,FEMALE,3,4.0,DELUXE,3.0,MARRIED,2.0,0,4,1,1.0,MANAGER,21162.0
202071,0,40.0,COMPANYINVITED,1,22.0,SMALLBUSINESS,MALE,2,4.0,DELUXE,3.0,SINGLE,7.0,0,5,0,0.0,MANAGER,20094.0
202072,0,30.0,SELFENQUIRY,1,8.0,SMALLBUSINESS,FEMALE,2,4.0,DELUXE,3.0,UNMARRIED,6.0,1,1,1,1.0,MANAGER,21877.0
202073,0,45.0,SELFENQUIRY,1,8.0,SALARIED,FEMALE,3,4.0,BASIC,3.0,SINGLE,2.0,0,3,1,0.0,EXECUTIVE,17274.0
202075,0,38.0,COMPANYINVITED,1,18.0,SALARIED,MALE,1,4.0,DELUXE,5.0,MARRIED,3.0,0,5,1,0.0,MANAGER,21288.0
202076,0,34.0,COMPANYINVITED,1,22.0,SALARIED,FEMALE,3,4.0,BASIC,3.0,SINGLE,2.0,0,5,1,2.0,EXECUTIVE,17553.0
202077,1,49.0,SELFENQUIRY,3,17.0,SMALLBUSINESS,FEMALE,2,3.0,STANDARD,3.0,MARRIED,2.0,0,4,0,0.0,SENIORMANAGER,22654.0
202078,1,55.0,SELFENQUIRY,3,8.0,SMALLBUSINESS,MALE,2,3.0,DELUXE,3.0,SINGLE,5.0,0,1,1,0.0,MANAGER,20160.0
202079,0,43.0,SELFENQUIRY,1,20.0,SALARIED,MALE,3,3.0,SUPERDELUXE,5.0,MARRIED,7.0,0,5,1,1.0,AVP,32159.0
202080,0,27.0,SELFENQUIRY,1,11.0,LARGEBUSINESS,MALE,2,4.0,STANDARD,3.0,MARRIED,2.0,1,3,1,1.0,SENIORMANAGER,27808.0
202081,0,35.0,SELFENQUIRY,1,13.0,SALARIED,MALE,2,3.0,STANDARD,3.0,UNMARRIED,4.0,0,3,0,1.0,SENIORMANAGER,25221.0
202084,1,26.0,COMPANYINVITED,1,11.0,SMALLBUSINESS,FEMALE,2,4.0,BASIC,3.0,MARRIED,2.0,1,1,0,1.0,EXECUTIVE,17366.0
202085,0,27.0,COMPANYINVITED,1,9.0,SMALLBUSINESS,MALE,2,3.0,BASIC,3.0,MARRIED,2.0,0,1,0,0.0,EXECUTIVE,16706.0
202086,0,51.0,SELFENQUIRY,3,32.0,SMALLBUSINESS,FEMALE,3,3.0,SUPERDELUXE,3.0,MARRIED,3.0,0,3,1,1.0,AVP,31307.0
202087,0,44.0,SELFENQUIRY,1,10.0,SMALLBUSINESS,MALE,2,3.0,DELUXE,4.0,SINGLE,1.0,0,1,1,1.0,MANAGER,20933.0
202090,0,35.0,SELFENQUIRY,1,33.0,SMALLBUSINESS,FEMALE,2,4.0,BASIC,5.0,SINGLE,2.0,0,4,0,1.0,EXECUTIVE,17559.0
202091,0,36.0,SELFENQUIRY,3,6.0,SALARIED,MALE,2,3.0,DELUXE,3.0,MARRIED,2.0,1,3,1,1.0,MANAGER,21201.0
202094,0,53.0,SELFENQUIRY,3,13.0,SMALLBUSINESS,FEMALE,3,4.0,STANDARD,3.0,MARRIED,1.0,1,1,0,1.0,SENIORMANAGER,25934.0
202095,0,45.0,SELFENQUIRY,3,15.0,SMALLBUSINESS,MALE,3,3.0,STANDARD,5.0,MARRIED,5.0,1,1,0,0.0,SENIORMANAGER,25761.0
202096,0,32.0,SELFENQUIRY,1,14.0,SMALLBUSINESS,FEMALE,3,1.0,DELUXE,3.0,MARRIED,6.0,0,3,1,2.0,MANAGER,20175.0
202097,0,52.0,COMPANYINVITED,1,31.0,SMALLBUSINESS,FEMALE,2,4.0,SUPERDELUXE,3.0,MARRIED,4.0,0,5,0,1.0,AVP,28826.0
202098,0,37.0,SELFENQUIRY,3,22.0,SMALLBUSINESS,MALE,3,4.0,DELUXE,3.0,MARRIED,5.0,0,5,1,0.0,MANAGER,21334.0
202101,0,44.0,SELFENQUIRY,1,14.0,SALARIED,MALE,3,1.0,BASIC,3.0,MARRIED,3.0,1,3,1,0.0,EXECUTIVE,17818.0
202102,0,42.0,COMPANYINVITED,1,8.0,SMALLBUSINESS,MALE,2,3.0,BASIC,3.0,SINGLE,6.0,1,1,1,1.0,EXECUTIVE,17515.0
202103,0,36.0,SELFENQUIRY,2,14.0,SALARIED,MALE,3,4.0,BASIC,5.0,MARRIED,1.0,0,1,0,1.0,EXECUTIVE,17342.0
202105,0,35.0,SELFENQUIRY,1,15.0,SALARIED,FEMALE,3,4.0,STANDARD,3.0,MARRIED,2.0,1,4,1,2.0,SENIORMANAGER,25685.0
202106,1,35.0,COMPANYINVITED,1,31.0,SALARIED,FEMALE,3,3.0,BASIC,4.0,MARRIED,2.0,1,3,1,1.0,EXECUTIVE,17022.0
202107,0,32.0,COMPANYINVITED,1,6.0,SALARIED,MALE,3,3.0,BASIC,3.0,MARRIED,1.0,0,5,1,0.0,EXECUTIVE,17314.0
202110,0,24.0,COMPANYINVITED,1,10.0,SALARIED,MALE,2,4.0,BASIC,3.0,MARRIED,1.0,0,3,0,1.0,EXECUTIVE,18162.0
202111,0,32.0,COMPANYINVITED,3,11.0,SALARIED,MALE,2,3.0,DELUXE,4.0,MARRIED,2.0,0,3,1,1.0,MANAGER,21524.0
202112,0,38.0,SELFENQUIRY,3,15.0,SMALLBUSINESS,MALE,3,4.0,BASIC,4.0,MARRIED,1.0,0,4,0,2.0,EXECUTIVE,17899.0
202113,0,42.0,SELFENQUIRY,1,9.0,SALARIED,FEMALE,3,1.0,DELUXE,3.0,MARRIED,3.0,1,5,1,0.0,MANAGER,20231.0
202114,0,31.0,SELFENQUIRY,1,17.0,SALARIED,MALE,2,3.0,BASIC,3.0,MARRIED,4.0,1,3,0,0.0,EXECUTIVE,17356.0
202115,1,29.0,SELFENQUIRY,3,6.0,SMALLBUSINESS,FEMALE,2,4.0,BASIC,3.0,MARRIED,7.0,1,1,1,1.0,EXECUTIVE,17800.0
202116,0,53.0,SELFENQUIRY,3,14.0,SMALLBUSINESS,MALE,3,3.0,SUPERDELUXE,3.0,MARRIED,6.0,0,3,1,0.0,AVP,26836.0
202117,0,35.0,SELFENQUIRY,1,31.0,LARGEBUSINESS,MALE,3,4.0,STANDARD,4.0,MARRIED,4.0,0,3,1,1.0,SENIORMANAGER,25903.0
202118,0,37.0,COMPANYINVITED,3,27.0,SMALLBUSINESS,FEMALE,2,3.0,BASIC,3.0,MARRIED,6.0,0,1,1,0.0,EXECUTIVE,17973.0
202119,0,53.0,SELFENQUIRY,1,29.0,SALARIED,FEMALE,3,3.0,SUPERDELUXE,3.0,SINGLE,7.0,0,5,1,1.0,AVP,29275.0
202120,0,43.0,COMPANYINVITED,1,6.0,SALARIED,FEMALE,2,3.0,DELUXE,3.0,MARRIED,5.0,0,1,1,1.0,MANAGER,20562.0
202122,0,37.0,COMPANYINVITED,3,25.0,SMALLBUSINESS,MALE,2,3.0,STANDARD,4.0,UNMARRIED,2.0,1,5,0,0.0,SENIORMANAGER,22642.0
202123,0,50.0,COMPANYINVITED,1,8.0,SALARIED,MALE,3,3.0,SUPERDELUXE,5.0,MARRIED,2.0,0,5,1,1.0,AVP,32924.0
202124,0,39.0,SELFENQUIRY,2,8.0,SALARIED,FEMALE,2,4.0,DELUXE,3.0,MARRIED,1.0,0,3,1,0.0,MANAGER,20204.0
202125,0,33.0,SELFENQUIRY,2,9.0,SALARIED,MALE,2,3.0,BASIC,4.0,MARRIED,4.0,1,5,0,1.0,EXECUTIVE,17277.0
202126,1,32.0,SELFENQUIRY,1,31.0,SALARIED,MALE,2,3.0,BASIC,3.0,SINGLE,2.0,1,5,0,0.0,EXECUTIVE,17795.0
202127,0,29.0,SELFENQUIRY,1,13.0,SMALLBUSINESS,FEMALE,3,4.0,BASIC,3.0,MARRIED,7.0,0,5,1,1.0,EXECUTIVE,17532.0
202128,0,44.0,SELFENQUIRY,1,15.0,SALARIED,MALE,3,3.0,BASIC,5.0,MARRIED,2.0,1,3,1,0.0,EXECUTIVE,17559.0
202130,1,58.0,COMPANYINVITED,1,8.0,SALARIED,MALE,2,4.0,BASIC,3.0,MARRIED,1.0,1,1,1,0.0,EXECUTIVE,17380.0
202132,1,20.0,SELFENQUIRY,3,8.0,SMALLBUSINESS,FEMALE,2,4.0,BASIC,3.0,SINGLE,2.0,0,4,1,0.0,EXECUTIVE,17044.0
202133,1,21.0,SELFENQUIRY,1,24.0,SALARIED,FEMALE,3,3.0,BASIC,3.0,SINGLE,2.0,0,3,1,2.0,EXECUTIVE,17693.0
202134,0,36.0,SELFENQUIRY,1,20.0,SALARIED,MALE,3,3.0,DELUXE,3.0,MARRIED,1.0,1,5,1,0.0,MANAGER,21586.0
202135,0,47.0,SELFENQUIRY,3,8.0,SALARIED,FEMALE,3,4.0,BASIC,3.0,SINGLE,2.0,1,1,0,0.0,EXECUTIVE,18294.0
202137,1,41.0,SELFENQUIRY,1,8.0,SALARIED,FEMALE,2,5.0,BASIC,3.0,MARRIED,5.0,1,3,0,1.0,EXECUTIVE,17778.0
202138,0,28.0,SELFENQUIRY,1,15.0,SMALLBUSINESS,FEMALE,3,3.0,BASIC,3.0,MARRIED,6.0,0,3,0,0.0,EXECUTIVE,17377.0
202139,1,39.0,SELFENQUIRY,1,12.0,SMALLBUSINESS,MALE,3,3.0,BASIC,5.0,MARRIED,1.0,1,1,1,1.0,EXECUTIVE,17404.0
202140,0,27.0,SELFENQUIRY,1,10.0,SALARIED,FEMALE,3,3.0,BASIC,3.0,SINGLE,2.0,0,1,0,0.0,EXECUTIVE,17318.0
202141,0,34.0,SELFENQUIRY,1,16.0,SALARIED,MALE,2,3.0,BASIC,4.0,MARRIED,2.0,0,1,1,1.0,EXECUTIVE,17008.0
202142,0,42.0,SELFENQUIRY,3,20.0,SMALLBUSINESS,FEMALE,3,4.0,DELUXE,3.0,SINGLE,1.0,0,3,1,0.0,MANAGER,21244.0
202143,0,33.0,SELFENQUIRY,1,6.0,SALARIED,MALE,3,4.0,BASIC,5.0,SINGLE,4.0,1,4,1,1.0,EXECUTIVE,17799.0
202144,0,58.0,SELFENQUIRY,1,11.0,LARGEBUSINESS,FEMALE,2,4.0,STANDARD,4.0,MARRIED,3.0,1,5,1,1.0,SENIORMANAGER,25552.0
202145,0,31.0,SELFENQUIRY,3,13.0,SALARIED,MALE,2,4.0,BASIC,3.0,MARRIED,4.0,0,4,1,1.0,EXECUTIVE,17329.0
202147,0,49.0,SELFENQUIRY,1,14.0,SALARIED,FEMALE,2,3.0,STANDARD,4.0,MARRIED,5.0,0,4,0,1.0,SENIORMANAGER,22403.0
202148,0,48.0,SELFENQUIRY,1,26.0,SMALLBUSINESS,MALE,2,3.0,BASIC,3.0,MARRIED,5.0,0,1,1,0.0,EXECUTIVE,17259.0
202149,0,31.0,COMPANYINVITED,3,26.0,SMALLBUSINESS,FEMALE,2,3.0,DELUXE,3.0,MARRIED,2.0,0,1,1,1.0,MANAGER,21932.0
202151,0,38.0,SELFENQUIRY,1,6.0,LARGEBUSINESS,FEMALE,3,3.0,STANDARD,5.0,MARRIED,2.0,0,4,1,1.0,SENIORMANAGER,28582.0
202152,0,32.0,COMPANYINVITED,1,6.0,SALARIED,FEMALE,3,4.0,BASIC,4.0,MARRIED,7.0,0,3,0,2.0,EXECUTIVE,17332.0
202153,1,25.0,SELFENQUIRY,3,25.0,SMALLBUSINESS,MALE,2,4.0,BASIC,4.0,MARRIED,2.0,1,1,0,1.0,EXECUTIVE,17413.0
202154,0,40.0,SELFENQUIRY,3,16.0,SMALLBUSINESS,MALE,3,4.0,STANDARD,4.0,MARRIED,3.0,0,4,0,0.0,SENIORMANAGER,24705.0
202157,0,36.0,SELFENQUIRY,1,8.0,SMALLBUSINESS,MALE,3,3.0,BASIC,3.0,SINGLE,5.0,0,5,1,1.0,EXECUTIVE,17519.0
202158,1,19.0,SELFENQUIRY,3,27.0,SALARIED,MALE,2,4.0,BASIC,4.0,SINGLE,2.0,1,1,1,1.0,EXECUTIVE,17121.0
202159,1,20.0,SELFENQUIRY,1,10.0,LARGEBUSINESS,MALE,2,3.0,BASIC,5.0,SINGLE,2.0,0,3,1,0.0,EXECUTIVE,17973.0
202160,0,31.0,SELFENQUIRY,1,18.0,SMALLBUSINESS,FEMALE,2,3.0,DELUXE,3.0,MARRIED,1.0,1,4,1,0.0,MANAGER,20855.0
202162,0,32.0,SELFENQUIRY,1,9.0,SMALLBUSINESS,FEMALE,3,3.0,DELUXE,5.0,MARRIED,2.0,0,1,1,0.0,MANAGER,21725.0
202163,1,36.0,SELFENQUIRY,3,9.0,SALARIED,MALE,2,4.0,STANDARD,3.0,MARRIED,2.0,1,1,1,0.0,SENIORMANAGER,25325.0
202164,0,33.0,SELFENQUIRY,1,6.0,SALARIED,FEMALE,2,4.0,DELUXE,3.0,UNMARRIED,1.0,0,4,1,1.0,MANAGER,21949.0
202165,1,37.0,SELFENQUIRY,3,6.0,SALARIED,MALE,2,4.0,STANDARD,3.0,MARRIED,6.0,0,1,1,1.0,SENIORMANAGER,25609.0
202167,0,29.0,COMPANYINVITED,3,26.0,LARGEBUSINESS,FEMALE,2,3.0,BASIC,3.0,MARRIED,2.0,0,3,0,1.0,EXECUTIVE,17157.0
202169,0,52.0,SELFENQUIRY,1,6.0,SALARIED,MALE,3,3.0,SUPERDELUXE,3.0,MARRIED,3.0,0,1,1,2.0,AVP,32099.0
202170,1,58.0,SELFENQUIRY,1,8.0,LARGEBUSINESS,MALE,2,3.0,BASIC,3.0,SINGLE,5.0,0,1,0,0.0,EXECUTIVE,17479.0
202171,0,53.0,SELFENQUIRY,3,8.0,SMALLBUSINESS,MALE,2,3.0,SUPERDELUXE,3.0,MARRIED,7.0,0,3,1,0.0,AVP,29852.0
202172,0,30.0,SELFENQUIRY,3,14.0,SALARIED,MALE,3,3.0,STANDARD,3.0,MARRIED,6.0,0,3,1,0.0,SENIORMANAGER,22264.0
202173,0,38.0,COMPANYINVITED,3,16.0,LARGEBUSINESS,FEMALE,2,3.0,DELUXE,3.0,SINGLE,2.0,1,3,1,0.0,MANAGER,20666.0
202174,0,35.0,SELFENQUIRY,3,9.0,SALARIED,MALE,3,3.0,STANDARD,3.0,MARRIED,7.0,0,5,0,2.0,SENIORMANAGER,22823.0
202175,0,39.0,SELFENQUIRY,3,8.0,SALARIED,MALE,2,1.0,STANDARD,3.0,UNMARRIED,1.0,0,1,0,0.0,SENIORMANAGER,22880.0
202176,1,40.0,COMPANYINVITED,3,30.0,SALARIED,FEMALE,3,1.0,SUPERDELUXE,4.0,UNMARRIED,5.0,1,3,1,0.0,AVP,28194.0
202177,0,47.0,COMPANYINVITED,1,22.0,SMALLBUSINESS,MALE,3,1.0,DELUXE,3.0,MARRIED,2.0,1,1,1,0.0,MANAGER,20067.0
202178,0,36.0,COMPANYINVITED,3,14.0,LARGEBUSINESS,MALE,2,3.0,DELUXE,3.0,MARRIED,5.0,0,3,1,1.0,MANAGER,20079.0
202179,1,31.0,COMPANYINVITED,1,15.0,SMALLBUSINESS,MALE,2,4.0,BASIC,5.0,SINGLE,1.0,1,3,0,1.0,EXECUTIVE,17321.0
202180,0,33.0,COMPANYINVITED,3,23.0,SALARIED,MALE,2,3.0,SUPERDELUXE,3.0,SINGLE,2.0,0,3,1,0.0,AVP,32444.0
202181,1,29.0,SELFENQUIRY,1,16.0,SALARIED,FEMALE,3,4.0,BASIC,5.0,SINGLE,7.0,1,5,1,0.0,EXECUTIVE,17404.0
202183,0,45.0,SELFENQUIRY,1,6.0,SMALLBUSINESS,FEMALE,3,3.0,BASIC,3.0,MARRIED,4.0,0,5,1,0.0,EXECUTIVE,17270.0
202184,0,50.0,SELFENQUIRY,1,6.0,SMALLBUSINESS,MALE,3,3.0,SUPERDELUXE,3.0,MARRIED,1.0,0,5,0,2.0,AVP,32399.0
202185,0,33.0,COMPANYINVITED,1,6.0,SALARIED,FEMALE,2,1.0,DELUXE,4.0,MARRIED,2.0,1,3,1,0.0,MANAGER,20488.0
202186,0,41.0,COMPANYINVITED,1,15.0,SMALLBUSINESS,MALE,3,3.0,KING,3.0,MARRIED,3.0,0,4,0,2.0,VP,34419.0
202187,0,27.0,SELFENQUIRY,1,22.0,LARGEBUSINESS,FEMALE,2,3.0,BASIC,4.0,MARRIED,1.0,0,1,1,0.0,EXECUTIVE,17811.0
202190,1,30.0,SELFENQUIRY,1,28.0,SALARIED,FEMALE,2,3.0,BASIC,3.0,MARRIED,5.0,1,1,0,0.0,EXECUTIVE,17132.0
202191,0,50.0,SELFENQUIRY,1,30.0,SALARIED,MALE,3,3.0,SUPERDELUXE,3.0,MARRIED,4.0,1,4,1,2.0,AVP,28973.0
202192,0,38.0,COMPANYINVITED,1,16.0,SMALLBUSINESS,MALE,3,3.0,BASIC,3.0,MARRIED,1.0,0,5,0,0.0,EXECUTIVE,17684.0
202193,0,46.0,SELFENQUIRY,1,13.0,SMALLBUSINESS,MALE,3,3.0,STANDARD,3.0,MARRIED,7.0,0,1,1,1.0,SENIORMANAGER,25845.0
202197,0,18.0,COMPANYINVITED,1,11.0,SALARIED,MALE,3,3.0,BASIC,3.0,SINGLE,2.0,0,1,0,1.0,EXECUTIVE,16051.0
202198,0,54.0,SELFENQUIRY,1,23.0,LARGEBUSINESS,FEMALE,2,3.0,STANDARD,3.0,MARRIED,1.0,0,5,0,0.0,SENIORMANAGER,25739.0
202199,0,35.0,SELFENQUIRY,1,31.0,SMALLBUSINESS,FEMALE,2,3.0,STANDARD,3.0,MARRIED,2.0,1,3,0,1.0,SENIORMANAGER,25388.0
202200,0,30.0,SELFENQUIRY,1,14.0,SALARIED,FEMALE,3,1.0,STANDARD,5.0,MARRIED,1.0,1,1,0,2.0,SENIORMANAGER,26416.0
202201,1,20.0,SELFENQUIRY,1,17.0,SMALLBUSINESS,FEMALE,3,4.0,BASIC,5.0,SINGLE,2.0,1,3,1,2.0,EXECUTIVE,17600.0
202202,1,30.0,COMPANYINVITED,1,11.0,SMALLBUSINESS,FEMALE,2,3.0,BASIC,4.0,SINGLE,1.0,0,3,0,0.0,EXECUTIVE,17422.0
202203,0,26.0,SELFENQUIRY,1,8.0,SMALLBUSINESS,MALE,2,1.0,DELUXE,3.0,MARRIED,2.0,0,3,1,1.0,MANAGER,20472.0
202204,0,22.0,SELFENQUIRY,1,14.0,SALARIED,MALE,3,5.0,BASIC,5.0,MARRIED,2.0,0,1,0,1.0,EXECUTIVE,17451.0
202206,0,48.0,SELFENQUIRY,1,10.0,SALARIED,MALE,3,4.0,STANDARD,3.0,UNMARRIED,1.0,0,5,1,0.0,SENIORMANAGER,25999.0
202208,0,39.0,SELFENQUIRY,1,6.0,SALARIED,FEMALE,3,4.0,SUPERDELUXE,3.0,MARRIED,2.0,0,3,1,0.0,AVP,27742.0
202211,0,42.0,SELFENQUIRY,3,11.0,SMALLBUSINESS,MALE,2,3.0,KING,3.0,MARRIED,7.0,0,4,0,1.0,VP,33303.0
202212,0,50.0,SELFENQUIRY,1,15.0,SALARIED,MALE,3,3.0,BASIC,3.0,MARRIED,5.0,0,5,1,2.0,EXECUTIVE,17380.0
202213,0,59.0,SELFENQUIRY,1,8.0,SALARIED,FEMALE,3,4.0,SUPERDELUXE,3.0,SINGLE,4.0,1,5,1,0.0,AVP,28726.0
202215,0,55.0,COMPANYINVITED,1,24.0,SMALLBUSINESS,MALE,3,3.0,DELUXE,4.0,MARRIED,4.0,1,5,1,1.0,MANAGER,21385.0
202217,0,38.0,SELFENQUIRY,3,9.0,SALARIED,MALE,2,3.0,DELUXE,3.0,UNMARRIED,1.0,1,3,1,0.0,MANAGER,21861.0
202220,0,44.0,SELFENQUIRY,3,34.0,SMALLBUSINESS,FEMALE,2,1.0,SUPERDELUXE,3.0,MARRIED,4.0,1,1,1,0.0,AVP,28320.0
202221,0,50.0,COMPANYINVITED,3,6.0,SALARIED,FEMALE,3,3.0,DELUXE,3.0,MARRIED,1.0,0,1,0,1.0,MANAGER,21347.0
202222,1,36.0,SELFENQUIRY,1,22.0,SALARIED,FEMALE,2,1.0,BASIC,5.0,SINGLE,2.0,0,1,1,0.0,EXECUTIVE,17743.0
202223,0,39.0,COMPANYINVITED,1,28.0,SMALLBUSINESS,FEMALE,2,3.0,STANDARD,5.0,UNMARRIED,2.0,1,5,1,1.0,SENIORMANAGER,25880.0
202224,0,33.0,COMPANYINVITED,3,14.0,SALARIED,FEMALE,2,4.0,BASIC,3.0,SINGLE,1.0,0,1,0,1.0,EXECUTIVE,17342.0
202225,0,45.0,SELFENQUIRY,3,17.0,SALARIED,FEMALE,2,3.0,SUPERDELUXE,3.0,MARRIED,4.0,0,4,0,1.0,AVP,32650.0
202227,0,34.0,SELFENQUIRY,3,6.0,SMALLBUSINESS,MALE,3,1.0,DELUXE,3.0,MARRIED,1.0,0,5,0,1.0,MANAGER,24725.0
202228,0,59.0,SELFENQUIRY,3,6.0,LARGEBUSINESS,MALE,3,3.0,STANDARD,3.0,MARRIED,4.0,1,1,1,0.0,SENIORMANAGER,26904.0
202229,0,45.0,SELFENQUIRY,2,30.0,SMALLBUSINESS,MALE,2,3.0,BASIC,4.0,SINGLE,2.0,0,4,0,1.0,EXECUTIVE,17177.0
202230,0,53.0,COMPANYINVITED,3,8.0,SMALLBUSINESS,FEMALE,2,4.0,STANDARD,4.0,MARRIED,3.0,0,1,1,0.0,SENIORMANAGER,22525.0
202232,1,26.0,COMPANYINVITED,1,8.0,SALARIED,MALE,2,3.0,BASIC,5.0,MARRIED,7.0,1,5,0,0.0,EXECUTIVE,17042.0
202233,0,34.0,SELFENQUIRY,3,16.0,SALARIED,FEMALE,2,3.0,BASIC,3.0,MARRIED,2.0,1,1,0,1.0,EXECUTIVE,17220.0
202234,0,28.0,SELFENQUIRY,3,16.0,SMALLBUSINESS,MALE,3,3.0,BASIC,4.0,MARRIED,2.0,0,5,0,2.0,EXECUTIVE,16052.0
202235,0,38.0,COMPANYINVITED,1,9.0,SALARIED,MALE,2,3.0,BASIC,3.0,MARRIED,4.0,0,3,1,0.0,EXECUTIVE,17821.0
202236,0,50.0,SELFENQUIRY,1,8.0,SMALLBUSINESS,MALE,3,3.0,KING,3.0,MARRIED,3.0,1,1,1,2.0,VP,34237.0
202238,0,40.0,SELFENQUIRY,3,32.0,SMALLBUSINESS,MALE,3,3.0,DELUXE,5.0,MARRIED,2.0,0,1,1,2.0,MANAGER,23396.0
202239,0,26.0,COMPANYINVITED,1,6.0,SMALLBUSINESS,FEMALE,3,4.0,BASIC,3.0,MARRIED,2.0,0,1,0,0.0,EXECUTIVE,17007.0
202240,0,46.0,SELFENQUIRY,1,6.0,SMALLBUSINESS,MALE,2,3.0,KING,3.0,MARRIED,1.0,0,5,1,0.0,VP,34627.0
202241,0,54.0,SELFENQUIRY,3,8.0,SALARIED,FEMALE,2,4.0,STANDARD,3.0,MARRIED,7.0,0,5,1,1.0,SENIORMANAGER,25686.0
202242,0,56.0,COMPANYINVITED,1,15.0,SMALLBUSINESS,FEMALE,3,3.0,BASIC,3.0,MARRIED,3.0,0,1,1,0.0,EXECUTIVE,17942.0
202243,0,36.0,SELFENQUIRY,1,18.0,SMALLBUSINESS,FEMALE,2,4.0,STANDARD,3.0,UNMARRIED,1.0,0,1,1,0.0,SENIORMANAGER,23858.0
202244,0,55.0,COMPANYINVITED,1,8.0,SMALLBUSINESS,MALE,2,4.0,SUPERDELUXE,5.0,SINGLE,1.0,0,3,1,1.0,AVP,31756.0
202245,0,43.0,SELFENQUIRY,3,31.0,SMALLBUSINESS,MALE,3,4.0,STANDARD,3.0,MARRIED,6.0,0,4,1,1.0,SENIORMANAGER,25798.0
202246,1,20.0,COMPANYINVITED,3,15.0,SMALLBUSINESS,FEMALE,2,3.0,BASIC,3.0,SINGLE,2.0,1,4,1,0.0,EXECUTIVE,17323.0
202247,1,21.0,SELFENQUIRY,1,16.0,SALARIED,FEMALE,2,4.0,BASIC,5.0,SINGLE,2.0,0,3,0,1.0,EXECUTIVE,16416.0
202249,1,51.0,SELFENQUIRY,1,10.0,SALARIED,MALE,2,3.0,BASIC,3.0,MARRIED,1.0,1,1,0,0.0,EXECUTIVE,17461.0
202250,1,28.0,COMPANYINVITED,1,30.0,LARGEBUSINESS,MALE,3,4.0,STANDARD,5.0,UNMARRIED,2.0,0,1,1,1.0,SENIORMANAGER,23722.0
202252,0,30.0,SELFENQUIRY,1,26.0,SALARIED,MALE,2,3.0,DELUXE,5.0,MARRIED,1.0,0,4,0,1.0,MANAGER,24957.0
202254,0,38.0,SELFENQUIRY,1,23.0,SALARIED,FEMALE,3,4.0,STANDARD,3.0,MARRIED,1.0,0,1,1,2.0,SENIORMANAGER,23823.0
202255,0,40.0,SELFENQUIRY,1,26.0,LARGEBUSINESS,MALE,3,3.0,STANDARD,3.0,MARRIED,5.0,0,3,1,1.0,SENIORMANAGER,25322.0
202257,0,55.0,COMPANYINVITED,1,8.0,SALARIED,MALE,3,3.0,STANDARD,4.0,MARRIED,4.0,0,1,0,1.0,SENIORMANAGER,25976.0
202259,1,44.0,SELFENQUIRY,2,6.0,SMALLBUSINESS,MALE,3,4.0,STANDARD,5.0,MARRIED,1.0,0,4,1,0.0,SENIORMANAGER,25482.0
202260,0,33.0,SELFENQUIRY,1,11.0,SALARIED,MALE,2,4.0,STANDARD,3.0,MARRIED,5.0,0,3,1,1.0,SENIORMANAGER,22119.0
202261,1,35.0,SELFENQUIRY,3,10.0,LARGEBUSINESS,MALE,2,3.0,STANDARD,5.0,UNMARRIED,1.0,1,4,1,1.0,SENIORMANAGER,24582.0
202263,0,28.0,SELFENQUIRY,1,21.0,SALARIED,MALE,2,3.0,BASIC,3.0,MARRIED,2.0,0,4,0,0.0,EXECUTIVE,17207.0
202264,0,34.0,COMPANYINVITED,1,9.0,SALARIED,MALE,2,3.0,DELUXE,3.0,UNMARRIED,1.0,0,1,1,0.0,MANAGER,22756.0
202265,0,37.0,SELFENQUIRY,3,16.0,SALARIED,FEMALE,2,4.0,DELUXE,3.0,MARRIED,3.0,1,4,1,1.0,MANAGER,21694.0
202267,1,26.0,SELFENQUIRY,1,27.0,SMALLBUSINESS,MALE,2,3.0,BASIC,3.0,MARRIED,2.0,0,5,1,0.0,EXECUTIVE,17377.0
202268,1,33.0,SELFENQUIRY,1,31.0,SMALLBUSINESS,MALE,2,4.0,BASIC,4.0,SINGLE,5.0,1,4,1,0.0,EXECUTIVE,17313.0
202269,0,42.0,SELFENQUIRY,1,8.0,SMALLBUSINESS,MALE,2,3.0,SUPERDELUXE,5.0,MARRIED,1.0,0,3,1,0.0,AVP,32665.0
202270,1,28.0,COMPANYINVITED,1,6.0,SMALLBUSINESS,MALE,2,4.0,BASIC,4.0,MARRIED,2.0,0,4,1,0.0,EXECUTIVE,17596.0
202273,0,34.0,COMPANYINVITED,1,9.0,SALARIED,MALE,2,4.0,BASIC,3.0,MARRIED,4.0,0,1,0,0.0,EXECUTIVE,17979.0
202274,0,48.0,COMPANYINVITED,1,6.0,SMALLBUSINESS,MALE,2,1.0,SUPERDELUXE,3.0,SINGLE,3.0,0,1,0,0.0,AVP,31885.0
202275,0,45.0,COMPANYINVITED,3,15.0,SALARIED,FEMALE,3,4.0,DELUXE,3.0,MARRIED,2.0,0,3,1,2.0,MANAGER,20593.0
202276,0,52.0,SELFENQUIRY,1,5.0,SALARIED,MALE,2,3.0,STANDARD,4.0,UNMARRIED,1.0,0,3,1,1.0,SENIORMANAGER,25445.0
202277,0,38.0,SELFENQUIRY,3,16.0,SMALLBUSINESS,MALE,3,4.0,STANDARD,3.0,MARRIED,1.0,1,3,1,1.0,SENIORMANAGER,23740.0
202278,0,29.0,SELFENQUIRY,1,34.0,SALARIED,FEMALE,3,3.0,BASIC,3.0,MARRIED,5.0,0,5,1,0.0,EXECUTIVE,17514.0
202279,0,28.0,SELFENQUIRY,1,9.0,SMALLBUSINESS,FEMALE,3,3.0,STANDARD,4.0,MARRIED,1.0,0,4,0,0.0,SENIORMANAGER,22655.0
202280,0,46.0,SELFENQUIRY,3,9.0,SMALLBUSINESS,MALE,2,3.0,SUPERDELUXE,3.0,MARRIED,4.0,0,1,1,0.0,AVP,32465.0
202281,0,38.0,SELFENQUIRY,3,8.0,SMALLBUSINESS,MALE,2,3.0,STANDARD,4.0,UNMARRIED,1.0,0,4,1,1.0,SENIORMANAGER,22351.0
202282,0,43.0,COMPANYINVITED,1,33.0,SALARIED,FEMALE,2,3.0,STANDARD,5.0,MARRIED,1.0,0,4,1,0.0,SENIORMANAGER,25820.0
202283,1,39.0,COMPANYINVITED,1,8.0,SALARIED,MALE,2,3.0,SUPERDELUXE,3.0,MARRIED,1.0,0,3,1,0.0,AVP,27169.0
202284,0,40.0,SELFENQUIRY,1,20.0,SMALLBUSINESS,MALE,2,4.0,KING,3.0,SINGLE,2.0,0,3,1,1.0,VP,34626.0
202285,0,21.0,SELFENQUIRY,1,6.0,LARGEBUSINESS,FEMALE,3,4.0,BASIC,4.0,SINGLE,2.0,1,5,1,1.0,EXECUTIVE,17070.0
202286,0,39.0,COMPANYINVITED,1,15.0,SALARIED,MALE,3,3.0,DELUXE,4.0,UNMARRIED,1.0,0,1,1,0.0,MANAGER,21782.0
202287,0,36.0,COMPANYINVITED,1,24.0,SALARIED,MALE,3,3.0,DELUXE,3.0,UNMARRIED,3.0,0,3,0,1.0,MANAGER,22779.0
202288,0,31.0,COMPANYINVITED,3,26.0,SALARIED,MALE,3,1.0,BASIC,3.0,MARRIED,1.0,0,5,1,0.0,EXECUTIVE,17791.0
202289,0,28.0,SELFENQUIRY,1,8.0,SALARIED,MALE,3,4.0,BASIC,4.0,MARRIED,1.0,0,1,0,2.0,EXECUTIVE,18201.0
202291,0,49.0,SELFENQUIRY,3,14.0,LARGEBUSINESS,MALE,2,4.0,SUPERDELUXE,4.0,MARRIED,7.0,0,4,1,1.0,AVP,28120.0
202293,0,29.0,COMPANYINVITED,1,16.0,SALARIED,FEMALE,3,3.0,BASIC,4.0,MARRIED,1.0,0,5,0,0.0,EXECUTIVE,18291.0
202295,0,29.0,SELFENQUIRY,1,14.0,SMALLBUSINESS,MALE,3,4.0,DELUXE,3.0,MARRIED,2.0,1,3,1,1.0,MANAGER,20056.0
202296,0,38.0,SELFENQUIRY,2,6.0,SALARIED,MALE,2,1.0,BASIC,3.0,MARRIED,2.0,0,4,1,0.0,EXECUTIVE,17844.0
202297,0,28.0,COMPANYINVITED,1,12.0,SALARIED,MALE,2,4.0,BASIC,3.0,MARRIED,2.0,1,4,1,1.0,EXECUTIVE,17703.0
202298,1,18.0,COMPANYINVITED,1,14.0,SMALLBUSINESS,MALE,3,3.0,BASIC,3.0,SINGLE,2.0,0,5,1,0.0,EXECUTIVE,16904.0
202299,1,33.0,SELFENQUIRY,3,15.0,SMALLBUSINESS,FEMALE,3,3.0,DELUXE,5.0,UNMARRIED,1.0,1,3,0,0.0,MANAGER,23224.0
202301,1,31.0,COMPANYINVITED,1,21.0,SMALLBUSINESS,MALE,3,3.0,BASIC,3.0,MARRIED,2.0,0,4,1,0.0,EXECUTIVE,17610.0
202302,0,37.0,SELFENQUIRY,1,31.0,SMALLBUSINESS,FEMALE,2,4.0,DELUXE,3.0,MARRIED,1.0,0,3,1,0.0,MANAGER,20731.0
202303,0,27.0,SELFENQUIRY,1,12.0,SALARIED,MALE,2,4.0,BASIC,3.0,MARRIED,2.0,0,1,1,1.0,EXECUTIVE,17539.0
202304,0,34.0,SELFENQUIRY,3,15.0,SALARIED,FEMALE,3,3.0,DELUXE,3.0,MARRIED,2.0,0,1,0,0.0,MANAGER,20714.0
202306,1,29.0,SELFENQUIRY,3,29.0,SALARIED,FEMALE,2,4.0,STANDARD,5.0,MARRIED,2.0,0,3,1,1.0,SENIORMANAGER,22336.0
202307,0,40.0,COMPANYINVITED,1,15.0,SMALLBUSINESS,FEMALE,2,3.0,STANDARD,3.0,UNMARRIED,1.0,0,4,1,1.0,SENIORMANAGER,28499.0
202308,1,42.0,COMPANYINVITED,3,18.0,SALARIED,MALE,2,3.0,SUPERDELUXE,5.0,SINGLE,1.0,1,5,1,1.0,AVP,28758.0
202309,0,42.0,SELFENQUIRY,3,10.0,SMALLBUSINESS,MALE,2,3.0,DELUXE,5.0,SINGLE,1.0,0,5,1,0.0,MANAGER,20155.0
202310,0,35.0,SELFENQUIRY,1,6.0,SMALLBUSINESS,MALE,2,4.0,BASIC,3.0,MARRIED,7.0,0,1,1,1.0,EXECUTIVE,17258.0
202312,1,28.0,SELFENQUIRY,1,18.0,SALARIED,FEMALE,3,3.0,BASIC,3.0,MARRIED,2.0,1,4,1,1.0,EXECUTIVE,17515.0
202314,0,30.0,SELFENQUIRY,3,16.0,SMALLBUSINESS,MALE,3,4.0,DELUXE,3.0,MARRIED,2.0,0,1,0,1.0,MANAGER,21578.0
202316,0,35.0,SELFENQUIRY,1,8.0,SALARIED,MALE,2,4.0,STANDARD,4.0,MARRIED,3.0,0,4,1,0.0,SENIORMANAGER,25274.0
202317,0,34.0,COMPANYINVITED,1,7.0,SMALLBUSINESS,MALE,3,4.0,DELUXE,5.0,SINGLE,1.0,0,1,0,0.0,MANAGER,20343.0
202318,0,35.0,COMPANYINVITED,1,10.0,SALARIED,MALE,2,4.0,BASIC,3.0,MARRIED,2.0,0,1,1,1.0,EXECUTIVE,17376.0
202319,1,43.0,SELFENQUIRY,3,15.0,SMALLBUSINESS,FEMALE,2,5.0,DELUXE,3.0,SINGLE,1.0,0,1,0,0.0,MANAGER,20346.0
202320,0,32.0,COMPANYINVITED,3,8.0,SALARIED,FEMALE,3,3.0,BASIC,5.0,MARRIED,2.0,0,3,1,0.0,EXECUTIVE,17827.0
202322,0,29.0,SELFENQUIRY,1,12.0,SMALLBUSINESS,FEMALE,2,3.0,BASIC,3.0,MARRIED,2.0,0,3,0,1.0,EXECUTIVE,18131.0
202323,0,19.0,SELFENQUIRY,1,15.0,SALARIED,MALE,2,3.0,BASIC,5.0,SINGLE,2.0,0,3,0,1.0,EXECUTIVE,17552.0
202325,0,37.0,SELFENQUIRY,1,7.0,SALARIED,FEMALE,2,4.0,DELUXE,3.0,MARRIED,2.0,0,1,0,0.0,MANAGER,21474.0
202326,0,20.0,SELFENQUIRY,1,5.0,SALARIED,MALE,2,4.0,BASIC,3.0,SINGLE,2.0,0,3,0,0.0,EXECUTIVE,18033.0
202327,1,44.0,SELFENQUIRY,1,16.0,SALARIED,MALE,3,3.0,BASIC,3.0,SINGLE,2.0,1,3,1,0.0,EXECUTIVE,17936.0
202328,0,53.0,SELFENQUIRY,1,13.0,SMALLBUSINESS,FEMALE,2,3.0,KING,3.0,MARRIED,4.0,0,1,1,1.0,VP,33606.0
202329,0,29.0,SELFENQUIRY,1,21.0,SALARIED,FEMALE,3,5.0,BASIC,3.0,MARRIED,1.0,1,5,1,1.0,EXECUTIVE,17168.0
202330,1,22.0,COMPANYINVITED,1,9.0,SALARIED,MALE,2,4.0,BASIC,3.0,MARRIED,1.0,1,3,0,1.0,EXECUTIVE,17853.0
202331,0,46.0,SELFENQUIRY,3,8.0,SMALLBUSINESS,FEMALE,3,3.0,SUPERDELUXE,5.0,MARRIED,1.0,0,1,1,1.0,AVP,32048.0
202332,0,44.0,COMPANYINVITED,1,23.0,SALARIED,MALE,3,5.0,BASIC,3.0,SINGLE,3.0,0,4,1,1.0,EXECUTIVE,17290.0
202334,1,41.0,COMPANYINVITED,1,11.0,SALARIED,MALE,3,4.0,BASIC,5.0,MARRIED,7.0,0,3,0,1.0,EXECUTIVE,17107.0
202337,0,50.0,COMPANYINVITED,1,8.0,SMALLBUSINESS,FEMALE,1,3.0,SUPERDELUXE,5.0,MARRIED,3.0,0,3,0,0.0,AVP,32856.0
202338,0,28.0,SELFENQUIRY,1,25.0,SMALLBUSINESS,MALE,3,4.0,BASIC,5.0,MARRIED,2.0,0,3,1,1.0,EXECUTIVE,18196.0
202339,0,46.0,SELFENQUIRY,1,21.0,SALARIED,MALE,2,3.0,KING,4.0,MARRIED,6.0,0,3,1,1.0,VP,34081.0
202340,0,35.0,SELFENQUIRY,3,23.0,SALARIED,MALE,3,3.0,DELUXE,5.0,MARRIED,4.0,1,3,0,2.0,MANAGER,23966.0
202341,1,24.0,SELFENQUIRY,1,23.0,SALARIED,FEMALE,3,3.0,BASIC,4.0,MARRIED,2.0,0,1,1,2.0,EXECUTIVE,17210.0
202343,0,36.0,SELFENQUIRY,1,12.0,SALARIED,MALE,2,5.0,BASIC,3.0,MARRIED,2.0,0,1,1,0.0,EXECUTIVE,17741.0
202346,0,20.0,SELFENQUIRY,3,27.0,SMALLBUSINESS,MALE,2,1.0,BASIC,3.0,SINGLE,2.0,0,3,1,1.0,EXECUTIVE,17678.0
202347,0,46.0,SELFENQUIRY,1,8.0,LARGEBUSINESS,MALE,2,3.0,DELUXE,3.0,MARRIED,3.0,0,1,0,0.0,MANAGER,22379.0
202348,0,42.0,COMPANYINVITED,2,8.0,SMALLBUSINESS,MALE,3,1.0,DELUXE,5.0,MARRIED,1.0,0,1,1,1.0,MANAGER,21272.0
202349,0,60.0,SELFENQUIRY,3,13.0,SMALLBUSINESS,MALE,2,1.0,DELUXE,3.0,MARRIED,1.0,1,5,0,0.0,MANAGER,20220.0
202350,0,32.0,COMPANYINVITED,1,19.0,SALARIED,FEMALE,3,4.0,BASIC,4.0,MARRIED,2.0,0,5,1,0.0,EXECUTIVE,17743.0
202352,0,36.0,SELFENQUIRY,1,7.0,LARGEBUSINESS,FEMALE,3,5.0,STANDARD,5.0,MARRIED,3.0,1,1,1,0.0,SENIORMANAGER,25252.0
202353,0,33.0,SELFENQUIRY,1,15.0,SMALLBUSINESS,MALE,2,3.0,BASIC,3.0,MARRIED,1.0,0,1,0,1.0,EXECUTIVE,17781.0
202354,0,40.0,SELFENQUIRY,3,16.0,LARGEBUSINESS,FEMALE,2,4.0,DELUXE,4.0,MARRIED,1.0,0,5,1,1.0,MANAGER,21852.0
202357,0,42.0,COMPANYINVITED,1,32.0,SMALLBUSINESS,FEMALE,2,3.0,STANDARD,5.0,MARRIED,4.0,1,3,0,0.0,SENIORMANAGER,28191.0
202358,0,35.0,COMPANYINVITED,3,14.0,SMALLBUSINESS,FEMALE,3,4.0,STANDARD,3.0,MARRIED,5.0,1,5,1,2.0,SENIORMANAGER,25377.0
202359,0,27.0,SELFENQUIRY,1,20.0,SALARIED,MALE,2,3.0,BASIC,5.0,MARRIED,2.0,1,4,1,0.0,EXECUTIVE,17235.0
202360,0,54.0,COMPANYINVITED,1,7.0,SALARIED,FEMALE,2,3.0,STANDARD,3.0,MARRIED,1.0,0,5,0,1.0,SENIORMANAGER,25502.0
202361,0,44.0,SELFENQUIRY,1,8.0,SALARIED,FEMALE,3,1.0,BASIC,3.0,MARRIED,2.0,0,4,1,2.0,EXECUTIVE,17011.0
202362,1,19.0,COMPANYINVITED,1,16.0,SMALLBUSINESS,FEMALE,3,4.0,BASIC,4.0,SINGLE,2.0,1,5,0,2.0,EXECUTIVE,16859.0
202364,0,54.0,SELFENQUIRY,1,9.0,SALARIED,MALE,2,3.0,SUPERDELUXE,3.0,MARRIED,4.0,0,5,0,0.0,AVP,32779.0
202365,0,31.0,SELFENQUIRY,1,17.0,SMALLBUSINESS,MALE,3,3.0,DELUXE,5.0,MARRIED,2.0,1,1,1,1.0,MANAGER,21833.0
202366,0,31.0,SELFENQUIRY,1,30.0,SMALLBUSINESS,FEMALE,3,4.0,DELUXE,5.0,UNMARRIED,2.0,0,5,1,0.0,MANAGER,21812.0
202367,0,59.0,SELFENQUIRY,3,9.0,SALARIED,FEMALE,2,4.0,DELUXE,3.0,SINGLE,6.0,0,3,0,0.0,MANAGER,20171.0
202369,0,49.0,SELFENQUIRY,1,10.0,SMALLBUSINESS,MALE,2,4.0,KING,3.0,MARRIED,3.0,0,3,0,1.0,VP,33711.0
202371,1,48.0,COMPANYINVITED,3,30.0,SALARIED,MALE,3,5.0,BASIC,3.0,SINGLE,2.0,1,1,1,2.0,EXECUTIVE,17559.0
202372,1,27.0,SELFENQUIRY,3,8.0,SMALLBUSINESS,FEMALE,3,5.0,KING,4.0,SINGLE,3.0,1,5,1,1.0,VP,17517.0
202373,1,29.0,COMPANYINVITED,1,16.0,SALARIED,FEMALE,2,4.0,BASIC,3.0,UNMARRIED,2.0,0,4,1,0.0,EXECUTIVE,21623.0
202374,1,48.0,SELFENQUIRY,1,21.0,SMALLBUSINESS,FEMALE,3,3.0,STANDARD,3.0,MARRIED,2.0,0,3,0,0.0,SENIORMANAGER,33265.0
202375,1,29.0,SELFENQUIRY,1,13.0,LARGEBUSINESS,FEMALE,2,3.0,BASIC,3.0,MARRIED,4.0,1,4,1,0.0,EXECUTIVE,31124.0
202376,1,34.0,SELFENQUIRY,1,13.0,SALARIED,MALE,3,3.0,DELUXE,3.0,MARRIED,2.0,0,3,0,0.0,MANAGER,17585.0
202377,1,44.0,SELFENQUIRY,1,29.0,SMALLBUSINESS,MALE,3,3.0,BASIC,5.0,SINGLE,1.0,0,3,0,2.0,EXECUTIVE,33213.0
202378,1,33.0,SELFENQUIRY,3,31.0,SMALLBUSINESS,MALE,2,4.0,STANDARD,4.0,UNMARRIED,3.0,1,5,1,0.0,SENIORMANAGER,23380.0
202379,1,19.0,SELFENQUIRY,3,11.0,SALARIED,MALE,3,3.0,STANDARD,4.0,SINGLE,1.0,1,4,1,0.0,SENIORMANAGER,17994.0
202380,1,23.0,COMPANYINVITED,3,7.0,SALARIED,FEMALE,2,3.0,BASIC,4.0,SINGLE,2.0,1,5,1,1.0,EXECUTIVE,16223.0
202381,1,25.0,SELFENQUIRY,1,9.0,SALARIED,MALE,2,3.0,BASIC,5.0,MARRIED,5.0,0,5,1,0.0,EXECUTIVE,16118.0
202382,1,26.0,SELFENQUIRY,1,13.0,SMALLBUSINESS,FEMALE,2,4.0,STANDARD,5.0,MARRIED,1.0,1,4,1,1.0,SENIORMANAGER,17875.0
202383,1,45.0,SELFENQUIRY,3,19.0,SMALLBUSINESS,MALE,2,1.0,SUPERDELUXE,3.0,SINGLE,7.0,1,3,1,0.0,AVP,33824.0
202384,1,55.0,COMPANYINVITED,3,8.0,SALARIED,FEMALE,2,4.0,BASIC,3.0,SINGLE,1.0,0,5,0,0.0,EXECUTIVE,28577.0
202385,1,21.0,COMPANYINVITED,3,24.0,SMALLBUSINESS,FEMALE,3,3.0,DELUXE,3.0,MARRIED,1.0,1,5,0,1.0,MANAGER,17625.0
202386,1,46.0,SELFENQUIRY,1,28.0,SMALLBUSINESS,MALE,3,3.0,DELUXE,3.0,MARRIED,2.0,1,5,1,2.0,MANAGER,33789.0
202389,1,59.0,COMPANYINVITED,1,20.0,SALARIED,FEMALE,2,3.0,STANDARD,3.0,UNMARRIED,1.0,1,5,1,0.0,SENIORMANAGER,25512.0
202391,1,28.0,SELFENQUIRY,1,14.0,SALARIED,FEMALE,2,4.0,BASIC,4.0,SINGLE,2.0,0,4,0,1.0,EXECUTIVE,17154.0
202392,1,44.0,SELFENQUIRY,3,15.0,SALARIED,MALE,3,4.0,BASIC,5.0,MARRIED,4.0,0,1,1,2.0,EXECUTIVE,34190.0
202395,1,42.0,COMPANYINVITED,1,7.0,SALARIED,FEMALE,3,1.0,STANDARD,4.0,SINGLE,2.0,0,3,1,0.0,SENIORMANAGER,17372.0
202396,1,43.0,COMPANYINVITED,1,8.0,SALARIED,MALE,3,3.0,BASIC,3.0,MARRIED,7.0,1,3,0,0.0,EXECUTIVE,25231.0
202397,1,36.0,SELFENQUIRY,2,15.0,LARGEBUSINESS,FEMALE,2,3.0,BASIC,3.0,MARRIED,2.0,0,1,1,0.0,EXECUTIVE,20410.0
202398,1,44.0,COMPANYINVITED,3,7.0,LARGEBUSINESS,MALE,3,3.0,BASIC,3.0,MARRIED,4.0,0,3,1,1.0,EXECUTIVE,22978.0
202400,1,51.0,SELFENQUIRY,3,30.0,SMALLBUSINESS,FEMALE,2,4.0,DELUXE,4.0,SINGLE,1.0,1,5,1,1.0,MANAGER,17838.0
202402,1,29.0,COMPANYINVITED,1,8.0,SMALLBUSINESS,MALE,2,4.0,BASIC,5.0,SINGLE,1.0,0,4,1,1.0,EXECUTIVE,18339.0
202403,1,28.0,SELFENQUIRY,1,7.0,LARGEBUSINESS,MALE,3,4.0,BASIC,5.0,SINGLE,7.0,0,3,1,1.0,EXECUTIVE,17080.0
202404,1,25.0,SELFENQUIRY,1,15.0,SALARIED,MALE,2,3.0,BASIC,5.0,SINGLE,4.0,0,1,1,0.0,EXECUTIVE,17096.0
202405,1,32.0,COMPANYINVITED,1,9.0,SALARIED,FEMALE,2,3.0,BASIC,3.0,SINGLE,2.0,0,4,1,0.0,EXECUTIVE,21209.0
202406,1,45.0,SELFENQUIRY,3,7.0,SALARIED,MALE,3,4.0,DELUXE,5.0,MARRIED,2.0,0,4,1,2.0,MANAGER,33061.0
202407,1,39.0,SELFENQUIRY,1,8.0,SALARIED,FEMALE,3,3.0,BASIC,5.0,MARRIED,2.0,1,1,1,0.0,EXECUTIVE,32123.0
202408,1,58.0,SELFENQUIRY,1,8.0,LARGEBUSINESS,FEMALE,3,4.0,STANDARD,3.0,MARRIED,1.0,0,5,0,0.0,SENIORMANAGER,17372.0
202412,1,36.0,SELFENQUIRY,3,16.0,SMALLBUSINESS,MALE,2,4.0,STANDARD,5.0,MARRIED,1.0,0,5,0,0.0,SENIORMANAGER,22094.0
202414,1,28.0,SELFENQUIRY,1,13.0,SALARIED,MALE,3,3.0,BASIC,5.0,UNMARRIED,4.0,1,3,0,2.0,EXECUTIVE,21674.0
202415,1,50.0,COMPANYINVITED,3,18.0,SALARIED,MALE,2,3.0,DELUXE,3.0,SINGLE,4.0,1,3,1,1.0,MANAGER,31880.0
202416,1,40.0,SELFENQUIRY,1,14.0,SMALLBUSINESS,MALE,3,4.0,BASIC,3.0,UNMARRIED,2.0,1,4,1,2.0,EXECUTIVE,24094.0
202417,1,52.0,COMPANYINVITED,3,13.0,SMALLBUSINESS,FEMALE,3,3.0,BASIC,3.0,MARRIED,3.0,1,4,1,2.0,EXECUTIVE,23446.0
202418,1,30.0,SELFENQUIRY,1,8.0,SALARIED,MALE,3,3.0,BASIC,4.0,UNMARRIED,2.0,0,3,0,0.0,EXECUTIVE,26916.0
202420,1,31.0,SELFENQUIRY,2,28.0,SALARIED,MALE,2,5.0,BASIC,3.0,MARRIED,2.0,0,1,0,1.0,EXECUTIVE,24852.0
202421,1,41.0,COMPANYINVITED,3,15.0,SALARIED,MALE,2,5.0,SUPERDELUXE,3.0,MARRIED,1.0,0,5,1,1.0,AVP,21151.0
202422,1,31.0,SELFENQUIRY,3,19.0,SMALLBUSINESS,MALE,3,4.0,DELUXE,5.0,MARRIED,6.0,1,1,1,0.0,MANAGER,17302.0
202423,1,44.0,SELFENQUIRY,3,7.0,SALARIED,MALE,2,5.0,DELUXE,4.0,SINGLE,7.0,0,3,0,1.0,MANAGER,17362.0
202424,1,42.0,COMPANYINVITED,2,14.0,SALARIED,FEMALE,3,4.0,BASIC,3.0,MARRIED,7.0,0,5,1,1.0,EXECUTIVE,32861.0
202425,1,55.0,SELFENQUIRY,3,15.0,SMALLBUSINESS,FEMALE,2,5.0,BASIC,4.0,SINGLE,2.0,0,1,1,1.0,EXECUTIVE,34187.0
202428,1,34.0,COMPANYINVITED,1,23.0,LARGEBUSINESS,MALE,2,4.0,BASIC,3.0,MARRIED,1.0,1,5,1,1.0,EXECUTIVE,23500.0
202432,1,51.0,SELFENQUIRY,3,33.0,SALARIED,MALE,2,3.0,DELUXE,3.0,SINGLE,2.0,1,5,1,1.0,MANAGER,29026.0
202433,1,38.0,COMPANYINVITED,1,15.0,SALARIED,MALE,3,3.0,DELUXE,5.0,MARRIED,5.0,0,3,0,2.0,MANAGER,21893.0
202434,1,34.0,SELFENQUIRY,1,16.0,SMALLBUSINESS,MALE,2,3.0,DELUXE,5.0,SINGLE,2.0,0,4,0,0.0,MANAGER,21125.0
202436,1,58.0,SELFENQUIRY,1,27.0,SMALLBUSINESS,FEMALE,3,3.0,DELUXE,4.0,MARRIED,5.0,0,3,1,1.0,MANAGER,25008.0
202437,1,40.0,SELFENQUIRY,2,24.0,SALARIED,MALE,2,1.0,BASIC,5.0,MARRIED,1.0,0,1,1,1.0,EXECUTIVE,17387.0
202439,1,48.0,SELFENQUIRY,3,8.0,SMALLBUSINESS,MALE,2,4.0,DELUXE,4.0,UNMARRIED,1.0,1,1,1,0.0,MANAGER,22898.0
202440,1,27.0,COMPANYINVITED,1,30.0,SALARIED,MALE,3,4.0,BASIC,3.0,SINGLE,2.0,1,3,1,1.0,EXECUTIVE,17534.0
202441,1,51.0,SELFENQUIRY,3,16.0,SALARIED,FEMALE,3,3.0,STANDARD,4.0,MARRIED,6.0,0,1,1,2.0,SENIORMANAGER,28142.0
202442,1,18.0,SELFENQUIRY,3,15.0,SMALLBUSINESS,MALE,2,3.0,BASIC,3.0,SINGLE,2.0,0,5,0,1.0,EXECUTIVE,16611.0
202443,1,35.0,SELFENQUIRY,1,13.0,SALARIED,MALE,3,3.0,BASIC,4.0,SINGLE,2.0,1,3,1,1.0,EXECUTIVE,20363.0
202444,1,42.0,SELFENQUIRY,3,7.0,SALARIED,FEMALE,4,4.0,DELUXE,3.0,UNMARRIED,2.0,1,2,1,1.0,MANAGER,24671.0
202445,0,50.0,COMPANYINVITED,1,15.0,SALARIED,MALE,4,5.0,DELUXE,4.0,DIVORCED,3.0,0,3,1,3.0,MANAGER,23808.0
202446,1,38.0,SELFENQUIRY,1,9.0,FREELANCER,MALE,4,5.0,BASIC,3.0,SINGLE,8.0,1,3,0,1.0,EXECUTIVE,20768.0
202447,0,34.0,COMPANYINVITED,1,10.0,SALARIED,FEMALE,3,4.0,BASIC,3.0,DIVORCED,3.0,1,5,1,2.0,EXECUTIVE,21587.0
202448,0,28.0,SELFENQUIRY,1,9.0,SMALLBUSINESS,MALE,3,4.0,BASIC,4.0,DIVORCED,2.0,0,5,1,1.0,EXECUTIVE,22146.0
202449,0,33.0,COMPANYINVITED,1,9.0,SALARIED,MALE,4,4.0,BASIC,3.0,UNMARRIED,2.0,0,5,1,2.0,EXECUTIVE,21746.0
202450,0,60.0,SELFENQUIRY,1,10.0,SMALLBUSINESS,FEMALE,3,3.0,BASIC,5.0,DIVORCED,6.0,1,2,1,2.0,EXECUTIVE,21348.0
202451,0,31.0,SELFENQUIRY,1,31.0,SALARIED,MALE,4,4.0,BASIC,3.0,MARRIED,3.0,0,2,0,2.0,EXECUTIVE,21371.0
202452,0,39.0,COMPANYINVITED,1,30.0,SALARIED,MALE,3,5.0,STANDARD,3.0,UNMARRIED,2.0,0,3,0,1.0,SENIORMANAGER,28204.0
202453,0,37.0,SELFENQUIRY,1,34.0,SMALLBUSINESS,MALE,4,4.0,DELUXE,3.0,DIVORCED,8.0,0,3,1,1.0,MANAGER,23915.0
202454,0,36.0,SELFENQUIRY,1,23.0,SMALLBUSINESS,MALE,3,3.0,BASIC,4.0,DIVORCED,2.0,0,3,1,2.0,EXECUTIVE,21104.0
202455,0,30.0,SELFENQUIRY,1,22.0,SALARIED,FEMALE,3,5.0,DELUXE,3.0,UNMARRIED,2.0,1,3,0,1.0,MANAGER,22871.0
202456,0,32.0,SELFENQUIRY,1,33.0,SALARIED,MALE,3,4.0,BASIC,3.0,MARRIED,3.0,0,3,0,2.0,EXECUTIVE,21589.0
202457,0,35.0,SELFENQUIRY,1,26.0,SMALLBUSINESS,MALE,4,4.0,BASIC,3.0,MARRIED,2.0,0,3,0,3.0,EXECUTIVE,21339.0
202458,1,29.0,SELFENQUIRY,1,31.0,SALARIED,MALE,3,5.0,BASIC,3.0,SINGLE,7.0,1,2,0,1.0,EXECUTIVE,20706.0
202459,0,30.0,SELFENQUIRY,1,28.0,SALARIED,FEMALE,3,3.0,STANDARD,5.0,MARRIED,3.0,0,5,1,2.0,SENIORMANAGER,28658.0
202460,0,33.0,SELFENQUIRY,1,12.0,SALARIED,MALE,4,3.0,BASIC,4.0,MARRIED,2.0,1,2,1,1.0,EXECUTIVE,21976.0
202461,0,23.0,COMPANYINVITED,1,23.0,SMALLBUSINESS,MALE,4,3.0,BASIC,3.0,MARRIED,3.0,1,3,0,1.0,EXECUTIVE,21613.0
202462,0,54.0,SELFENQUIRY,3,9.0,SALARIED,FEMALE,4,5.0,SUPERDELUXE,3.0,DIVORCED,4.0,0,3,1,1.0,AVP,34105.0
202463,0,39.0,SELFENQUIRY,1,9.0,SALARIED,MALE,3,4.0,BASIC,3.0,UNMARRIED,7.0,1,4,0,2.0,EXECUTIVE,22622.0
202464,0,25.0,COMPANYINVITED,1,18.0,SALARIED,FEMALE,4,3.0,DELUXE,3.0,MARRIED,2.0,0,3,1,3.0,MANAGER,22689.0
202465,1,37.0,SELFENQUIRY,3,16.0,SALARIED,MALE,3,5.0,DELUXE,5.0,UNMARRIED,2.0,0,2,0,1.0,MANAGER,22085.0
202466,0,35.0,SELFENQUIRY,1,14.0,SALARIED,FEMALE,3,4.0,STANDARD,4.0,SINGLE,2.0,0,3,1,1.0,SENIORMANAGER,30672.0
202468,1,35.0,SELFENQUIRY,1,13.0,SMALLBUSINESS,MALE,3,4.0,BASIC,5.0,UNMARRIED,4.0,0,2,1,2.0,EXECUTIVE,21638.0
202470,1,33.0,COMPANYINVITED,1,23.0,SALARIED,FEMALE,4,6.0,BASIC,5.0,UNMARRIED,3.0,1,4,1,3.0,EXECUTIVE,22597.0
202471,0,43.0,SELFENQUIRY,3,15.0,SMALLBUSINESS,MALE,3,4.0,DELUXE,4.0,DIVORCED,2.0,0,3,0,2.0,MANAGER,25503.0
202472,0,45.0,SELFENQUIRY,1,14.0,SMALLBUSINESS,FEMALE,3,5.0,STANDARD,3.0,DIVORCED,5.0,0,4,1,1.0,SENIORMANAGER,28926.0
202474,0,34.0,SELFENQUIRY,1,9.0,SMALLBUSINESS,MALE,4,4.0,BASIC,3.0,SINGLE,6.0,0,3,1,3.0,EXECUTIVE,21174.0
202475,0,45.0,SELFENQUIRY,1,17.0,SALARIED,MALE,3,4.0,DELUXE,3.0,DIVORCED,4.0,1,3,1,2.0,MANAGER,25143.0
202476,0,31.0,SELFENQUIRY,1,16.0,SMALLBUSINESS,MALE,3,5.0,BASIC,3.0,SINGLE,3.0,0,4,1,2.0,EXECUTIVE,20884.0
202477,1,40.0,SELFENQUIRY,3,12.0,LARGEBUSINESS,MALE,3,4.0,DELUXE,3.0,DIVORCED,5.0,0,2,0,2.0,MANAGER,20764.0
202478,1,25.0,SELFENQUIRY,1,7.0,SMALLBUSINESS,MALE,4,4.0,BASIC,3.0,DIVORCED,4.0,1,3,1,3.0,EXECUTIVE,20971.0
202479,0,44.0,SELFENQUIRY,1,9.0,SMALLBUSINESS,FEMALE,4,3.0,BASIC,3.0,MARRIED,3.0,0,2,0,2.0,EXECUTIVE,21323.0
202480,1,51.0,SELFENQUIRY,3,10.0,SMALLBUSINESS,MALE,3,5.0,BASIC,3.0,DIVORCED,3.0,1,4,0,1.0,EXECUTIVE,21361.0
202481,0,36.0,SELFENQUIRY,3,9.0,SMALLBUSINESS,FEMALE,4,4.0,BASIC,3.0,DIVORCED,3.0,0,2,1,1.0,EXECUTIVE,20692.0
202482,0,37.0,SELFENQUIRY,1,12.0,SALARIED,FEMALE,3,5.0,BASIC,5.0,DIVORCED,2.0,1,2,1,1.0,EXECUTIVE,98678.0
202483,0,34.0,COMPANYINVITED,3,7.0,SALARIED,FEMALE,3,3.0,DELUXE,5.0,DIVORCED,4.0,0,3,1,1.0,MANAGER,24054.0
202484,0,36.0,SELFENQUIRY,1,11.0,SALARIED,MALE,4,4.0,BASIC,3.0,MARRIED,3.0,0,4,0,1.0,EXECUTIVE,20629.0
202485,0,28.0,SELFENQUIRY,1,9.0,SALARIED,FEMALE,3,4.0,BASIC,5.0,MARRIED,3.0,0,3,0,2.0,EXECUTIVE,21019.0
202486,1,27.0,SELFENQUIRY,1,32.0,SALARIED,MALE,3,6.0,BASIC,3.0,SINGLE,3.0,0,2,1,2.0,EXECUTIVE,20971.0
202487,0,28.0,COMPANYINVITED,3,15.0,SALARIED,MALE,3,4.0,STANDARD,3.0,UNMARRIED,3.0,0,2,1,1.0,SENIORMANAGER,27404.0
202488,0,31.0,COMPANYINVITED,1,7.0,SMALLBUSINESS,FEMALE,3,4.0,DELUXE,3.0,UNMARRIED,3.0,0,3,1,1.0,MANAGER,22689.0
202489,1,42.0,SELFENQUIRY,1,19.0,LARGEBUSINESS,FEMALE,3,4.0,KING,3.0,DIVORCED,3.0,0,4,1,1.0,VP,38223.0
202490,0,35.0,COMPANYINVITED,3,30.0,SMALLBUSINESS,MALE,4,4.0,DELUXE,3.0,UNMARRIED,2.0,0,5,1,2.0,MANAGER,23246.0
202491,0,38.0,SELFENQUIRY,1,26.0,SALARIED,MALE,4,4.0,BASIC,4.0,DIVORCED,6.0,0,4,1,2.0,EXECUTIVE,21700.0
202492,0,47.0,COMPANYINVITED,3,12.0,SMALLBUSINESS,MALE,4,4.0,DELUXE,3.0,UNMARRIED,6.0,1,5,1,2.0,MANAGER,24450.0
202493,0,36.0,SELFENQUIRY,1,15.0,SALARIED,MALE,3,3.0,BASIC,3.0,DIVORCED,3.0,0,5,1,2.0,EXECUTIVE,20947.0
202494,1,49.0,SELFENQUIRY,1,7.0,SALARIED,MALE,4,5.0,STANDARD,3.0,UNMARRIED,2.0,1,5,0,3.0,SENIORMANAGER,24059.0
202495,1,29.0,SELFENQUIRY,1,12.0,LARGEBUSINESS,MALE,3,4.0,BASIC,3.0,UNMARRIED,3.0,1,2,1,1.0,EXECUTIVE,22119.0
202496,0,45.0,SELFENQUIRY,3,7.0,SMALLBUSINESS,FEMALE,4,4.0,DELUXE,5.0,MARRIED,7.0,1,2,0,1.0,MANAGER,24132.0
202497,0,36.0,COMPANYINVITED,1,18.0,SMALLBUSINESS,MALE,4,5.0,STANDARD,5.0,DIVORCED,4.0,1,5,1,2.0,SENIORMANAGER,28562.0
202498,0,27.0,SELFENQUIRY,3,30.0,SMALLBUSINESS,FEMALE,3,5.0,DELUXE,3.0,DIVORCED,2.0,1,2,1,1.0,MANAGER,22835.0
202499,0,34.0,COMPANYINVITED,1,7.0,SALARIED,FEMALE,4,4.0,STANDARD,3.0,SINGLE,3.0,1,2,1,1.0,SENIORMANAGER,32136.0
202500,0,36.0,COMPANYINVITED,3,25.0,SALARIED,MALE,4,4.0,STANDARD,5.0,DIVORCED,3.0,0,4,1,1.0,SENIORMANAGER,27747.0
202501,0,36.0,SELFENQUIRY,1,30.0,SMALLBUSINESS,FEMALE,2,4.0,BASIC,5.0,DIVORCED,5.0,1,4,1,1.0,EXECUTIVE,22692.0
202502,0,32.0,SELFENQUIRY,1,14.0,SALARIED,MALE,3,4.0,DELUXE,3.0,MARRIED,5.0,0,3,1,1.0,MANAGER,24593.0
202503,0,38.0,SELFENQUIRY,1,7.0,SALARIED,MALE,3,5.0,DELUXE,3.0,MARRIED,3.0,0,5,1,2.0,MANAGER,24671.0
202504,0,33.0,SELFENQUIRY,1,7.0,SMALLBUSINESS,MALE,3,4.0,DELUXE,3.0,DIVORCED,3.0,1,4,1,1.0,MANAGER,24840.0
202505,0,39.0,COMPANYINVITED,1,36.0,SALARIED,FEMALE,3,4.0,DELUXE,3.0,SINGLE,3.0,0,3,1,1.0,MANAGER,21084.0
202507,0,60.0,SELFENQUIRY,3,32.0,SALARIED,FEMALE,3,4.0,STANDARD,5.0,UNMARRIED,2.0,0,3,1,1.0,SENIORMANAGER,26315.0
202508,0,37.0,SELFENQUIRY,1,15.0,LARGEBUSINESS,FEMALE,3,4.0,STANDARD,3.0,MARRIED,3.0,0,4,1,2.0,SENIORMANAGER,28774.0
202509,0,56.0,SELFENQUIRY,1,15.0,SMALLBUSINESS,FEMALE,3,4.0,SUPERDELUXE,3.0,MARRIED,4.0,1,3,0,2.0,AVP,33434.0
202510,0,37.0,COMPANYINVITED,1,18.0,SALARIED,MALE,4,5.0,DELUXE,4.0,UNMARRIED,3.0,0,4,1,2.0,MANAGER,25177.0
202511,0,46.0,SELFENQUIRY,1,14.0,SALARIED,MALE,3,4.0,STANDARD,5.0,MARRIED,4.0,0,3,1,2.0,SENIORMANAGER,28402.0
202512,0,36.0,COMPANYINVITED,1,7.0,SMALLBUSINESS,MALE,4,4.0,BASIC,5.0,DIVORCED,6.0,0,2,0,2.0,EXECUTIVE,20872.0
202513,1,37.0,SELFENQUIRY,1,16.0,SMALLBUSINESS,MALE,4,5.0,BASIC,3.0,DIVORCED,2.0,1,2,0,2.0,EXECUTIVE,22066.0
202514,0,60.0,COMPANYINVITED,3,7.0,SALARIED,FEMALE,3,5.0,DELUXE,3.0,UNMARRIED,2.0,0,5,1,2.0,MANAGER,24151.0
202515,0,30.0,SELFENQUIRY,1,9.0,SALARIED,MALE,4,4.0,BASIC,4.0,DIVORCED,2.0,0,4,0,1.0,EXECUTIVE,21381.0
202516,0,32.0,SELFENQUIRY,1,7.0,SMALLBUSINESS,MALE,3,4.0,BASIC,4.0,SINGLE,3.0,0,3,0,1.0,EXECUTIVE,21179.0
202517,0,33.0,SELFENQUIRY,1,7.0,SALARIED,MALE,4,4.0,DELUXE,4.0,DIVORCED,3.0,0,3,0,1.0,MANAGER,24898.0
202518,0,37.0,SELFENQUIRY,1,13.0,SALARIED,FEMALE,3,3.0,DELUXE,3.0,DIVORCED,5.0,0,2,0,1.0,MANAGER,21716.0
202519,0,32.0,SELFENQUIRY,1,15.0,SALARIED,FEMALE,4,4.0,DELUXE,3.0,UNMARRIED,3.0,0,5,0,2.0,MANAGER,23102.0
202520,0,36.0,SELFENQUIRY,3,7.0,SMALLBUSINESS,MALE,3,5.0,DELUXE,5.0,UNMARRIED,2.0,0,2,0,2.0,MANAGER,22990.0
202521,0,46.0,SELFENQUIRY,1,13.0,SALARIED,MALE,3,4.0,STANDARD,5.0,DIVORCED,6.0,1,3,0,1.0,SENIORMANAGER,31923.0
202522,0,38.0,SELFENQUIRY,1,14.0,SMALLBUSINESS,MALE,2,4.0,STANDARD,3.0,SINGLE,6.0,0,2,0,1.0,SENIORMANAGER,32342.0
202523,0,47.0,SELFENQUIRY,2,12.0,SMALLBUSINESS,MALE,4,4.0,DELUXE,4.0,MARRIED,2.0,1,5,0,2.0,MANAGER,23699.0
202524,0,31.0,SELFENQUIRY,1,7.0,SALARIED,MALE,3,5.0,DELUXE,3.0,DIVORCED,3.0,1,2,1,2.0,MANAGER,23804.0
202525,0,36.0,SELFENQUIRY,1,7.0,SMALLBUSINESS,MALE,2,5.0,BASIC,3.0,UNMARRIED,3.0,0,4,1,1.0,EXECUTIVE,21537.0
202526,0,56.0,SELFENQUIRY,3,7.0,SALARIED,MALE,4,4.0,STANDARD,3.0,DIVORCED,5.0,0,2,0,2.0,SENIORMANAGER,28917.0
202527,0,39.0,COMPANYINVITED,1,13.0,SMALLBUSINESS,FEMALE,4,6.0,DELUXE,3.0,MARRIED,2.0,1,2,0,3.0,MANAGER,24007.0
202528,0,35.0,SELFENQUIRY,1,7.0,SMALLBUSINESS,MALE,4,4.0,DELUXE,4.0,DIVORCED,3.0,0,5,0,1.0,MANAGER,23003.0
202529,0,57.0,SELFENQUIRY,1,14.0,SALARIED,MALE,3,6.0,STANDARD,3.0,UNMARRIED,6.0,0,2,0,1.0,SENIORMANAGER,25938.0
202530,0,24.0,SELFENQUIRY,3,9.0,LARGEBUSINESS,MALE,4,4.0,BASIC,5.0,MARRIED,5.0,0,3,1,2.0,EXECUTIVE,21000.0
202531,0,52.0,SELFENQUIRY,1,16.0,SALARIED,MALE,4,4.0,BASIC,3.0,DIVORCED,5.0,0,3,1,1.0,EXECUTIVE,20753.0
202532,0,31.0,SELFENQUIRY,1,9.0,SALARIED,MALE,3,5.0,DELUXE,3.0,DIVORCED,3.0,0,4,1,1.0,MANAGER,22830.0
202533,1,47.0,SELFENQUIRY,3,16.0,SMALLBUSINESS,MALE,4,5.0,STANDARD,3.0,UNMARRIED,3.0,0,5,0,2.0,SENIORMANAGER,28297.0
202534,0,41.0,COMPANYINVITED,1,7.0,SALARIED,MALE,4,5.0,SUPERDELUXE,4.0,DIVORCED,3.0,0,2,1,3.0,AVP,32181.0
202535,0,52.0,SELFENQUIRY,3,28.0,SMALLBUSINESS,MALE,4,4.0,DELUXE,3.0,UNMARRIED,2.0,1,5,1,2.0,MANAGER,24119.0
202536,0,31.0,SELFENQUIRY,3,11.0,SMALLBUSINESS,FEMALE,4,5.0,DELUXE,4.0,MARRIED,3.0,1,3,1,2.0,MANAGER,23887.0
202537,0,47.0,COMPANYINVITED,1,7.0,SMALLBUSINESS,MALE,3,5.0,STANDARD,5.0,DIVORCED,4.0,1,2,1,2.0,SENIORMANAGER,29351.0
202538,0,33.0,SELFENQUIRY,3,13.0,SMALLBUSINESS,MALE,3,4.0,DELUXE,3.0,UNMARRIED,3.0,0,5,1,1.0,MANAGER,23688.0
202539,0,55.0,SELFENQUIRY,1,9.0,LARGEBUSINESS,FEMALE,3,4.0,STANDARD,3.0,DIVORCED,2.0,0,4,1,1.0,SENIORMANAGER,32227.0
202540,0,25.0,SELFENQUIRY,3,10.0,SALARIED,FEMALE,3,4.0,DELUXE,3.0,DIVORCED,2.0,0,4,1,1.0,MANAGER,23677.0
202541,0,29.0,COMPANYINVITED,3,11.0,SMALLBUSINESS,MALE,3,4.0,DELUXE,3.0,DIVORCED,3.0,0,2,1,1.0,MANAGER,22899.0
202542,0,59.0,SELFENQUIRY,3,17.0,SMALLBUSINESS,MALE,3,4.0,SUPERDELUXE,3.0,SINGLE,2.0,0,3,1,2.0,AVP,32550.0
202543,0,45.0,COMPANYINVITED,1,30.0,SMALLBUSINESS,MALE,4,4.0,DELUXE,4.0,DIVORCED,6.0,0,3,1,1.0,MANAGER,20720.0
202544,1,38.0,SELFENQUIRY,2,13.0,SALARIED,MALE,4,4.0,BASIC,5.0,MARRIED,6.0,1,2,1,1.0,EXECUTIVE,20751.0
202545,0,33.0,SELFENQUIRY,1,7.0,SALARIED,MALE,4,4.0,BASIC,5.0,UNMARRIED,3.0,0,2,0,3.0,EXECUTIVE,21634.0
202546,1,21.0,COMPANYINVITED,1,13.0,SALARIED,FEMALE,4,5.0,BASIC,3.0,UNMARRIED,3.0,1,2,1,2.0,EXECUTIVE,21604.0
202547,0,35.0,SELFENQUIRY,1,13.0,SALARIED,FEMALE,3,4.0,DELUXE,3.0,UNMARRIED,3.0,0,3,1,1.0,MANAGER,23487.0
202548,0,38.0,COMPANYINVITED,1,9.0,SALARIED,MALE,4,5.0,DELUXE,3.0,MARRIED,7.0,0,2,0,2.0,MANAGER,23841.0
202551,1,26.0,SELFENQUIRY,3,12.0,SMALLBUSINESS,MALE,3,5.0,DELUXE,3.0,UNMARRIED,3.0,1,3,1,1.0,MANAGER,24422.0
202552,0,26.0,SELFENQUIRY,1,14.0,SMALLBUSINESS,MALE,4,5.0,BASIC,3.0,DIVORCED,3.0,0,2,1,3.0,EXECUTIVE,21567.0
202553,0,23.0,SELFENQUIRY,1,22.0,SMALLBUSINESS,FEMALE,3,4.0,BASIC,3.0,UNMARRIED,3.0,0,2,1,2.0,EXECUTIVE,21549.0
202554,0,52.0,COMPANYINVITED,1,7.0,SMALLBUSINESS,FEMALE,2,5.0,STANDARD,5.0,UNMARRIED,5.0,0,2,1,1.0,SENIORMANAGER,26162.0
202555,1,35.0,COMPANYINVITED,1,14.0,SALARIED,MALE,4,6.0,DELUXE,3.0,UNMARRIED,3.0,1,5,1,2.0,MANAGER,24752.0
202557,0,25.0,SELFENQUIRY,1,25.0,SALARIED,MALE,3,4.0,BASIC,3.0,DIVORCED,2.0,0,4,1,1.0,EXECUTIVE,21452.0
202558,0,35.0,SELFENQUIRY,1,13.0,SALARIED,FEMALE,3,5.0,DELUXE,4.0,MARRIED,8.0,0,3,0,2.0,MANAGER,23183.0
202559,0,38.0,SELFENQUIRY,3,10.0,SALARIED,MALE,3,4.0,STANDARD,3.0,UNMARRIED,4.0,0,3,0,1.0,SENIORMANAGER,26106.0
202560,0,35.0,SELFENQUIRY,1,12.0,SMALLBUSINESS,FEMALE,3,5.0,STANDARD,5.0,SINGLE,4.0,0,2,0,1.0,SENIORMANAGER,30309.0
202561,0,37.0,COMPANYINVITED,3,18.0,LARGEBUSINESS,FEMALE,4,4.0,STANDARD,3.0,DIVORCED,2.0,0,5,0,1.0,SENIORMANAGER,28416.0
202562,0,37.0,SELFENQUIRY,1,10.0,SALARIED,FEMALE,3,4.0,BASIC,3.0,MARRIED,7.0,0,2,1,1.0,EXECUTIVE,21513.0
202564,0,31.0,COMPANYINVITED,1,30.0,SALARIED,MALE,4,6.0,BASIC,3.0,MARRIED,3.0,0,3,1,3.0,EXECUTIVE,21291.0
202565,0,34.0,COMPANYINVITED,3,29.0,SMALLBUSINESS,MALE,4,4.0,DELUXE,4.0,DIVORCED,2.0,0,2,0,2.0,MANAGER,24824.0
202566,1,57.0,SELFENQUIRY,1,21.0,SALARIED,FEMALE,4,4.0,BASIC,4.0,DIVORCED,2.0,1,5,1,2.0,EXECUTIVE,23641.0
202568,1,32.0,SELFENQUIRY,3,13.0,SALARIED,MALE,4,6.0,DELUXE,3.0,DIVORCED,6.0,1,3,1,2.0,MANAGER,24850.0
202569,0,27.0,SELFENQUIRY,1,13.0,SALARIED,FEMALE,3,5.0,BASIC,4.0,DIVORCED,3.0,0,3,1,1.0,EXECUTIVE,21046.0
202570,1,59.0,SELFENQUIRY,1,30.0,SMALLBUSINESS,FEMALE,4,4.0,STANDARD,3.0,DIVORCED,3.0,0,3,1,1.0,SENIORMANAGER,28990.0
202571,1,20.0,SELFENQUIRY,3,29.0,SMALLBUSINESS,MALE,3,4.0,BASIC,3.0,SINGLE,3.0,1,2,0,2.0,EXECUTIVE,20353.0
202572,0,23.0,SELFENQUIRY,1,9.0,LARGEBUSINESS,MALE,4,4.0,BASIC,3.0,DIVORCED,2.0,0,5,1,3.0,EXECUTIVE,21201.0
202573,0,50.0,SELFENQUIRY,1,27.0,SMALLBUSINESS,FEMALE,4,4.0,DELUXE,5.0,DIVORCED,3.0,0,2,1,3.0,MANAGER,25245.0
202574,0,44.0,COMPANYINVITED,1,35.0,SMALLBUSINESS,FEMALE,4,3.0,BASIC,3.0,UNMARRIED,6.0,0,3,0,3.0,EXECUTIVE,23417.0
202575,0,51.0,COMPANYINVITED,3,19.0,SMALLBUSINESS,FEMALE,4,4.0,STANDARD,3.0,UNMARRIED,6.0,0,5,0,1.0,SENIORMANAGER,27886.0
202576,1,32.0,SELFENQUIRY,3,27.0,SALARIED,FEMALE,4,6.0,DELUXE,3.0,DIVORCED,5.0,1,3,1,1.0,MANAGER,23237.0
202577,0,42.0,SELFENQUIRY,3,16.0,SALARIED,MALE,4,4.0,STANDARD,3.0,MARRIED,5.0,1,2,0,2.0,SENIORMANAGER,26867.0
202578,0,27.0,SELFENQUIRY,2,32.0,SALARIED,FEMALE,4,4.0,BASIC,3.0,DIVORCED,3.0,0,4,1,1.0,EXECUTIVE,21620.0
202579,0,37.0,SELFENQUIRY,1,13.0,SMALLBUSINESS,MALE,3,4.0,DELUXE,4.0,MARRIED,8.0,0,4,1,2.0,MANAGER,23619.0
202580,1,52.0,COMPANYINVITED,1,15.0,SALARIED,MALE,3,6.0,STANDARD,3.0,SINGLE,4.0,0,2,0,2.0,SENIORMANAGER,29328.0
202581,0,40.0,SELFENQUIRY,3,11.0,SALARIED,FEMALE,3,5.0,DELUXE,3.0,DIVORCED,6.0,0,5,1,1.0,MANAGER,24580.0
202582,0,26.0,SELFENQUIRY,3,35.0,SALARIED,MALE,3,5.0,DELUXE,3.0,DIVORCED,4.0,0,4,0,1.0,MANAGER,27317.0
202583,0,31.0,SELFENQUIRY,2,16.0,SALARIED,MALE,3,4.0,DELUXE,3.0,DIVORCED,2.0,1,3,1,2.0,MANAGER,25025.0
202584,1,33.0,SELFENQUIRY,1,16.0,SMALLBUSINESS,FEMALE,3,4.0,BASIC,5.0,UNMARRIED,2.0,0,4,1,2.0,EXECUTIVE,22878.0
202585,0,46.0,SELFENQUIRY,1,36.0,SMALLBUSINESS,MALE,3,4.0,BASIC,3.0,UNMARRIED,7.0,0,2,1,1.0,EXECUTIVE,22130.0
202586,0,39.0,SELFENQUIRY,1,10.0,LARGEBUSINESS,FEMALE,3,4.0,DELUXE,3.0,SINGLE,5.0,1,5,0,1.0,MANAGER,4678.0
202587,0,31.0,SELFENQUIRY,1,25.0,SALARIED,FEMALE,4,4.0,BASIC,3.0,UNMARRIED,3.0,0,2,1,1.0,EXECUTIVE,21310.0
202588,0,33.0,COMPANYINVITED,3,16.0,SMALLBUSINESS,MALE,3,6.0,DELUXE,3.0,MARRIED,2.0,0,2,0,2.0,MANAGER,23346.0
202589,0,31.0,SELFENQUIRY,1,12.0,LARGEBUSINESS,FEMALE,3,4.0,BASIC,5.0,MARRIED,7.0,0,5,1,2.0,EXECUTIVE,21882.0
202590,0,31.0,SELFENQUIRY,1,9.0,SMALLBUSINESS,MALE,3,5.0,BASIC,3.0,UNMARRIED,2.0,0,4,0,1.0,EXECUTIVE,21398.0
202592,0,42.0,SELFENQUIRY,1,16.0,SALARIED,MALE,4,4.0,BASIC,5.0,DIVORCED,4.0,0,2,0,3.0,EXECUTIVE,20916.0
202593,0,20.0,SELFENQUIRY,1,10.0,SMALLBUSINESS,FEMALE,4,4.0,BASIC,4.0,SINGLE,3.0,0,3,1,3.0,EXECUTIVE,20161.0
202594,0,41.0,COMPANYINVITED,1,33.0,SMALLBUSINESS,FEMALE,3,4.0,DELUXE,4.0,MARRIED,3.0,0,2,1,1.0,MANAGER,24283.0
202595,0,36.0,SELFENQUIRY,3,7.0,SMALLBUSINESS,MALE,4,4.0,STANDARD,4.0,DIVORCED,3.0,0,4,1,3.0,SENIORMANAGER,25973.0
202596,0,54.0,SELFENQUIRY,3,13.0,SMALLBUSINESS,MALE,3,4.0,DELUXE,3.0,DIVORCED,4.0,1,5,0,1.0,MANAGER,20984.0
202597,0,46.0,SELFENQUIRY,1,16.0,SALARIED,MALE,3,4.0,DELUXE,4.0,MARRIED,2.0,0,4,1,1.0,MANAGER,21026.0
202598,0,33.0,COMPANYINVITED,3,15.0,SMALLBUSINESS,FEMALE,3,4.0,STANDARD,3.0,UNMARRIED,3.0,0,4,1,2.0,SENIORMANAGER,27676.0
202599,0,30.0,COMPANYINVITED,1,7.0,LARGEBUSINESS,MALE,3,4.0,DELUXE,3.0,DIVORCED,3.0,0,3,0,2.0,MANAGER,22997.0
202600,0,52.0,SELFENQUIRY,1,14.0,SMALLBUSINESS,MALE,3,5.0,DELUXE,3.0,DIVORCED,4.0,0,3,1,2.0,MANAGER,24810.0
202601,0,59.0,SELFENQUIRY,1,16.0,SMALLBUSINESS,FEMALE,4,5.0,BASIC,4.0,DIVORCED,6.0,1,2,1,1.0,EXECUTIVE,22024.0
202602,0,41.0,SELFENQUIRY,3,11.0,SMALLBUSINESS,MALE,4,5.0,STANDARD,3.0,DIVORCED,2.0,0,2,1,1.0,SENIORMANAGER,29533.0
202603,0,35.0,COMPANYINVITED,3,9.0,SMALLBUSINESS,FEMALE,4,4.0,BASIC,3.0,DIVORCED,8.0,0,5,1,3.0,EXECUTIVE,20909.0
202604,0,23.0,SELFENQUIRY,1,26.0,SMALLBUSINESS,MALE,4,4.0,BASIC,3.0,DIVORCED,3.0,0,2,0,2.0,EXECUTIVE,21001.0
202605,0,28.0,COMPANYINVITED,1,16.0,SMALLBUSINESS,MALE,3,4.0,BASIC,4.0,MARRIED,8.0,0,3,0,1.0,EXECUTIVE,20702.0
202606,0,29.0,SELFENQUIRY,1,28.0,SMALLBUSINESS,MALE,3,4.0,BASIC,3.0,DIVORCED,3.0,0,2,0,1.0,EXECUTIVE,21391.0
202607,0,58.0,SELFENQUIRY,1,31.0,SALARIED,MALE,3,3.0,STANDARD,3.0,MARRIED,5.0,1,4,1,2.0,SENIORMANAGER,28117.0
202608,0,28.0,COMPANYINVITED,1,10.0,SMALLBUSINESS,MALE,4,5.0,BASIC,3.0,MARRIED,3.0,1,2,0,3.0,EXECUTIVE,21244.0
202610,0,42.0,SELFENQUIRY,1,21.0,SALARIED,MALE,3,4.0,BASIC,3.0,MARRIED,6.0,0,4,1,2.0,EXECUTIVE,21129.0
202611,0,31.0,SELFENQUIRY,3,12.0,SALARIED,FEMALE,3,4.0,STANDARD,3.0,DIVORCED,4.0,0,4,1,2.0,SENIORMANAGER,28097.0
202612,0,39.0,SELFENQUIRY,3,7.0,SALARIED,FEMALE,3,5.0,DELUXE,3.0,UNMARRIED,6.0,0,2,1,2.0,MANAGER,27364.0
202613,0,33.0,SELFENQUIRY,1,13.0,SALARIED,MALE,3,4.0,BASIC,3.0,UNMARRIED,5.0,0,2,0,2.0,EXECUTIVE,21716.0
202614,0,28.0,SELFENQUIRY,1,24.0,LARGEBUSINESS,MALE,3,4.0,BASIC,4.0,DIVORCED,2.0,1,4,1,1.0,EXECUTIVE,21736.0
202615,1,20.0,COMPANYINVITED,3,7.0,LARGEBUSINESS,FEMALE,4,6.0,BASIC,5.0,SINGLE,2.0,0,3,1,2.0,EXECUTIVE,21003.0
202616,0,37.0,COMPANYINVITED,1,10.0,SMALLBUSINESS,MALE,2,4.0,BASIC,4.0,SINGLE,6.0,0,4,1,1.0,EXECUTIVE,20766.0
202617,0,31.0,COMPANYINVITED,1,16.0,SMALLBUSINESS,MALE,4,4.0,DELUXE,5.0,MARRIED,3.0,0,2,0,2.0,MANAGER,21750.0
202618,0,46.0,SELFENQUIRY,3,11.0,SALARIED,FEMALE,2,4.0,DELUXE,5.0,MARRIED,6.0,1,4,0,1.0,MANAGER,23684.0
202619,0,57.0,SELFENQUIRY,1,15.0,SALARIED,FEMALE,4,4.0,BASIC,5.0,MARRIED,6.0,1,4,1,2.0,EXECUTIVE,22935.0
202620,0,34.0,SELFENQUIRY,1,9.0,SALARIED,MALE,3,4.0,BASIC,3.0,SINGLE,2.0,0,3,0,2.0,EXECUTIVE,21178.0
202622,0,47.0,SELFENQUIRY,3,7.0,SMALLBUSINESS,FEMALE,4,4.0,STANDARD,5.0,MARRIED,3.0,0,2,1,2.0,SENIORMANAGER,29131.0
202623,0,39.0,SELFENQUIRY,1,16.0,SALARIED,FEMALE,4,4.0,BASIC,3.0,SINGLE,3.0,0,2,1,2.0,EXECUTIVE,20966.0
202624,0,32.0,SELFENQUIRY,1,19.0,SMALLBUSINESS,FEMALE,4,4.0,BASIC,3.0,DIVORCED,2.0,1,4,1,3.0,EXECUTIVE,22607.0
202625,0,35.0,SELFENQUIRY,1,34.0,SMALLBUSINESS,FEMALE,4,4.0,BASIC,4.0,SINGLE,4.0,0,3,1,1.0,EXECUTIVE,20989.0
202626,1,42.0,SELFENQUIRY,3,27.0,SMALLBUSINESS,FEMALE,4,4.0,BASIC,4.0,UNMARRIED,3.0,1,4,0,3.0,EXECUTIVE,21818.0
202627,0,51.0,SELFENQUIRY,1,7.0,SMALLBUSINESS,MALE,3,5.0,BASIC,3.0,DIVORCED,4.0,0,3,0,1.0,EXECUTIVE,22368.0
202628,0,54.0,SELFENQUIRY,1,20.0,SMALLBUSINESS,FEMALE,3,3.0,DELUXE,5.0,MARRIED,3.0,0,2,1,2.0,MANAGER,23128.0
202629,0,34.0,SELFENQUIRY,1,21.0,SMALLBUSINESS,FEMALE,4,4.0,BASIC,4.0,DIVORCED,3.0,0,5,0,1.0,EXECUTIVE,21434.0
202632,0,35.0,COMPANYINVITED,1,9.0,SALARIED,MALE,3,5.0,DELUXE,3.0,DIVORCED,3.0,0,4,0,1.0,MANAGER,28225.0
202633,0,52.0,SELFENQUIRY,1,10.0,SMALLBUSINESS,FEMALE,4,4.0,SUPERDELUXE,4.0,SINGLE,5.0,0,5,0,2.0,AVP,32412.0
202635,0,28.0,SELFENQUIRY,1,16.0,SMALLBUSINESS,FEMALE,3,4.0,BASIC,4.0,SINGLE,3.0,0,3,1,1.0,EXECUTIVE,20957.0
202636,1,36.0,SELFENQUIRY,1,30.0,SALARIED,MALE,3,5.0,DELUXE,3.0,DIVORCED,5.0,1,4,1,2.0,MANAGER,24594.0
202637,0,44.0,COMPANYINVITED,1,14.0,SMALLBUSINESS,MALE,3,3.0,BASIC,3.0,MARRIED,6.0,0,4,0,2.0,EXECUTIVE,20767.0
202639,0,38.0,SELFENQUIRY,1,28.0,SALARIED,MALE,4,3.0,BASIC,5.0,DIVORCED,3.0,1,3,0,3.0,EXECUTIVE,22242.0
202640,0,36.0,COMPANYINVITED,1,9.0,SMALLBUSINESS,FEMALE,3,4.0,DELUXE,4.0,UNMARRIED,7.0,0,2,1,1.0,MANAGER,23103.0
202641,0,43.0,COMPANYINVITED,1,28.0,SMALLBUSINESS,FEMALE,3,4.0,DELUXE,3.0,MARRIED,4.0,0,2,0,1.0,MANAGER,23943.0
202642,0,39.0,SELFENQUIRY,1,9.0,SALARIED,MALE,3,4.0,DELUXE,3.0,DIVORCED,2.0,0,2,0,2.0,MANAGER,25231.0
202643,0,39.0,SELFENQUIRY,1,36.0,LARGEBUSINESS,MALE,3,4.0,DELUXE,3.0,DIVORCED,5.0,0,2,0,2.0,MANAGER,24939.0
202644,0,28.0,COMPANYINVITED,1,7.0,LARGEBUSINESS,MALE,3,5.0,DELUXE,5.0,DIVORCED,7.0,0,3,0,2.0,MANAGER,22976.0
202645,0,50.0,COMPANYINVITED,1,25.0,SALARIED,MALE,4,4.0,DELUXE,3.0,MARRIED,3.0,1,2,0,2.0,MANAGER,25482.0
202646,0,35.0,COMPANYINVITED,1,17.0,SMALLBUSINESS,MALE,3,4.0,BASIC,3.0,MARRIED,3.0,1,3,1,1.0,EXECUTIVE,22493.0
202647,0,41.0,SELFENQUIRY,1,26.0,SMALLBUSINESS,MALE,3,4.0,DELUXE,3.0,DIVORCED,2.0,1,2,1,2.0,MANAGER,21419.0
202648,1,39.0,SELFENQUIRY,1,36.0,SMALLBUSINESS,MALE,4,4.0,DELUXE,5.0,DIVORCED,2.0,1,3,0,2.0,MANAGER,25351.0
202649,1,30.0,SELFENQUIRY,3,34.0,SMALLBUSINESS,FEMALE,3,4.0,STANDARD,3.0,DIVORCED,3.0,0,3,1,2.0,SENIORMANAGER,26317.0
202650,0,23.0,SELFENQUIRY,1,12.0,SALARIED,MALE,3,3.0,BASIC,4.0,MARRIED,3.0,1,4,0,1.0,EXECUTIVE,21006.0
202651,0,37.0,COMPANYINVITED,1,25.0,SMALLBUSINESS,FEMALE,4,4.0,BASIC,3.0,SINGLE,3.0,0,3,1,3.0,EXECUTIVE,20831.0
202652,0,41.0,COMPANYINVITED,1,16.0,SALARIED,MALE,4,5.0,DELUXE,3.0,DIVORCED,2.0,0,5,1,1.0,MANAGER,23554.0
202653,0,47.0,SELFENQUIRY,1,7.0,SMALLBUSINESS,MALE,4,4.0,STANDARD,5.0,MARRIED,2.0,0,2,0,1.0,SENIORMANAGER,28074.0
202654,1,33.0,SELFENQUIRY,3,11.0,SMALLBUSINESS,MALE,3,6.0,STANDARD,3.0,DIVORCED,3.0,0,2,1,2.0,SENIORMANAGER,29078.0
202655,0,31.0,COMPANYINVITED,1,7.0,SALARIED,MALE,3,5.0,STANDARD,3.0,UNMARRIED,3.0,0,5,1,2.0,SENIORMANAGER,27152.0
202656,0,28.0,COMPANYINVITED,3,27.0,SALARIED,FEMALE,3,4.0,DELUXE,3.0,SINGLE,3.0,0,2,1,2.0,MANAGER,28659.0
202657,0,52.0,SELFENQUIRY,1,15.0,SALARIED,MALE,3,5.0,STANDARD,4.0,DIVORCED,7.0,0,3,1,2.0,SENIORMANAGER,31168.0
202658,1,31.0,SELFENQUIRY,1,10.0,LARGEBUSINESS,FEMALE,3,4.0,BASIC,5.0,UNMARRIED,7.0,1,4,1,2.0,EXECUTIVE,21335.0
202659,0,42.0,SELFENQUIRY,3,13.0,SALARIED,FEMALE,4,4.0,STANDARD,3.0,SINGLE,5.0,1,2,0,2.0,SENIORMANAGER,32269.0
202660,1,31.0,COMPANYINVITED,3,33.0,SMALLBUSINESS,FEMALE,3,5.0,DELUXE,5.0,UNMARRIED,7.0,0,2,0,2.0,MANAGER,25374.0
202661,1,30.0,SELFENQUIRY,1,7.0,LARGEBUSINESS,MALE,3,4.0,BASIC,3.0,SINGLE,2.0,0,2,0,1.0,EXECUTIVE,20736.0
202662,0,46.0,COMPANYINVITED,3,13.0,SMALLBUSINESS,FEMALE,3,5.0,STANDARD,3.0,UNMARRIED,8.0,0,4,1,1.0,SENIORMANAGER,27543.0
202663,0,55.0,SELFENQUIRY,3,10.0,SMALLBUSINESS,FEMALE,3,4.0,DELUXE,5.0,DIVORCED,4.0,0,4,1,2.0,MANAGER,24618.0
202664,0,37.0,SELFENQUIRY,1,12.0,SALARIED,MALE,4,4.0,DELUXE,4.0,UNMARRIED,2.0,0,2,0,3.0,MANAGER,24592.0
202665,0,34.0,SELFENQUIRY,1,11.0,SMALLBUSINESS,FEMALE,3,5.0,BASIC,4.0,DIVORCED,8.0,0,4,0,1.0,EXECUTIVE,21300.0
202666,0,38.0,COMPANYINVITED,1,18.0,SALARIED,MALE,3,4.0,STANDARD,3.0,MARRIED,3.0,1,3,0,2.0,SENIORMANAGER,30863.0
202667,0,39.0,SELFENQUIRY,3,10.0,SALARIED,MALE,4,4.0,STANDARD,3.0,MARRIED,2.0,0,2,1,2.0,SENIORMANAGER,29287.0
202668,0,32.0,COMPANYINVITED,1,7.0,SMALLBUSINESS,MALE,3,6.0,DELUXE,3.0,DIVORCED,2.0,0,3,1,1.0,MANAGER,23023.0
202669,0,60.0,SELFENQUIRY,1,10.0,SALARIED,MALE,4,5.0,BASIC,3.0,DIVORCED,5.0,0,3,0,2.0,EXECUTIVE,20855.0
202670,0,38.0,COMPANYINVITED,3,11.0,SMALLBUSINESS,MALE,3,4.0,BASIC,3.0,MARRIED,6.0,0,4,1,1.0,EXECUTIVE,20855.0
202671,0,30.0,COMPANYINVITED,3,7.0,SMALLBUSINESS,FEMALE,3,4.0,STANDARD,3.0,DIVORCED,3.0,0,3,1,1.0,SENIORMANAGER,26596.0
202672,0,36.0,COMPANYINVITED,3,7.0,SMALLBUSINESS,FEMALE,4,4.0,STANDARD,3.0,UNMARRIED,3.0,0,5,1,1.0,SENIORMANAGER,27467.0
202673,1,30.0,SELFENQUIRY,1,25.0,SMALLBUSINESS,MALE,3,5.0,BASIC,3.0,SINGLE,3.0,1,3,0,2.0,EXECUTIVE,21067.0
202674,0,53.0,SELFENQUIRY,1,9.0,SALARIED,FEMALE,3,5.0,BASIC,3.0,UNMARRIED,2.0,0,3,0,1.0,EXECUTIVE,21890.0
202676,0,60.0,SELFENQUIRY,2,13.0,SMALLBUSINESS,MALE,3,4.0,BASIC,3.0,DIVORCED,2.0,0,4,1,1.0,EXECUTIVE,20945.0
202678,1,34.0,SELFENQUIRY,1,21.0,SMALLBUSINESS,MALE,3,4.0,BASIC,3.0,DIVORCED,7.0,1,2,0,2.0,EXECUTIVE,21114.0
202680,1,34.0,SELFENQUIRY,1,9.0,SALARIED,FEMALE,3,4.0,BASIC,5.0,DIVORCED,2.0,0,3,1,1.0,EXECUTIVE,21385.0
202682,0,33.0,SELFENQUIRY,3,11.0,SALARIED,FEMALE,3,4.0,BASIC,4.0,DIVORCED,4.0,0,3,1,1.0,EXECUTIVE,22609.0
202683,1,33.0,SELFENQUIRY,1,7.0,SALARIED,MALE,4,5.0,BASIC,3.0,UNMARRIED,2.0,1,5,1,1.0,EXECUTIVE,22408.0
202684,0,40.0,SELFENQUIRY,1,7.0,SMALLBUSINESS,FEMALE,4,4.0,BASIC,3.0,MARRIED,2.0,0,3,0,2.0,EXECUTIVE,20910.0
202685,0,33.0,COMPANYINVITED,3,33.0,SMALLBUSINESS,MALE,4,4.0,DELUXE,3.0,DIVORCED,2.0,0,4,1,3.0,MANAGER,23143.0
202686,0,42.0,SELFENQUIRY,1,26.0,SALARIED,MALE,3,4.0,DELUXE,5.0,MARRIED,4.0,0,2,1,1.0,MANAGER,21750.0
202687,0,41.0,SELFENQUIRY,1,31.0,LARGEBUSINESS,MALE,4,4.0,DELUXE,3.0,MARRIED,3.0,0,3,1,2.0,MANAGER,21997.0
202689,0,32.0,COMPANYINVITED,1,10.0,SMALLBUSINESS,MALE,4,4.0,STANDARD,3.0,MARRIED,2.0,0,4,1,3.0,SENIORMANAGER,32353.0
202690,0,34.0,SELFENQUIRY,1,12.0,SALARIED,FEMALE,4,5.0,BASIC,3.0,DIVORCED,3.0,0,2,0,3.0,EXECUTIVE,21589.0
202691,0,35.0,SELFENQUIRY,1,9.0,SALARIED,MALE,3,5.0,DELUXE,5.0,DIVORCED,8.0,0,4,0,2.0,MANAGER,24635.0
202692,0,38.0,SELFENQUIRY,1,7.0,SMALLBUSINESS,FEMALE,3,5.0,BASIC,5.0,DIVORCED,4.0,0,4,1,2.0,EXECUTIVE,22598.0
202693,0,46.0,COMPANYINVITED,1,14.0,SALARIED,MALE,4,3.0,DELUXE,3.0,DIVORCED,6.0,0,2,0,3.0,MANAGER,25112.0
202694,1,38.0,COMPANYINVITED,1,17.0,SMALLBUSINESS,MALE,4,4.0,STANDARD,3.0,MARRIED,8.0,0,3,1,3.0,SENIORMANAGER,28726.0
202695,0,40.0,COMPANYINVITED,1,9.0,LARGEBUSINESS,FEMALE,4,4.0,STANDARD,3.0,SINGLE,2.0,0,2,1,2.0,SENIORMANAGER,29616.0
202696,0,30.0,SELFENQUIRY,1,22.0,SALARIED,MALE,3,4.0,BASIC,3.0,SINGLE,3.0,0,3,0,1.0,EXECUTIVE,21018.0
202697,0,43.0,SELFENQUIRY,1,24.0,SALARIED,FEMALE,3,3.0,DELUXE,5.0,UNMARRIED,5.0,1,2,0,1.0,MANAGER,25223.0
202698,0,30.0,SELFENQUIRY,3,27.0,SMALLBUSINESS,MALE,3,4.0,DELUXE,3.0,MARRIED,4.0,0,2,1,2.0,MANAGER,25609.0
202699,0,26.0,SELFENQUIRY,1,7.0,SALARIED,FEMALE,4,4.0,DELUXE,3.0,DIVORCED,2.0,0,3,1,2.0,MANAGER,23576.0
202700,0,43.0,SELFENQUIRY,1,9.0,SMALLBUSINESS,FEMALE,3,5.0,BASIC,5.0,MARRIED,2.0,1,4,1,1.0,EXECUTIVE,21271.0
202702,0,52.0,SELFENQUIRY,1,7.0,SALARIED,MALE,4,4.0,BASIC,3.0,DIVORCED,3.0,0,4,1,1.0,EXECUTIVE,21401.0
202703,1,32.0,COMPANYINVITED,1,36.0,SMALLBUSINESS,MALE,4,5.0,BASIC,4.0,UNMARRIED,2.0,0,3,1,3.0,EXECUTIVE,22157.0
202704,0,33.0,COMPANYINVITED,1,14.0,SALARIED,MALE,4,3.0,BASIC,4.0,DIVORCED,3.0,0,2,0,2.0,EXECUTIVE,21472.0
202705,0,39.0,COMPANYINVITED,3,9.0,SALARIED,MALE,3,5.0,DELUXE,3.0,DIVORCED,5.0,0,5,1,2.0,MANAGER,23927.0
202706,0,33.0,SELFENQUIRY,1,9.0,LARGEBUSINESS,MALE,3,5.0,DELUXE,5.0,SINGLE,6.0,0,4,0,2.0,MANAGER,20854.0
202708,1,29.0,SELFENQUIRY,1,9.0,SALARIED,MALE,4,4.0,BASIC,3.0,UNMARRIED,4.0,0,4,1,2.0,EXECUTIVE,22163.0
202709,0,30.0,SELFENQUIRY,3,9.0,SMALLBUSINESS,MALE,4,5.0,DELUXE,4.0,DIVORCED,4.0,0,4,0,2.0,MANAGER,25322.0
202710,0,32.0,SELFENQUIRY,1,30.0,SMALLBUSINESS,MALE,4,5.0,DELUXE,3.0,DIVORCED,2.0,0,3,1,2.0,MANAGER,24260.0
202711,0,26.0,COMPANYINVITED,1,12.0,SALARIED,MALE,3,3.0,DELUXE,5.0,MARRIED,3.0,0,5,1,2.0,MANAGER,22678.0
202712,0,46.0,SELFENQUIRY,1,27.0,SMALLBUSINESS,MALE,4,4.0,SUPERDELUXE,3.0,DIVORCED,2.0,1,3,0,1.0,AVP,32174.0
202713,0,37.0,SELFENQUIRY,1,13.0,SALARIED,MALE,3,4.0,BASIC,3.0,DIVORCED,2.0,0,5,1,2.0,EXECUTIVE,21888.0
202715,1,48.0,COMPANYINVITED,1,36.0,SALARIED,MALE,3,4.0,STANDARD,4.0,DIVORCED,3.0,1,3,1,1.0,SENIORMANAGER,30527.0
202716,0,29.0,SELFENQUIRY,1,16.0,SMALLBUSINESS,MALE,4,4.0,BASIC,3.0,DIVORCED,3.0,0,2,1,2.0,EXECUTIVE,20748.0
202717,0,38.0,SELFENQUIRY,3,13.0,SMALLBUSINESS,MALE,4,4.0,DELUXE,3.0,DIVORCED,6.0,0,3,0,1.0,MANAGER,25180.0
202718,0,22.0,SELFENQUIRY,1,10.0,SMALLBUSINESS,MALE,4,5.0,BASIC,3.0,UNMARRIED,3.0,0,5,1,2.0,EXECUTIVE,21908.0
202719,0,38.0,COMPANYINVITED,1,7.0,SMALLBUSINESS,FEMALE,2,4.0,STANDARD,3.0,MARRIED,4.0,1,3,0,1.0,SENIORMANAGER,32281.0
202720,0,36.0,SELFENQUIRY,1,29.0,SALARIED,FEMALE,4,3.0,STANDARD,4.0,MARRIED,2.0,0,5,1,2.0,SENIORMANAGER,30674.0
202721,0,39.0,SELFENQUIRY,3,14.0,SMALLBUSINESS,FEMALE,3,3.0,DELUXE,5.0,MARRIED,3.0,1,3,0,1.0,MANAGER,24283.0
202722,0,27.0,COMPANYINVITED,1,7.0,SALARIED,FEMALE,3,4.0,DELUXE,4.0,MARRIED,3.0,0,5,0,2.0,MANAGER,25075.0
202725,0,43.0,SELFENQUIRY,3,7.0,SALARIED,MALE,3,4.0,DELUXE,3.0,DIVORCED,3.0,0,3,1,1.0,MANAGER,23585.0
202726,0,30.0,COMPANYINVITED,3,9.0,SALARIED,MALE,3,4.0,DELUXE,3.0,UNMARRIED,3.0,0,2,0,1.0,MANAGER,23232.0
202727,0,56.0,SELFENQUIRY,1,27.0,LARGEBUSINESS,MALE,3,4.0,DELUXE,3.0,DIVORCED,5.0,1,2,1,2.0,MANAGER,24093.0
202728,0,27.0,COMPANYINVITED,1,18.0,SMALLBUSINESS,MALE,3,4.0,DELUXE,5.0,DIVORCED,3.0,1,3,1,2.0,MANAGER,23419.0
202729,0,38.0,SELFENQUIRY,1,7.0,SALARIED,FEMALE,3,4.0,BASIC,3.0,SINGLE,3.0,0,2,1,2.0,EXECUTIVE,20793.0
202730,1,45.0,COMPANYINVITED,1,31.0,SALARIED,MALE,3,4.0,BASIC,3.0,MARRIED,5.0,1,5,0,2.0,EXECUTIVE,21839.0
202731,0,39.0,SELFENQUIRY,1,30.0,SALARIED,MALE,3,4.0,DELUXE,3.0,MARRIED,2.0,0,3,0,1.0,MANAGER,24423.0
202732,1,27.0,SELFENQUIRY,1,23.0,SMALLBUSINESS,MALE,3,4.0,BASIC,4.0,MARRIED,4.0,1,2,1,2.0,EXECUTIVE,21051.0
202733,0,29.0,SELFENQUIRY,1,15.0,SALARIED,FEMALE,4,4.0,BASIC,3.0,UNMARRIED,3.0,0,4,0,2.0,EXECUTIVE,21988.0
202735,0,37.0,SELFENQUIRY,1,10.0,LARGEBUSINESS,MALE,2,4.0,DELUXE,4.0,UNMARRIED,6.0,0,2,1,1.0,MANAGER,23163.0
202736,0,32.0,COMPANYINVITED,3,12.0,SMALLBUSINESS,FEMALE,3,4.0,BASIC,4.0,MARRIED,3.0,0,3,0,2.0,EXECUTIVE,21467.0
202737,1,27.0,SELFENQUIRY,3,11.0,SMALLBUSINESS,MALE,3,5.0,DELUXE,3.0,UNMARRIED,3.0,1,2,1,2.0,MANAGER,24506.0
202738,0,38.0,COMPANYINVITED,1,16.0,SMALLBUSINESS,MALE,3,4.0,BASIC,3.0,DIVORCED,3.0,1,2,0,1.0,EXECUTIVE,21004.0
202739,0,43.0,COMPANYINVITED,3,33.0,SMALLBUSINESS,FEMALE,4,4.0,SUPERDELUXE,4.0,DIVORCED,7.0,0,3,1,3.0,AVP,32203.0
202740,1,19.0,SELFENQUIRY,1,10.0,SALARIED,MALE,3,4.0,BASIC,3.0,SINGLE,3.0,0,4,0,1.0,EXECUTIVE,20098.0
202741,0,36.0,SELFENQUIRY,3,23.0,SMALLBUSINESS,MALE,4,4.0,STANDARD,4.0,DIVORCED,2.0,0,2,1,3.0,SENIORMANAGER,26698.0
202742,0,37.0,COMPANYINVITED,1,25.0,SALARIED,MALE,3,3.0,BASIC,3.0,DIVORCED,6.0,0,5,0,1.0,EXECUTIVE,22366.0
202743,0,52.0,SELFENQUIRY,1,9.0,SMALLBUSINESS,MALE,3,6.0,DELUXE,4.0,MARRIED,7.0,0,2,0,1.0,MANAGER,24160.0
202746,0,29.0,SELFENQUIRY,1,23.0,SMALLBUSINESS,MALE,4,3.0,DELUXE,5.0,UNMARRIED,2.0,0,5,0,3.0,MANAGER,24339.0
202747,0,32.0,SELFENQUIRY,3,14.0,LARGEBUSINESS,MALE,4,3.0,DELUXE,3.0,DIVORCED,6.0,0,2,1,1.0,MANAGER,25607.0
202748,0,40.0,SELFENQUIRY,1,7.0,SMALLBUSINESS,MALE,3,3.0,STANDARD,3.0,MARRIED,2.0,0,3,1,1.0,SENIORMANAGER,28291.0
202749,0,37.0,COMPANYINVITED,1,31.0,SALARIED,FEMALE,3,4.0,DELUXE,4.0,DIVORCED,2.0,0,3,0,1.0,MANAGER,24352.0
202750,0,33.0,SELFENQUIRY,3,14.0,SALARIED,MALE,4,5.0,DELUXE,3.0,DIVORCED,3.0,0,3,1,3.0,MANAGER,24162.0
202751,0,39.0,SELFENQUIRY,1,32.0,SALARIED,FEMALE,3,5.0,STANDARD,4.0,DIVORCED,5.0,0,3,1,1.0,SENIORMANAGER,30739.0
202752,0,59.0,COMPANYINVITED,1,7.0,SALARIED,MALE,3,6.0,DELUXE,3.0,MARRIED,4.0,1,2,1,2.0,MANAGER,24338.0
202753,0,32.0,SELFENQUIRY,1,12.0,LARGEBUSINESS,MALE,3,4.0,BASIC,3.0,DIVORCED,2.0,1,4,0,2.0,EXECUTIVE,23499.0
202754,0,32.0,SELFENQUIRY,2,9.0,SALARIED,MALE,4,5.0,DELUXE,5.0,DIVORCED,5.0,0,3,0,2.0,MANAGER,25088.0
202755,0,46.0,COMPANYINVITED,1,14.0,SALARIED,MALE,4,4.0,STANDARD,5.0,MARRIED,3.0,0,2,1,3.0,SENIORMANAGER,23888.0
202756,0,32.0,SELFENQUIRY,1,9.0,SALARIED,MALE,3,4.0,BASIC,3.0,MARRIED,2.0,1,4,1,2.0,EXECUTIVE,21373.0
202757,0,34.0,COMPANYINVITED,1,12.0,SALARIED,FEMALE,4,4.0,STANDARD,4.0,DIVORCED,8.0,0,3,1,3.0,SENIORMANAGER,30556.0
202759,0,44.0,COMPANYINVITED,1,17.0,SALARIED,FEMALE,3,4.0,BASIC,3.0,SINGLE,2.0,0,5,0,2.0,EXECUTIVE,21133.0
202760,0,50.0,SELFENQUIRY,1,7.0,LARGEBUSINESS,FEMALE,3,5.0,SUPERDELUXE,3.0,SINGLE,2.0,1,3,1,1.0,AVP,32642.0
202761,1,53.0,SELFENQUIRY,1,15.0,SMALLBUSINESS,MALE,3,5.0,DELUXE,4.0,DIVORCED,4.0,0,2,1,2.0,MANAGER,23619.0
202762,0,28.0,SELFENQUIRY,1,12.0,SALARIED,FEMALE,3,4.0,BASIC,4.0,SINGLE,3.0,1,3,0,2.0,EXECUTIVE,21156.0
202763,0,33.0,SELFENQUIRY,3,15.0,LARGEBUSINESS,FEMALE,4,5.0,DELUXE,4.0,DIVORCED,3.0,1,2,1,1.0,MANAGER,23906.0
202764,0,28.0,SELFENQUIRY,3,9.0,SALARIED,MALE,4,4.0,DELUXE,3.0,UNMARRIED,3.0,1,4,1,3.0,MANAGER,23156.0
202765,0,32.0,SELFENQUIRY,3,14.0,SMALLBUSINESS,MALE,4,4.0,DELUXE,3.0,MARRIED,6.0,0,2,0,1.0,MANAGER,26225.0
202766,0,33.0,SELFENQUIRY,1,9.0,SMALLBUSINESS,FEMALE,4,3.0,DELUXE,3.0,UNMARRIED,2.0,0,3,1,3.0,MANAGER,23733.0
202767,1,29.0,SELFENQUIRY,1,9.0,SMALLBUSINESS,MALE,3,6.0,BASIC,3.0,DIVORCED,7.0,1,3,1,1.0,EXECUTIVE,22142.0
202768,0,31.0,SELFENQUIRY,1,35.0,SMALLBUSINESS,FEMALE,4,4.0,DELUXE,3.0,DIVORCED,3.0,0,3,0,3.0,MANAGER,24453.0
202769,0,32.0,COMPANYINVITED,1,14.0,SALARIED,FEMALE,3,5.0,STANDARD,3.0,DIVORCED,3.0,0,2,1,2.0,SENIORMANAGER,27621.0
202771,1,40.0,SELFENQUIRY,3,10.0,SMALLBUSINESS,FEMALE,3,4.0,DELUXE,3.0,DIVORCED,6.0,1,4,1,2.0,MANAGER,23916.0
202772,0,34.0,COMPANYINVITED,3,17.0,SMALLBUSINESS,MALE,3,5.0,DELUXE,3.0,UNMARRIED,5.0,0,3,1,2.0,MANAGER,23360.0
202774,0,44.0,COMPANYINVITED,1,17.0,SALARIED,FEMALE,3,5.0,DELUXE,3.0,MARRIED,3.0,0,3,0,1.0,MANAGER,23935.0
202775,0,28.0,COMPANYINVITED,3,7.0,SMALLBUSINESS,MALE,4,4.0,DELUXE,4.0,DIVORCED,2.0,1,2,0,3.0,MANAGER,25027.0
202776,0,55.0,COMPANYINVITED,1,27.0,SALARIED,FEMALE,3,4.0,DELUXE,3.0,UNMARRIED,5.0,0,4,1,1.0,MANAGER,23547.0
202777,0,44.0,SELFENQUIRY,1,14.0,SALARIED,FEMALE,3,4.0,STANDARD,5.0,DIVORCED,2.0,0,5,1,1.0,SENIORMANAGER,28663.0
202778,0,46.0,SELFENQUIRY,1,15.0,SALARIED,MALE,4,4.0,DELUXE,3.0,DIVORCED,2.0,0,3,1,1.0,MANAGER,22375.0
202779,0,41.0,SELFENQUIRY,3,7.0,SMALLBUSINESS,MALE,3,6.0,DELUXE,3.0,DIVORCED,4.0,1,3,1,1.0,MANAGER,26135.0
202780,1,30.0,SELFENQUIRY,1,15.0,SALARIED,MALE,4,6.0,BASIC,5.0,DIVORCED,3.0,1,3,1,2.0,EXECUTIVE,20797.0
202781,0,30.0,SELFENQUIRY,1,16.0,SALARIED,MALE,2,5.0,BASIC,3.0,UNMARRIED,2.0,0,2,1,1.0,EXECUTIVE,22661.0
202782,0,31.0,SELFENQUIRY,3,12.0,SMALLBUSINESS,FEMALE,2,5.0,DELUXE,3.0,MARRIED,3.0,0,2,0,1.0,MANAGER,24796.0
202783,0,28.0,SELFENQUIRY,3,15.0,SMALLBUSINESS,FEMALE,3,4.0,DELUXE,4.0,DIVORCED,3.0,0,2,0,1.0,MANAGER,24892.0
202784,0,38.0,SELFENQUIRY,1,12.0,SMALLBUSINESS,MALE,4,4.0,DELUXE,3.0,MARRIED,2.0,0,3,0,1.0,MANAGER,25025.0
202785,0,39.0,SELFENQUIRY,1,22.0,SALARIED,MALE,4,5.0,STANDARD,3.0,MARRIED,2.0,1,5,1,2.0,SENIORMANAGER,30188.0
202786,0,32.0,SELFENQUIRY,1,14.0,SMALLBUSINESS,FEMALE,3,4.0,STANDARD,3.0,UNMARRIED,3.0,1,4,1,2.0,SENIORMANAGER,25821.0
202787,0,30.0,SELFENQUIRY,3,17.0,SMALLBUSINESS,FEMALE,3,5.0,DELUXE,4.0,MARRIED,3.0,1,5,0,2.0,MANAGER,26946.0
202788,0,36.0,SELFENQUIRY,1,12.0,LARGEBUSINESS,MALE,4,4.0,STANDARD,4.0,UNMARRIED,2.0,0,3,0,1.0,SENIORMANAGER,26773.0
202789,0,24.0,SELFENQUIRY,1,33.0,SALARIED,MALE,3,4.0,BASIC,3.0,MARRIED,3.0,0,2,1,2.0,EXECUTIVE,21582.0
202790,0,42.0,SELFENQUIRY,1,13.0,SMALLBUSINESS,MALE,4,5.0,DELUXE,4.0,UNMARRIED,8.0,1,3,1,1.0,MANAGER,24710.0
202791,0,48.0,COMPANYINVITED,3,11.0,SMALLBUSINESS,MALE,3,4.0,DELUXE,3.0,UNMARRIED,5.0,0,4,0,2.0,MANAGER,21654.0
202793,0,30.0,COMPANYINVITED,3,9.0,SALARIED,MALE,4,4.0,DELUXE,3.0,DIVORCED,3.0,0,2,1,2.0,MANAGER,23327.0
202794,0,43.0,SELFENQUIRY,2,9.0,LARGEBUSINESS,MALE,3,4.0,BASIC,3.0,MARRIED,2.0,1,4,1,1.0,EXECUTIVE,21374.0
202795,0,33.0,SELFENQUIRY,1,9.0,SMALLBUSINESS,FEMALE,4,4.0,BASIC,4.0,DIVORCED,3.0,0,4,0,1.0,EXECUTIVE,21048.0
202796,0,49.0,SELFENQUIRY,3,36.0,SMALLBUSINESS,FEMALE,4,4.0,STANDARD,3.0,DIVORCED,5.0,0,4,0,1.0,SENIORMANAGER,31182.0
202797,0,38.0,SELFENQUIRY,1,13.0,SMALLBUSINESS,MALE,3,3.0,DELUXE,5.0,MARRIED,6.0,1,3,1,2.0,MANAGER,24652.0
202798,0,31.0,COMPANYINVITED,3,32.0,LARGEBUSINESS,FEMALE,3,4.0,DELUXE,3.0,DIVORCED,2.0,1,3,1,1.0,MANAGER,23414.0
202799,0,27.0,SELFENQUIRY,3,7.0,SALARIED,MALE,3,4.0,DELUXE,3.0,DIVORCED,3.0,0,5,1,1.0,MANAGER,23974.0
202800,0,43.0,SELFENQUIRY,1,9.0,SALARIED,MALE,4,5.0,DELUXE,3.0,UNMARRIED,5.0,0,2,0,2.0,MANAGER,25459.0
202801,1,22.0,COMPANYINVITED,3,7.0,LARGEBUSINESS,FEMALE,3,5.0,BASIC,4.0,SINGLE,3.0,1,5,1,2.0,EXECUTIVE,20852.0
202802,0,37.0,COMPANYINVITED,3,7.0,SMALLBUSINESS,FEMALE,3,4.0,DELUXE,3.0,UNMARRIED,6.0,0,2,1,2.0,MANAGER,25331.0
202803,0,37.0,COMPANYINVITED,3,10.0,SMALLBUSINESS,MALE,3,5.0,STANDARD,3.0,DIVORCED,6.0,0,2,0,2.0,SENIORMANAGER,28377.0
202804,0,58.0,SELFENQUIRY,1,7.0,SMALLBUSINESS,MALE,3,4.0,DELUXE,3.0,DIVORCED,4.0,0,3,1,2.0,MANAGER,25433.0
202805,0,41.0,SELFENQUIRY,1,17.0,SALARIED,FEMALE,3,3.0,BASIC,3.0,DIVORCED,5.0,1,3,0,2.0,EXECUTIVE,20891.0
202806,0,22.0,COMPANYINVITED,3,16.0,SMALLBUSINESS,MALE,3,4.0,BASIC,3.0,UNMARRIED,3.0,0,4,0,1.0,EXECUTIVE,21288.0
202807,1,34.0,SELFENQUIRY,3,12.0,SMALLBUSINESS,FEMALE,3,4.0,BASIC,3.0,UNMARRIED,3.0,1,2,1,1.0,EXECUTIVE,21529.0
202808,0,38.0,SELFENQUIRY,1,17.0,SMALLBUSINESS,FEMALE,4,4.0,BASIC,5.0,DIVORCED,8.0,0,2,1,2.0,EXECUTIVE,22130.0
202809,0,47.0,COMPANYINVITED,1,14.0,SMALLBUSINESS,FEMALE,2,4.0,DELUXE,3.0,DIVORCED,4.0,0,5,0,1.0,MANAGER,23936.0
202810,1,42.0,COMPANYINVITED,3,11.0,SMALLBUSINESS,MALE,3,4.0,DELUXE,4.0,UNMARRIED,3.0,0,3,1,1.0,MANAGER,28033.0
202811,0,51.0,SELFENQUIRY,1,17.0,LARGEBUSINESS,MALE,4,5.0,STANDARD,3.0,SINGLE,8.0,0,5,0,3.0,SENIORMANAGER,29174.0
202812,1,41.0,SELFENQUIRY,3,29.0,SMALLBUSINESS,MALE,4,5.0,DELUXE,3.0,DIVORCED,4.0,1,3,1,2.0,MANAGER,25058.0
202813,0,32.0,SELFENQUIRY,1,16.0,SALARIED,MALE,3,5.0,BASIC,4.0,UNMARRIED,2.0,1,3,1,1.0,EXECUTIVE,21335.0
202814,1,22.0,SELFENQUIRY,3,19.0,SALARIED,FEMALE,3,3.0,BASIC,4.0,UNMARRIED,3.0,0,5,0,2.0,EXECUTIVE,21394.0
202815,0,30.0,SELFENQUIRY,1,30.0,SALARIED,MALE,3,4.0,BASIC,3.0,SINGLE,2.0,0,3,1,1.0,EXECUTIVE,20879.0
202816,0,36.0,SELFENQUIRY,1,16.0,SALARIED,MALE,4,5.0,DELUXE,4.0,UNMARRIED,2.0,0,2,1,3.0,MANAGER,25218.0
202817,0,28.0,SELFENQUIRY,1,7.0,SMALLBUSINESS,MALE,3,4.0,BASIC,4.0,MARRIED,3.0,0,3,0,1.0,EXECUTIVE,22494.0
202818,0,29.0,SELFENQUIRY,3,16.0,SALARIED,MALE,4,4.0,DELUXE,3.0,UNMARRIED,3.0,0,3,1,1.0,MANAGER,23931.0
202819,0,50.0,SELFENQUIRY,1,14.0,SALARIED,MALE,3,5.0,STANDARD,3.0,SINGLE,2.0,0,2,1,2.0,SENIORMANAGER,29643.0
202820,0,52.0,SELFENQUIRY,3,21.0,SALARIED,FEMALE,3,4.0,DELUXE,3.0,DIVORCED,6.0,0,3,0,2.0,MANAGER,23614.0
202821,0,37.0,SELFENQUIRY,1,9.0,SALARIED,FEMALE,4,4.0,BASIC,3.0,DIVORCED,6.0,0,5,1,1.0,EXECUTIVE,21221.0
202822,1,35.0,COMPANYINVITED,3,26.0,SMALLBUSINESS,MALE,4,3.0,DELUXE,3.0,UNMARRIED,2.0,1,2,1,3.0,MANAGER,23982.0
202824,0,25.0,SELFENQUIRY,3,17.0,SMALLBUSINESS,FEMALE,4,4.0,DELUXE,3.0,MARRIED,3.0,1,2,0,3.0,MANAGER,22938.0
202825,0,31.0,SELFENQUIRY,3,9.0,LARGEBUSINESS,MALE,4,4.0,BASIC,4.0,DIVORCED,3.0,0,3,1,3.0,EXECUTIVE,21154.0
202826,1,27.0,COMPANYINVITED,1,10.0,LARGEBUSINESS,MALE,4,4.0,BASIC,5.0,UNMARRIED,2.0,0,3,0,3.0,EXECUTIVE,21780.0
202827,0,23.0,SELFENQUIRY,1,18.0,SMALLBUSINESS,FEMALE,3,4.0,BASIC,4.0,DIVORCED,3.0,0,2,1,1.0,EXECUTIVE,20922.0
202828,0,37.0,SELFENQUIRY,3,9.0,SMALLBUSINESS,MALE,4,5.0,STANDARD,3.0,DIVORCED,3.0,0,2,1,1.0,SENIORMANAGER,26274.0
202829,1,31.0,COMPANYINVITED,1,11.0,LARGEBUSINESS,MALE,3,4.0,BASIC,3.0,SINGLE,20.0,1,4,1,2.0,EXECUTIVE,20963.0
202830,0,38.0,SELFENQUIRY,1,21.0,SALARIED,FEMALE,4,4.0,BASIC,5.0,MARRIED,3.0,0,4,1,1.0,EXECUTIVE,21712.0
202831,0,41.0,SELFENQUIRY,3,9.0,SMALLBUSINESS,FEMALE,3,4.0,DELUXE,4.0,MARRIED,2.0,0,2,0,2.0,MANAGER,24393.0
202832,0,43.0,SELFENQUIRY,1,7.0,SALARIED,FEMALE,4,4.0,BASIC,5.0,MARRIED,5.0,0,3,1,2.0,EXECUTIVE,21254.0
202833,0,38.0,SELFENQUIRY,1,17.0,SALARIED,MALE,3,4.0,DELUXE,4.0,UNMARRIED,4.0,1,5,0,2.0,MANAGER,22875.0
202834,0,44.0,SELFENQUIRY,1,19.0,SALARIED,MALE,3,5.0,SUPERDELUXE,4.0,MARRIED,3.0,0,3,0,2.0,AVP,33014.0
202835,0,41.0,SELFENQUIRY,1,9.0,SMALLBUSINESS,FEMALE,4,5.0,DELUXE,3.0,DIVORCED,8.0,0,5,1,1.0,MANAGER,22126.0
202837,0,35.0,COMPANYINVITED,3,11.0,SMALLBUSINESS,FEMALE,4,4.0,DELUXE,3.0,DIVORCED,2.0,0,2,1,1.0,MANAGER,25216.0
202838,0,32.0,SELFENQUIRY,1,14.0,SMALLBUSINESS,FEMALE,3,4.0,DELUXE,5.0,DIVORCED,3.0,0,2,1,1.0,MANAGER,22984.0
202839,0,44.0,COMPANYINVITED,1,28.0,SMALLBUSINESS,MALE,4,4.0,BASIC,3.0,DIVORCED,2.0,0,4,0,3.0,EXECUTIVE,20936.0
202840,0,44.0,SELFENQUIRY,1,15.0,SALARIED,FEMALE,4,4.0,DELUXE,3.0,MARRIED,6.0,1,2,0,1.0,MANAGER,23200.0
202841,0,26.0,SELFENQUIRY,3,11.0,SALARIED,FEMALE,3,5.0,DELUXE,3.0,UNMARRIED,3.0,1,2,0,2.0,MANAGER,23165.0
202842,0,38.0,COMPANYINVITED,1,32.0,SMALLBUSINESS,FEMALE,4,4.0,DELUXE,3.0,DIVORCED,5.0,1,3,1,2.0,MANAGER,23127.0
202843,0,32.0,SELFENQUIRY,1,7.0,SALARIED,MALE,4,5.0,BASIC,5.0,DIVORCED,3.0,0,4,0,1.0,EXECUTIVE,20896.0
202845,0,57.0,COMPANYINVITED,3,13.0,SALARIED,FEMALE,3,3.0,SUPERDELUXE,5.0,DIVORCED,2.0,0,3,1,1.0,AVP,31890.0
202846,0,31.0,SELFENQUIRY,3,19.0,LARGEBUSINESS,FEMALE,3,4.0,DELUXE,3.0,UNMARRIED,2.0,0,2,1,1.0,MANAGER,25255.0
202847,0,42.0,SELFENQUIRY,3,7.0,SMALLBUSINESS,MALE,3,3.0,STANDARD,5.0,DIVORCED,3.0,0,3,1,2.0,SENIORMANAGER,27070.0
202848,0,29.0,SELFENQUIRY,1,24.0,SMALLBUSINESS,MALE,4,4.0,DELUXE,5.0,MARRIED,3.0,0,2,0,1.0,MANAGER,23236.0
202849,1,26.0,SELFENQUIRY,1,10.0,SMALLBUSINESS,MALE,4,4.0,BASIC,5.0,DIVORCED,7.0,0,5,1,2.0,EXECUTIVE,22709.0
202850,0,53.0,SELFENQUIRY,1,10.0,SMALLBUSINESS,MALE,3,5.0,STANDARD,3.0,DIVORCED,4.0,1,2,0,1.0,SENIORMANAGER,26647.0
202851,0,46.0,SELFENQUIRY,1,17.0,SALARIED,MALE,4,4.0,BASIC,3.0,DIVORCED,5.0,0,5,1,1.0,EXECUTIVE,21332.0
202853,0,43.0,COMPANYINVITED,1,36.0,SALARIED,FEMALE,4,4.0,DELUXE,3.0,MARRIED,4.0,0,3,1,3.0,MANAGER,23234.0
202854,0,31.0,SELFENQUIRY,1,9.0,SALARIED,FEMALE,3,6.0,DELUXE,3.0,UNMARRIED,4.0,0,2,0,2.0,MANAGER,24769.0
202855,0,61.0,SELFENQUIRY,1,14.0,SALARIED,FEMALE,3,4.0,KING,5.0,DIVORCED,7.0,0,5,0,1.0,VP,38244.0
202856,0,47.0,SELFENQUIRY,1,25.0,SMALLBUSINESS,FEMALE,3,4.0,DELUXE,3.0,MARRIED,4.0,0,5,0,1.0,MANAGER,23488.0
202857,0,43.0,COMPANYINVITED,1,35.0,LARGEBUSINESS,FEMALE,3,5.0,DELUXE,3.0,DIVORCED,2.0,0,3,0,1.0,MANAGER,23201.0
202858,1,25.0,SELFENQUIRY,3,7.0,LARGEBUSINESS,FEMALE,4,4.0,BASIC,4.0,UNMARRIED,3.0,1,4,1,3.0,EXECUTIVE,21880.0
202859,1,35.0,COMPANYINVITED,3,13.0,SMALLBUSINESS,FEMALE,3,6.0,BASIC,3.0,MARRIED,2.0,0,4,1,2.0,EXECUTIVE,21029.0
202860,0,39.0,COMPANYINVITED,1,9.0,SALARIED,MALE,3,4.0,BASIC,3.0,DIVORCED,3.0,1,5,1,2.0,EXECUTIVE,20380.0
202862,0,27.0,SELFENQUIRY,1,30.0,SALARIED,FEMALE,3,4.0,BASIC,3.0,MARRIED,3.0,0,3,1,2.0,EXECUTIVE,21564.0
202863,0,31.0,COMPANYINVITED,1,10.0,SALARIED,MALE,3,4.0,BASIC,3.0,DIVORCED,6.0,0,3,0,2.0,EXECUTIVE,20775.0
202864,0,30.0,SELFENQUIRY,1,10.0,SMALLBUSINESS,MALE,4,5.0,STANDARD,3.0,DIVORCED,3.0,0,2,1,3.0,SENIORMANAGER,30613.0
202865,1,30.0,SELFENQUIRY,1,32.0,LARGEBUSINESS,FEMALE,4,5.0,BASIC,4.0,DIVORCED,7.0,0,3,0,3.0,EXECUTIVE,21224.0
202866,1,20.0,SELFENQUIRY,2,9.0,LARGEBUSINESS,MALE,3,5.0,BASIC,3.0,SINGLE,3.0,0,3,1,2.0,EXECUTIVE,21242.0
202867,0,31.0,COMPANYINVITED,3,29.0,SALARIED,FEMALE,4,4.0,STANDARD,5.0,DIVORCED,2.0,0,2,1,1.0,SENIORMANAGER,27090.0
202868,0,58.0,SELFENQUIRY,3,36.0,SMALLBUSINESS,MALE,3,5.0,SUPERDELUXE,3.0,MARRIED,5.0,0,3,0,1.0,AVP,32796.0
202870,0,31.0,COMPANYINVITED,1,9.0,SMALLBUSINESS,FEMALE,3,4.0,BASIC,3.0,SINGLE,2.0,0,4,1,1.0,EXECUTIVE,21242.0
202871,0,61.0,COMPANYINVITED,3,35.0,SMALLBUSINESS,FEMALE,4,5.0,STANDARD,5.0,DIVORCED,6.0,0,2,1,1.0,SENIORMANAGER,28944.0
202872,0,48.0,SELFENQUIRY,1,9.0,SMALLBUSINESS,FEMALE,4,4.0,DELUXE,3.0,MARRIED,7.0,0,2,0,2.0,MANAGER,23748.0
202874,0,36.0,SELFENQUIRY,1,29.0,SALARIED,MALE,3,6.0,BASIC,3.0,UNMARRIED,2.0,0,4,1,1.0,EXECUTIVE,22908.0
202875,0,55.0,SELFENQUIRY,1,15.0,SALARIED,FEMALE,3,4.0,DELUXE,3.0,UNMARRIED,2.0,0,2,1,1.0,MANAGER,22458.0
202876,0,35.0,SELFENQUIRY,1,9.0,SALARIED,MALE,4,5.0,BASIC,3.0,MARRIED,5.0,0,5,1,1.0,EXECUTIVE,21446.0
202877,0,47.0,SELFENQUIRY,3,17.0,SMALLBUSINESS,FEMALE,4,5.0,STANDARD,3.0,DIVORCED,4.0,1,2,1,2.0,SENIORMANAGER,27749.0
202878,0,32.0,SELFENQUIRY,1,16.0,SALARIED,MALE,3,4.0,STANDARD,4.0,MARRIED,3.0,0,3,1,2.0,SENIORMANAGER,29326.0
202879,1,34.0,SELFENQUIRY,1,22.0,SMALLBUSINESS,MALE,3,4.0,STANDARD,3.0,DIVORCED,2.0,1,5,0,1.0,SENIORMANAGER,32288.0
202880,1,34.0,SELFENQUIRY,1,17.0,SMALLBUSINESS,MALE,3,6.0,BASIC,3.0,MARRIED,2.0,0,5,0,1.0,EXECUTIVE,22086.0
202881,0,31.0,SELFENQUIRY,3,14.0,SMALLBUSINESS,MALE,3,4.0,BASIC,4.0,UNMARRIED,2.0,0,2,1,1.0,EXECUTIVE,21661.0
202882,0,36.0,SELFENQUIRY,1,23.0,SALARIED,MALE,4,4.0,STANDARD,3.0,DIVORCED,6.0,1,2,0,2.0,SENIORMANAGER,26310.0
202883,1,32.0,COMPANYINVITED,1,27.0,SALARIED,MALE,4,4.0,STANDARD,3.0,DIVORCED,5.0,0,3,1,1.0,SENIORMANAGER,28502.0
202884,1,35.0,COMPANYINVITED,2,30.0,SALARIED,FEMALE,3,4.0,STANDARD,5.0,MARRIED,2.0,1,3,1,1.0,SENIORMANAGER,28628.0
202885,0,43.0,COMPANYINVITED,1,12.0,SALARIED,MALE,4,4.0,BASIC,3.0,DIVORCED,6.0,0,3,1,1.0,EXECUTIVE,20771.0
202886,0,37.0,COMPANYINVITED,3,17.0,SMALLBUSINESS,MALE,3,4.0,STANDARD,3.0,SINGLE,3.0,0,2,1,2.0,SENIORMANAGER,28658.0
202887,1,23.0,COMPANYINVITED,1,11.0,LARGEBUSINESS,MALE,3,5.0,BASIC,3.0,UNMARRIED,7.0,0,5,1,1.0,EXECUTIVE,22572.0
202888,0,49.0,SELFENQUIRY,3,9.0,SMALLBUSINESS,FEMALE,3,4.0,DELUXE,3.0,DIVORCED,4.0,0,5,1,1.0,MANAGER,22729.0
202890,0,42.0,COMPANYINVITED,3,17.0,SALARIED,MALE,3,4.0,DELUXE,3.0,UNMARRIED,2.0,0,2,0,2.0,MANAGER,24908.0
202891,0,36.0,SELFENQUIRY,3,7.0,SMALLBUSINESS,MALE,3,4.0,DELUXE,3.0,DIVORCED,2.0,0,3,1,1.0,MANAGER,23395.0
202892,0,41.0,SELFENQUIRY,1,13.0,SALARIED,FEMALE,4,4.0,SUPERDELUXE,3.0,SINGLE,2.0,0,5,1,3.0,AVP,31915.0
202893,0,40.0,COMPANYINVITED,1,15.0,SALARIED,FEMALE,3,4.0,BASIC,3.0,DIVORCED,3.0,0,2,0,1.0,EXECUTIVE,22433.0
202894,0,32.0,SELFENQUIRY,3,9.0,SALARIED,MALE,4,4.0,DELUXE,3.0,UNMARRIED,6.0,1,5,1,2.0,MANAGER,25260.0
202895,0,43.0,SELFENQUIRY,1,31.0,SMALLBUSINESS,MALE,3,4.0,STANDARD,5.0,DIVORCED,3.0,1,2,1,2.0,SENIORMANAGER,26084.0
202896,0,46.0,SELFENQUIRY,3,9.0,SALARIED,MALE,4,4.0,DELUXE,4.0,DIVORCED,2.0,0,5,1,1.0,MANAGER,23483.0
202897,1,27.0,COMPANYINVITED,2,24.0,SALARIED,FEMALE,3,4.0,BASIC,3.0,MARRIED,2.0,1,5,0,2.0,EXECUTIVE,21419.0
202898,0,30.0,SELFENQUIRY,1,26.0,LARGEBUSINESS,MALE,3,4.0,DELUXE,3.0,MARRIED,6.0,0,5,0,1.0,MANAGER,22940.0
202900,0,32.0,SELFENQUIRY,3,14.0,SALARIED,MALE,3,5.0,STANDARD,3.0,MARRIED,2.0,0,3,1,1.0,SENIORMANAGER,30235.0
202901,1,19.0,COMPANYINVITED,3,12.0,SMALLBUSINESS,MALE,4,4.0,BASIC,4.0,SINGLE,3.0,1,4,1,3.0,EXECUTIVE,20556.0
202902,0,41.0,COMPANYINVITED,3,35.0,SALARIED,MALE,3,6.0,STANDARD,5.0,MARRIED,5.0,0,5,1,1.0,SENIORMANAGER,29610.0
202903,0,42.0,COMPANYINVITED,1,9.0,SALARIED,FEMALE,4,5.0,DELUXE,3.0,UNMARRIED,4.0,1,2,0,1.0,MANAGER,25489.0
202904,0,27.0,SELFENQUIRY,3,36.0,SMALLBUSINESS,MALE,3,4.0,DELUXE,3.0,MARRIED,7.0,0,5,1,1.0,MANAGER,22984.0
202905,0,36.0,SELFENQUIRY,3,7.0,SMALLBUSINESS,FEMALE,4,4.0,DELUXE,3.0,UNMARRIED,3.0,0,4,0,3.0,MANAGER,23537.0
202906,0,35.0,SELFENQUIRY,3,28.0,SALARIED,MALE,4,3.0,DELUXE,3.0,UNMARRIED,3.0,0,3,1,1.0,MANAGER,24015.0
202907,1,27.0,SELFENQUIRY,1,31.0,LARGEBUSINESS,MALE,4,6.0,BASIC,3.0,SINGLE,3.0,1,3,1,3.0,EXECUTIVE,21018.0
202908,0,38.0,SELFENQUIRY,1,7.0,LARGEBUSINESS,FEMALE,3,4.0,STANDARD,3.0,UNMARRIED,6.0,0,5,1,2.0,SENIORMANAGER,26169.0
202909,0,47.0,COMPANYINVITED,1,25.0,SMALLBUSINESS,FEMALE,3,4.0,STANDARD,3.0,DIVORCED,7.0,0,3,1,1.0,SENIORMANAGER,29205.0
202911,0,38.0,COMPANYINVITED,3,16.0,SMALLBUSINESS,MALE,4,4.0,STANDARD,4.0,MARRIED,3.0,0,2,1,1.0,SENIORMANAGER,27512.0
202912,0,53.0,SELFENQUIRY,1,13.0,LARGEBUSINESS,MALE,4,4.0,DELUXE,5.0,MARRIED,5.0,1,4,1,3.0,MANAGER,24255.0
202913,1,33.0,COMPANYINVITED,3,18.0,SALARIED,MALE,3,3.0,DELUXE,3.0,DIVORCED,2.0,0,3,1,2.0,MANAGER,23385.0
202914,0,25.0,COMPANYINVITED,3,31.0,SMALLBUSINESS,MALE,3,4.0,BASIC,3.0,DIVORCED,2.0,0,4,0,2.0,EXECUTIVE,21078.0
202915,0,39.0,SELFENQUIRY,1,17.0,SMALLBUSINESS,FEMALE,4,4.0,DELUXE,3.0,DIVORCED,5.0,0,3,1,3.0,MANAGER,28502.0
202916,0,38.0,SELFENQUIRY,1,7.0,SALARIED,FEMALE,4,4.0,DELUXE,4.0,DIVORCED,8.0,0,2,1,2.0,MANAGER,25125.0
202918,0,25.0,SELFENQUIRY,1,30.0,SMALLBUSINESS,MALE,3,3.0,BASIC,3.0,DIVORCED,3.0,1,4,0,2.0,EXECUTIVE,21403.0
202919,0,27.0,SELFENQUIRY,3,35.0,SMALLBUSINESS,MALE,4,4.0,DELUXE,4.0,DIVORCED,3.0,0,3,1,1.0,MANAGER,24950.0
202920,0,25.0,SELFENQUIRY,1,24.0,SALARIED,MALE,4,5.0,BASIC,4.0,DIVORCED,3.0,0,3,1,2.0,EXECUTIVE,20805.0
202922,0,26.0,SELFENQUIRY,3,20.0,SMALLBUSINESS,MALE,3,4.0,BASIC,3.0,DIVORCED,3.0,0,3,1,1.0,EXECUTIVE,20774.0
202923,1,25.0,COMPANYINVITED,1,14.0,SALARIED,FEMALE,3,4.0,BASIC,3.0,DIVORCED,3.0,1,4,0,1.0,EXECUTIVE,21564.0
202924,1,31.0,COMPANYINVITED,3,19.0,SALARIED,MALE,4,5.0,BASIC,5.0,DIVORCED,3.0,0,5,1,1.0,EXECUTIVE,20711.0
202925,0,35.0,SELFENQUIRY,1,7.0,SALARIED,MALE,3,5.0,BASIC,3.0,DIVORCED,3.0,1,2,0,1.0,EXECUTIVE,22300.0
202926,1,32.0,SELFENQUIRY,3,20.0,SMALLBUSINESS,MALE,3,4.0,DELUXE,5.0,MARRIED,4.0,0,2,0,1.0,MANAGER,22911.0
202927,0,36.0,SELFENQUIRY,1,32.0,SALARIED,MALE,3,5.0,DELUXE,3.0,UNMARRIED,6.0,0,2,0,2.0,MANAGER,22359.0
202928,0,32.0,SELFENQUIRY,3,13.0,SMALLBUSINESS,MALE,4,3.0,DELUXE,3.0,MARRIED,6.0,0,5,1,3.0,MANAGER,24138.0
202929,0,28.0,SELFENQUIRY,1,13.0,SMALLBUSINESS,FEMALE,4,5.0,BASIC,3.0,MARRIED,2.0,0,2,1,2.0,EXECUTIVE,20865.0
202930,0,38.0,SELFENQUIRY,3,9.0,SMALLBUSINESS,MALE,4,4.0,DELUXE,3.0,DIVORCED,6.0,1,3,0,2.0,MANAGER,28280.0
202931,0,21.0,SELFENQUIRY,1,7.0,SALARIED,FEMALE,3,5.0,BASIC,4.0,UNMARRIED,3.0,0,4,1,1.0,EXECUTIVE,21514.0
202932,0,43.0,SELFENQUIRY,1,9.0,SALARIED,FEMALE,3,4.0,DELUXE,3.0,DIVORCED,3.0,0,2,1,1.0,MANAGER,22767.0
202934,0,39.0,SELFENQUIRY,1,7.0,SALARIED,FEMALE,3,4.0,BASIC,5.0,UNMARRIED,5.0,0,2,1,2.0,EXECUTIVE,21297.0
202935,0,44.0,COMPANYINVITED,1,16.0,SMALLBUSINESS,MALE,4,4.0,DELUXE,3.0,MARRIED,5.0,1,3,1,1.0,MANAGER,24357.0
202936,0,49.0,SELFENQUIRY,1,7.0,SALARIED,FEMALE,3,5.0,SUPERDELUXE,5.0,DIVORCED,2.0,0,4,0,2.0,AVP,34080.0
202937,0,45.0,SELFENQUIRY,2,7.0,SALARIED,FEMALE,3,5.0,DELUXE,3.0,UNMARRIED,6.0,0,5,1,2.0,MANAGER,24663.0
202938,0,35.0,SELFENQUIRY,3,21.0,LARGEBUSINESS,FEMALE,3,4.0,BASIC,3.0,MARRIED,3.0,1,5,1,2.0,EXECUTIVE,21257.0
202939,1,28.0,SELFENQUIRY,3,9.0,SMALLBUSINESS,MALE,3,4.0,BASIC,5.0,MARRIED,2.0,0,5,0,2.0,EXECUTIVE,21719.0
202940,0,22.0,SELFENQUIRY,3,29.0,LARGEBUSINESS,MALE,3,4.0,BASIC,3.0,UNMARRIED,3.0,0,2,1,2.0,EXECUTIVE,22125.0
202942,0,23.0,SELFENQUIRY,1,13.0,SMALLBUSINESS,MALE,4,4.0,BASIC,3.0,DIVORCED,2.0,0,2,1,1.0,EXECUTIVE,21451.0
202943,0,34.0,SELFENQUIRY,3,15.0,SMALLBUSINESS,MALE,3,4.0,DELUXE,3.0,MARRIED,2.0,0,2,1,2.0,MANAGER,25782.0
202944,0,33.0,SELFENQUIRY,1,16.0,SALARIED,FEMALE,4,4.0,DELUXE,3.0,DIVORCED,3.0,1,5,1,3.0,MANAGER,25000.0
202945,0,31.0,COMPANYINVITED,1,10.0,SMALLBUSINESS,FEMALE,4,4.0,BASIC,3.0,MARRIED,3.0,0,3,1,2.0,EXECUTIVE,20761.0
202946,0,54.0,SELFENQUIRY,3,7.0,SMALLBUSINESS,FEMALE,3,4.0,DELUXE,5.0,UNMARRIED,2.0,0,2,1,2.0,MANAGER,27059.0
202947,0,35.0,SELFENQUIRY,1,7.0,SALARIED,MALE,3,4.0,BASIC,3.0,DIVORCED,3.0,0,3,1,1.0,EXECUTIVE,21369.0
202948,1,46.0,COMPANYINVITED,3,33.0,SALARIED,FEMALE,4,4.0,DELUXE,5.0,DIVORCED,4.0,0,2,0,1.0,MANAGER,22964.0
202949,0,27.0,SELFENQUIRY,1,13.0,SALARIED,FEMALE,4,4.0,BASIC,3.0,DIVORCED,3.0,1,2,0,1.0,EXECUTIVE,21337.0
202950,0,38.0,SELFENQUIRY,1,10.0,SALARIED,MALE,3,4.0,STANDARD,3.0,DIVORCED,3.0,0,2,1,1.0,SENIORMANAGER,28112.0
202951,0,30.0,SELFENQUIRY,3,10.0,SMALLBUSINESS,FEMALE,4,4.0,DELUXE,3.0,DIVORCED,3.0,0,2,0,1.0,MANAGER,24239.0
202952,0,36.0,SELFENQUIRY,1,13.0,SALARIED,MALE,3,6.0,DELUXE,3.0,UNMARRIED,3.0,0,5,1,1.0,MANAGER,25324.0
202953,0,34.0,COMPANYINVITED,1,13.0,SALARIED,MALE,2,4.0,DELUXE,3.0,MARRIED,5.0,0,5,1,1.0,MANAGER,26403.0
202954,0,55.0,SELFENQUIRY,2,26.0,SMALLBUSINESS,MALE,3,4.0,STANDARD,4.0,DIVORCED,4.0,0,3,1,1.0,SENIORMANAGER,29403.0
202955,0,37.0,SELFENQUIRY,1,16.0,SMALLBUSINESS,MALE,3,5.0,DELUXE,4.0,MARRIED,4.0,1,4,1,1.0,MANAGER,27525.0
202956,0,28.0,SELFENQUIRY,1,10.0,SMALLBUSINESS,MALE,3,5.0,BASIC,3.0,SINGLE,2.0,0,2,0,1.0,EXECUTIVE,20723.0
202958,1,34.0,COMPANYINVITED,1,10.0,SALARIED,MALE,4,4.0,BASIC,5.0,UNMARRIED,3.0,1,5,1,3.0,EXECUTIVE,22026.0
202960,0,24.0,SELFENQUIRY,1,11.0,SMALLBUSINESS,MALE,3,3.0,BASIC,5.0,DIVORCED,4.0,0,4,0,2.0,EXECUTIVE,21497.0
202961,0,26.0,SELFENQUIRY,3,15.0,SALARIED,MALE,3,3.0,DELUXE,4.0,DIVORCED,2.0,0,4,0,1.0,MANAGER,23529.0
202962,0,39.0,SELFENQUIRY,3,14.0,SMALLBUSINESS,FEMALE,3,5.0,DELUXE,3.0,UNMARRIED,2.0,0,2,1,2.0,MANAGER,22706.0
202963,0,30.0,COMPANYINVITED,1,7.0,SALARIED,MALE,4,6.0,BASIC,3.0,MARRIED,3.0,0,2,1,1.0,EXECUTIVE,21398.0
202964,0,49.0,SELFENQUIRY,3,9.0,SMALLBUSINESS,MALE,3,3.0,DELUXE,4.0,DIVORCED,5.0,0,3,1,1.0,MANAGER,26798.0
202965,0,28.0,COMPANYINVITED,3,10.0,SMALLBUSINESS,FEMALE,4,3.0,DELUXE,3.0,MARRIED,3.0,1,2,1,3.0,MANAGER,23325.0
202966,0,38.0,SELFENQUIRY,1,17.0,SALARIED,MALE,4,3.0,BASIC,3.0,UNMARRIED,5.0,0,4,1,2.0,EXECUTIVE,23358.0
202967,0,51.0,SELFENQUIRY,1,35.0,SMALLBUSINESS,MALE,4,3.0,BASIC,3.0,DIVORCED,3.0,1,2,1,3.0,EXECUTIVE,21899.0
202968,0,35.0,SELFENQUIRY,1,16.0,SMALLBUSINESS,FEMALE,3,5.0,STANDARD,4.0,UNMARRIED,3.0,0,2,1,2.0,SENIORMANAGER,27299.0
202969,1,25.0,SELFENQUIRY,3,10.0,SALARIED,FEMALE,4,4.0,DELUXE,3.0,UNMARRIED,2.0,0,2,1,1.0,MANAGER,23255.0
202970,0,40.0,SELFENQUIRY,1,9.0,LARGEBUSINESS,FEMALE,4,5.0,DELUXE,3.0,UNMARRIED,3.0,0,2,1,1.0,MANAGER,23231.0
202971,0,33.0,SELFENQUIRY,3,17.0,SMALLBUSINESS,MALE,3,4.0,DELUXE,3.0,UNMARRIED,3.0,0,4,0,2.0,MANAGER,24074.0
202972,1,51.0,COMPANYINVITED,3,15.0,LARGEBUSINESS,MALE,3,4.0,DELUXE,3.0,DIVORCED,5.0,1,5,1,1.0,MANAGER,25474.0
202973,0,39.0,SELFENQUIRY,1,7.0,SALARIED,FEMALE,3,3.0,DELUXE,3.0,UNMARRIED,2.0,0,2,1,2.0,MANAGER,26303.0
202974,0,28.0,SELFENQUIRY,1,7.0,SALARIED,FEMALE,4,4.0,STANDARD,5.0,DIVORCED,3.0,0,4,1,3.0,SENIORMANAGER,26090.0
202975,0,33.0,SELFENQUIRY,1,10.0,SALARIED,FEMALE,3,4.0,STANDARD,3.0,SINGLE,5.0,0,2,1,2.0,SENIORMANAGER,29837.0
202976,0,48.0,SELFENQUIRY,3,21.0,SMALLBUSINESS,MALE,3,4.0,DELUXE,5.0,UNMARRIED,4.0,0,2,0,2.0,MANAGER,23638.0
202977,0,41.0,COMPANYINVITED,3,12.0,SALARIED,MALE,3,5.0,STANDARD,5.0,DIVORCED,7.0,1,5,0,2.0,SENIORMANAGER,29153.0
202978,0,54.0,SELFENQUIRY,1,14.0,SALARIED,MALE,3,3.0,SUPERDELUXE,3.0,DIVORCED,5.0,0,2,0,1.0,AVP,33492.0
202980,0,61.0,SELFENQUIRY,3,23.0,SMALLBUSINESS,MALE,3,4.0,DELUXE,5.0,UNMARRIED,2.0,0,4,1,1.0,MANAGER,24083.0
202981,0,28.0,COMPANYINVITED,1,17.0,SALARIED,MALE,3,4.0,STANDARD,5.0,MARRIED,3.0,0,3,1,1.0,SENIORMANAGER,27471.0
202983,0,51.0,SELFENQUIRY,3,15.0,SMALLBUSINESS,MALE,3,4.0,BASIC,4.0,DIVORCED,2.0,0,2,1,1.0,EXECUTIVE,22553.0
202984,1,29.0,SELFENQUIRY,1,7.0,SALARIED,FEMALE,4,6.0,BASIC,4.0,SINGLE,2.0,1,2,1,1.0,EXECUTIVE,20894.0
202985,0,37.0,COMPANYINVITED,1,15.0,SALARIED,FEMALE,4,3.0,STANDARD,5.0,DIVORCED,2.0,0,3,0,1.0,SENIORMANAGER,30391.0
202986,0,39.0,SELFENQUIRY,1,7.0,SALARIED,FEMALE,3,4.0,STANDARD,3.0,UNMARRIED,6.0,1,2,0,2.0,SENIORMANAGER,26539.0
202987,0,45.0,COMPANYINVITED,1,31.0,SMALLBUSINESS,MALE,3,6.0,BASIC,3.0,UNMARRIED,4.0,0,3,0,2.0,EXECUTIVE,22386.0
202988,0,48.0,COMPANYINVITED,3,10.0,SMALLBUSINESS,FEMALE,3,4.0,SUPERDELUXE,3.0,MARRIED,2.0,1,5,1,2.0,AVP,32448.0
202989,0,31.0,SELFENQUIRY,3,34.0,SMALLBUSINESS,MALE,3,4.0,DELUXE,3.0,MARRIED,2.0,0,3,1,1.0,MANAGER,23982.0
202990,0,30.0,SELFENQUIRY,3,17.0,SALARIED,MALE,3,4.0,BASIC,3.0,UNMARRIED,3.0,0,4,0,1.0,EXECUTIVE,21320.0
202991,1,43.0,COMPANYINVITED,1,26.0,SMALLBUSINESS,MALE,3,3.0,BASIC,3.0,MARRIED,8.0,1,3,1,2.0,EXECUTIVE,21437.0
202992,0,44.0,COMPANYINVITED,3,22.0,SALARIED,MALE,3,5.0,DELUXE,3.0,DIVORCED,5.0,0,5,0,2.0,MANAGER,25482.0
202993,0,35.0,SELFENQUIRY,1,15.0,SMALLBUSINESS,FEMALE,4,4.0,DELUXE,3.0,UNMARRIED,5.0,0,4,1,2.0,MANAGER,24820.0
202994,0,24.0,SELFENQUIRY,1,16.0,SMALLBUSINESS,MALE,3,4.0,BASIC,5.0,DIVORCED,3.0,0,3,0,2.0,EXECUTIVE,21178.0
202995,0,40.0,SELFENQUIRY,2,10.0,SALARIED,FEMALE,3,3.0,DELUXE,4.0,DIVORCED,2.0,0,2,1,1.0,MANAGER,25067.0
202996,0,57.0,SELFENQUIRY,1,16.0,SMALLBUSINESS,MALE,3,4.0,SUPERDELUXE,3.0,DIVORCED,2.0,0,4,0,1.0,AVP,29781.0
202997,0,41.0,SELFENQUIRY,1,9.0,SMALLBUSINESS,FEMALE,3,5.0,BASIC,3.0,SINGLE,2.0,1,3,1,2.0,EXECUTIVE,21020.0
202998,0,28.0,SELFENQUIRY,1,14.0,SMALLBUSINESS,FEMALE,3,5.0,DELUXE,5.0,UNMARRIED,2.0,0,3,1,1.0,MANAGER,25489.0
202999,0,30.0,SELFENQUIRY,3,17.0,SMALLBUSINESS,MALE,3,4.0,BASIC,4.0,MARRIED,3.0,0,2,0,2.0,EXECUTIVE,20975.0
203000,0,54.0,SELFENQUIRY,1,13.0,SALARIED,MALE,3,4.0,DELUXE,3.0,SINGLE,4.0,0,5,1,1.0,MANAGER,21128.0
203001,0,36.0,COMPANYINVITED,1,9.0,SALARIED,FEMALE,4,4.0,DELUXE,5.0,MARRIED,4.0,0,4,0,1.0,MANAGER,23771.0
203002,0,33.0,COMPANYINVITED,1,31.0,SALARIED,MALE,4,4.0,DELUXE,3.0,DIVORCED,3.0,0,4,1,1.0,MANAGER,23987.0
203003,0,39.0,SELFENQUIRY,1,9.0,SMALLBUSINESS,MALE,4,4.0,BASIC,3.0,DIVORCED,8.0,1,4,0,1.0,EXECUTIVE,21735.0
203004,0,35.0,SELFENQUIRY,1,15.0,SALARIED,FEMALE,3,4.0,DELUXE,5.0,MARRIED,5.0,0,5,1,1.0,MANAGER,23799.0
203006,1,34.0,SELFENQUIRY,1,7.0,SALARIED,MALE,4,4.0,BASIC,3.0,UNMARRIED,3.0,1,3,1,1.0,EXECUTIVE,21364.0
203007,0,26.0,SELFENQUIRY,3,33.0,SMALLBUSINESS,FEMALE,3,4.0,DELUXE,3.0,UNMARRIED,3.0,0,4,0,1.0,MANAGER,24858.0
203008,0,46.0,SELFENQUIRY,3,9.0,LARGEBUSINESS,MALE,3,6.0,DELUXE,3.0,UNMARRIED,2.0,0,5,0,1.0,MANAGER,25310.0
203009,0,24.0,SELFENQUIRY,1,17.0,SMALLBUSINESS,MALE,4,3.0,BASIC,3.0,UNMARRIED,3.0,0,2,1,2.0,EXECUTIVE,22183.0
203010,1,48.0,COMPANYINVITED,3,34.0,SALARIED,FEMALE,4,2.0,DELUXE,3.0,UNMARRIED,6.0,1,4,1,3.0,MANAGER,25075.0
203011,0,35.0,SELFENQUIRY,3,9.0,SALARIED,MALE,3,4.0,DELUXE,3.0,UNMARRIED,3.0,0,5,0,1.0,MANAGER,24952.0
203013,0,37.0,COMPANYINVITED,3,15.0,SALARIED,MALE,4,5.0,STANDARD,5.0,UNMARRIED,3.0,0,2,0,3.0,SENIORMANAGER,26265.0
203014,0,53.0,COMPANYINVITED,1,26.0,SMALLBUSINESS,MALE,3,4.0,BASIC,3.0,DIVORCED,2.0,0,3,1,1.0,EXECUTIVE,22936.0
203015,0,27.0,COMPANYINVITED,1,7.0,SALARIED,FEMALE,4,6.0,BASIC,3.0,MARRIED,5.0,0,4,1,3.0,EXECUTIVE,23042.0
203016,0,30.0,SELFENQUIRY,1,34.0,SMALLBUSINESS,FEMALE,4,4.0,DELUXE,3.0,DIVORCED,6.0,0,2,1,1.0,MANAGER,23013.0
203017,1,27.0,SELFENQUIRY,3,15.0,LARGEBUSINESS,MALE,3,5.0,DELUXE,5.0,UNMARRIED,8.0,0,3,1,2.0,MANAGER,24004.0
203018,0,35.0,SELFENQUIRY,1,7.0,SALARIED,FEMALE,4,2.0,BASIC,3.0,UNMARRIED,4.0,0,2,0,1.0,EXECUTIVE,21958.0
203019,0,55.0,SELFENQUIRY,1,26.0,SMALLBUSINESS,FEMALE,4,4.0,DELUXE,5.0,MARRIED,2.0,1,3,0,1.0,MANAGER,24163.0
203020,0,28.0,COMPANYINVITED,3,6.0,SMALLBUSINESS,MALE,3,4.0,DELUXE,3.0,DIVORCED,2.0,0,3,0,2.0,MANAGER,23020.0
203021,0,38.0,SELFENQUIRY,1,17.0,SALARIED,FEMALE,3,4.0,BASIC,5.0,MARRIED,2.0,1,3,1,2.0,EXECUTIVE,21460.0
203022,0,39.0,COMPANYINVITED,1,9.0,SALARIED,FEMALE,4,2.0,DELUXE,5.0,UNMARRIED,8.0,1,2,1,3.0,MANAGER,24658.0
203023,0,35.0,SELFENQUIRY,1,9.0,SMALLBUSINESS,FEMALE,3,5.0,BASIC,5.0,UNMARRIED,3.0,0,2,1,2.0,EXECUTIVE,23059.0
203024,0,36.0,SELFENQUIRY,3,15.0,SALARIED,FEMALE,4,4.0,BASIC,3.0,DIVORCED,3.0,0,3,0,1.0,EXECUTIVE,21250.0
203025,0,31.0,SELFENQUIRY,1,7.0,SALARIED,MALE,3,6.0,BASIC,3.0,DIVORCED,5.0,0,4,1,1.0,EXECUTIVE,22511.0
203026,0,41.0,COMPANYINVITED,1,9.0,SMALLBUSINESS,FEMALE,3,2.0,DELUXE,4.0,DIVORCED,3.0,0,3,0,2.0,MANAGER,22922.0
203027,0,35.0,SELFENQUIRY,3,15.0,SALARIED,FEMALE,4,4.0,DELUXE,5.0,DIVORCED,7.0,0,2,1,1.0,MANAGER,25178.0
203029,1,24.0,SELFENQUIRY,1,13.0,SALARIED,MALE,4,2.0,BASIC,5.0,DIVORCED,3.0,1,3,1,3.0,EXECUTIVE,20279.0
203030,0,25.0,COMPANYINVITED,1,16.0,SALARIED,MALE,3,5.0,BASIC,4.0,MARRIED,3.0,0,5,1,1.0,EXECUTIVE,21372.0
203031,0,53.0,SELFENQUIRY,1,18.0,SALARIED,FEMALE,3,4.0,DELUXE,3.0,DIVORCED,2.0,0,2,1,2.0,MANAGER,21827.0
203033,1,30.0,SELFENQUIRY,1,7.0,SALARIED,FEMALE,3,5.0,BASIC,5.0,DIVORCED,3.0,1,2,0,1.0,EXECUTIVE,20997.0
203034,0,34.0,SELFENQUIRY,1,14.0,SMALLBUSINESS,MALE,3,4.0,STANDARD,3.0,DIVORCED,2.0,0,4,0,1.0,SENIORMANAGER,30369.0
203035,1,34.0,SELFENQUIRY,3,23.0,SMALLBUSINESS,FEMALE,4,4.0,DELUXE,5.0,UNMARRIED,7.0,0,3,1,1.0,MANAGER,24002.0
203037,0,37.0,SELFENQUIRY,1,7.0,SALARIED,FEMALE,3,4.0,DELUXE,4.0,DIVORCED,2.0,0,5,0,1.0,MANAGER,23906.0
203038,0,30.0,SELFENQUIRY,1,30.0,SALARIED,MALE,3,2.0,BASIC,3.0,DIVORCED,3.0,0,2,1,2.0,EXECUTIVE,21378.0
203040,0,36.0,SELFENQUIRY,1,7.0,SALARIED,FEMALE,3,2.0,BASIC,3.0,SINGLE,5.0,0,3,0,1.0,EXECUTIVE,21184.0
203041,0,43.0,SELFENQUIRY,1,7.0,SALARIED,FEMALE,3,5.0,DELUXE,3.0,DIVORCED,2.0,1,3,0,2.0,MANAGER,24740.0
203042,1,29.0,SELFENQUIRY,1,9.0,SMALLBUSINESS,MALE,3,4.0,BASIC,3.0,UNMARRIED,8.0,0,3,0,1.0,EXECUTIVE,23060.0
203043,0,37.0,SELFENQUIRY,2,20.0,SALARIED,MALE,3,4.0,BASIC,4.0,DIVORCED,6.0,0,3,1,1.0,EXECUTIVE,20821.0
203044,0,33.0,SELFENQUIRY,1,11.0,SALARIED,FEMALE,4,5.0,DELUXE,3.0,DIVORCED,3.0,0,4,1,1.0,MANAGER,24840.0
203045,0,41.0,COMPANYINVITED,1,23.0,SMALLBUSINESS,MALE,3,5.0,DELUXE,3.0,UNMARRIED,8.0,0,5,1,2.0,MANAGER,23772.0
203046,0,31.0,SELFENQUIRY,1,9.0,SMALLBUSINESS,FEMALE,3,5.0,DELUXE,3.0,UNMARRIED,7.0,1,2,1,2.0,MANAGER,25555.0
203047,0,46.0,SELFENQUIRY,1,9.0,SALARIED,FEMALE,4,5.0,BASIC,3.0,SINGLE,3.0,0,3,1,2.0,EXECUTIVE,20952.0
203048,0,43.0,SELFENQUIRY,1,36.0,SALARIED,MALE,4,4.0,DELUXE,4.0,DIVORCED,3.0,0,3,1,2.0,MANAGER,23112.0
203049,0,39.0,COMPANYINVITED,1,19.0,SALARIED,MALE,3,5.0,DELUXE,5.0,MARRIED,4.0,0,5,1,1.0,MANAGER,24966.0
203050,0,35.0,COMPANYINVITED,1,23.0,SALARIED,FEMALE,4,5.0,BASIC,3.0,SINGLE,3.0,0,5,1,2.0,EXECUTIVE,21231.0
203051,1,50.0,SELFENQUIRY,3,18.0,SMALLBUSINESS,FEMALE,3,4.0,STANDARD,3.0,DIVORCED,3.0,0,4,0,2.0,SENIORMANAGER,26332.0
203052,1,56.0,SELFENQUIRY,3,9.0,SMALLBUSINESS,MALE,3,4.0,DELUXE,3.0,UNMARRIED,6.0,0,2,0,2.0,MANAGER,23838.0
203054,0,28.0,SELFENQUIRY,1,12.0,LARGEBUSINESS,MALE,3,5.0,STANDARD,3.0,MARRIED,3.0,1,3,0,1.0,SENIORMANAGER,31486.0
203055,0,36.0,SELFENQUIRY,1,14.0,SALARIED,MALE,3,4.0,STANDARD,3.0,SINGLE,5.0,0,3,0,1.0,SENIORMANAGER,28899.0
203056,0,29.0,SELFENQUIRY,3,9.0,SMALLBUSINESS,FEMALE,3,4.0,DELUXE,4.0,DIVORCED,3.0,1,3,1,1.0,MANAGER,23457.0
203057,0,35.0,SELFENQUIRY,2,10.0,SALARIED,MALE,3,4.0,BASIC,3.0,DIVORCED,2.0,0,2,1,2.0,EXECUTIVE,22415.0
203058,1,27.0,COMPANYINVITED,1,12.0,SMALLBUSINESS,FEMALE,3,5.0,BASIC,3.0,DIVORCED,3.0,1,2,0,2.0,EXECUTIVE,21044.0
203059,0,28.0,COMPANYINVITED,1,10.0,SMALLBUSINESS,MALE,3,4.0,BASIC,3.0,DIVORCED,3.0,0,2,1,1.0,EXECUTIVE,20384.0
203061,0,45.0,SELFENQUIRY,1,11.0,SMALLBUSINESS,MALE,3,4.0,DELUXE,4.0,UNMARRIED,2.0,0,2,1,1.0,MANAGER,24611.0
203062,0,26.0,SELFENQUIRY,1,9.0,SMALLBUSINESS,MALE,4,2.0,BASIC,5.0,UNMARRIED,2.0,0,2,1,3.0,EXECUTIVE,22102.0
203063,0,34.0,SELFENQUIRY,3,7.0,SMALLBUSINESS,MALE,3,2.0,DELUXE,5.0,MARRIED,3.0,0,4,0,1.0,MANAGER,22715.0
203064,0,36.0,SELFENQUIRY,1,34.0,SMALLBUSINESS,FEMALE,3,5.0,BASIC,5.0,SINGLE,3.0,0,4,1,2.0,EXECUTIVE,21237.0
203065,0,37.0,SELFENQUIRY,3,7.0,SALARIED,MALE,3,4.0,DELUXE,3.0,DIVORCED,3.0,1,3,1,2.0,MANAGER,24879.0
203066,0,33.0,SELFENQUIRY,3,20.0,SALARIED,MALE,4,4.0,DELUXE,3.0,MARRIED,4.0,0,2,0,1.0,MANAGER,23081.0
203067,0,31.0,COMPANYINVITED,1,12.0,SALARIED,MALE,4,5.0,BASIC,3.0,MARRIED,2.0,0,5,0,1.0,EXECUTIVE,22439.0
203068,0,54.0,SELFENQUIRY,3,14.0,SMALLBUSINESS,FEMALE,4,5.0,STANDARD,3.0,DIVORCED,2.0,1,2,0,1.0,SENIORMANAGER,29612.0
203069,0,46.0,SELFENQUIRY,3,16.0,SMALLBUSINESS,MALE,4,4.0,STANDARD,5.0,MARRIED,6.0,1,2,1,1.0,SENIORMANAGER,29439.0
203070,0,33.0,SELFENQUIRY,1,15.0,SMALLBUSINESS,FEMALE,4,2.0,DELUXE,3.0,DIVORCED,7.0,0,3,1,3.0,MANAGER,23853.0
203071,0,53.0,COMPANYINVITED,1,32.0,SMALLBUSINESS,FEMALE,3,5.0,SUPERDELUXE,3.0,DIVORCED,5.0,0,5,0,2.0,AVP,32504.0
203072,0,38.0,SELFENQUIRY,3,23.0,SMALLBUSINESS,MALE,4,5.0,DELUXE,3.0,MARRIED,6.0,0,5,1,3.0,MANAGER,25012.0
203073,0,29.0,SELFENQUIRY,2,15.0,SMALLBUSINESS,MALE,4,5.0,BASIC,3.0,MARRIED,3.0,0,2,0,2.0,EXECUTIVE,23614.0
203074,0,23.0,SELFENQUIRY,1,7.0,SALARIED,MALE,3,5.0,DELUXE,3.0,DIVORCED,8.0,0,2,1,1.0,MANAGER,23453.0
203075,0,45.0,SELFENQUIRY,1,15.0,SALARIED,MALE,4,2.0,BASIC,3.0,DIVORCED,4.0,1,3,1,3.0,EXECUTIVE,21496.0
203076,0,43.0,COMPANYINVITED,1,9.0,SMALLBUSINESS,MALE,3,4.0,BASIC,3.0,SINGLE,7.0,1,2,0,2.0,EXECUTIVE,21193.0
203077,0,37.0,SELFENQUIRY,2,15.0,SALARIED,MALE,4,5.0,BASIC,5.0,DIVORCED,2.0,0,2,1,3.0,EXECUTIVE,21020.0
203078,0,26.0,SELFENQUIRY,3,10.0,SALARIED,MALE,4,4.0,DELUXE,5.0,DIVORCED,3.0,1,4,1,1.0,MANAGER,22872.0
203079,0,36.0,SELFENQUIRY,1,16.0,SALARIED,FEMALE,4,5.0,STANDARD,3.0,DIVORCED,3.0,1,4,1,2.0,SENIORMANAGER,29363.0
203080,1,36.0,COMPANYINVITED,1,32.0,SALARIED,FEMALE,4,4.0,BASIC,4.0,MARRIED,3.0,1,3,0,1.0,EXECUTIVE,20700.0
203081,0,33.0,COMPANYINVITED,1,7.0,SALARIED,MALE,4,4.0,BASIC,3.0,MARRIED,2.0,0,5,0,1.0,EXECUTIVE,20992.0
203082,0,26.0,SELFENQUIRY,3,11.0,SMALLBUSINESS,MALE,3,5.0,DELUXE,5.0,DIVORCED,3.0,0,3,1,2.0,MANAGER,22934.0
203083,0,50.0,SELFENQUIRY,1,7.0,LARGEBUSINESS,FEMALE,3,4.0,BASIC,5.0,DIVORCED,4.0,0,4,1,1.0,EXECUTIVE,22258.0
203084,0,25.0,COMPANYINVITED,1,11.0,SALARIED,MALE,3,5.0,BASIC,3.0,DIVORCED,2.0,0,3,0,1.0,EXECUTIVE,21840.0
203085,0,33.0,COMPANYINVITED,3,12.0,SALARIED,MALE,3,4.0,DELUXE,4.0,DIVORCED,3.0,0,3,1,2.0,MANAGER,25202.0
203086,0,39.0,SELFENQUIRY,3,16.0,SMALLBUSINESS,MALE,4,5.0,BASIC,4.0,DIVORCED,2.0,0,4,0,1.0,EXECUTIVE,21577.0
203087,0,43.0,SELFENQUIRY,1,10.0,SALARIED,FEMALE,4,2.0,DELUXE,3.0,DIVORCED,4.0,1,5,0,1.0,MANAGER,23909.0
203088,0,32.0,SELFENQUIRY,1,18.0,SALARIED,MALE,3,4.0,BASIC,3.0,DIVORCED,5.0,1,3,1,2.0,EXECUTIVE,21034.0
203089,1,30.0,SELFENQUIRY,3,7.0,SMALLBUSINESS,FEMALE,3,5.0,BASIC,3.0,MARRIED,8.0,1,2,0,2.0,EXECUTIVE,21478.0
203090,0,54.0,SELFENQUIRY,3,15.0,SMALLBUSINESS,MALE,4,4.0,SUPERDELUXE,3.0,DIVORCED,7.0,0,3,0,3.0,AVP,30514.0
203091,0,36.0,SELFENQUIRY,1,32.0,LARGEBUSINESS,MALE,4,5.0,STANDARD,4.0,DIVORCED,5.0,0,3,1,2.0,SENIORMANAGER,29581.0
203092,0,38.0,COMPANYINVITED,3,28.0,SMALLBUSINESS,FEMALE,3,4.0,BASIC,3.0,DIVORCED,7.0,0,2,1,2.0,EXECUTIVE,21651.0
203093,0,54.0,SELFENQUIRY,1,30.0,SALARIED,FEMALE,4,4.0,SUPERDELUXE,3.0,SINGLE,8.0,0,5,1,2.0,AVP,32953.0
203094,0,44.0,COMPANYINVITED,1,7.0,SALARIED,FEMALE,3,4.0,DELUXE,3.0,DIVORCED,6.0,0,2,1,2.0,MANAGER,24240.0
203095,0,48.0,SELFENQUIRY,3,9.0,SMALLBUSINESS,FEMALE,3,4.0,DELUXE,3.0,DIVORCED,2.0,1,2,1,1.0,MANAGER,23215.0
203096,0,38.0,COMPANYINVITED,3,26.0,SMALLBUSINESS,MALE,3,4.0,STANDARD,4.0,UNMARRIED,3.0,1,5,0,1.0,SENIORMANAGER,26320.0
203098,0,40.0,SELFENQUIRY,2,9.0,SALARIED,FEMALE,3,5.0,DELUXE,3.0,DIVORCED,2.0,0,3,0,1.0,MANAGER,23882.0
203099,0,34.0,SELFENQUIRY,2,10.0,SALARIED,MALE,3,4.0,BASIC,4.0,MARRIED,5.0,1,5,0,2.0,EXECUTIVE,20955.0
203100,1,33.0,SELFENQUIRY,1,32.0,SALARIED,MALE,3,4.0,BASIC,3.0,UNMARRIED,3.0,1,5,1,1.0,EXECUTIVE,21473.0
203101,0,30.0,SELFENQUIRY,1,14.0,SMALLBUSINESS,FEMALE,4,5.0,BASIC,3.0,MARRIED,8.0,0,5,1,1.0,EXECUTIVE,21210.0
203102,0,45.0,SELFENQUIRY,1,16.0,SALARIED,MALE,4,4.0,BASIC,5.0,DIVORCED,3.0,1,3,1,1.0,EXECUTIVE,21237.0
203103,0,29.0,SELFENQUIRY,3,12.0,SMALLBUSINESS,MALE,4,4.0,DELUXE,3.0,UNMARRIED,3.0,0,3,1,1.0,MANAGER,23586.0
203104,1,59.0,COMPANYINVITED,1,9.0,SALARIED,MALE,3,5.0,BASIC,3.0,MARRIED,2.0,1,2,0,1.0,EXECUTIVE,21058.0
203105,0,44.0,SELFENQUIRY,1,15.0,SALARIED,FEMALE,3,4.0,DELUXE,4.0,MARRIED,6.0,0,3,1,1.0,MANAGER,23443.0
203106,1,21.0,SELFENQUIRY,3,9.0,SMALLBUSINESS,FEMALE,3,5.0,BASIC,3.0,SINGLE,3.0,0,4,0,2.0,EXECUTIVE,20722.0
203107,1,22.0,SELFENQUIRY,1,25.0,SALARIED,FEMALE,4,4.0,BASIC,3.0,UNMARRIED,3.0,0,3,1,2.0,EXECUTIVE,21371.0
203108,0,37.0,SELFENQUIRY,1,21.0,SALARIED,MALE,4,4.0,DELUXE,3.0,DIVORCED,2.0,1,5,1,3.0,MANAGER,25264.0
203109,0,48.0,SELFENQUIRY,3,9.0,SALARIED,FEMALE,4,5.0,BASIC,3.0,UNMARRIED,3.0,1,2,1,1.0,EXECUTIVE,21972.0
203110,1,23.0,SELFENQUIRY,1,10.0,SALARIED,FEMALE,3,4.0,DELUXE,3.0,DIVORCED,2.0,1,5,1,2.0,MANAGER,22849.0
203111,1,42.0,SELFENQUIRY,1,9.0,SALARIED,FEMALE,3,6.0,BASIC,3.0,MARRIED,6.0,1,3,0,1.0,EXECUTIVE,21456.0
203112,0,29.0,SELFENQUIRY,1,16.0,SMALLBUSINESS,FEMALE,4,4.0,BASIC,3.0,MARRIED,7.0,0,3,1,2.0,EXECUTIVE,21055.0
203113,1,40.0,SELFENQUIRY,1,13.0,SMALLBUSINESS,MALE,4,4.0,BASIC,5.0,DIVORCED,2.0,1,2,1,2.0,EXECUTIVE,21082.0
203114,0,28.0,SELFENQUIRY,1,11.0,SALARIED,FEMALE,4,4.0,BASIC,3.0,SINGLE,3.0,0,2,1,2.0,EXECUTIVE,20996.0
203115,0,35.0,SELFENQUIRY,1,17.0,SALARIED,MALE,3,4.0,BASIC,4.0,MARRIED,3.0,0,2,1,1.0,EXECUTIVE,20686.0
203116,0,43.0,SELFENQUIRY,3,21.0,SMALLBUSINESS,FEMALE,4,5.0,DELUXE,3.0,UNMARRIED,2.0,0,3,0,1.0,MANAGER,24922.0
203117,0,34.0,SELFENQUIRY,1,7.0,SALARIED,MALE,4,5.0,BASIC,5.0,UNMARRIED,5.0,1,4,0,1.0,EXECUTIVE,21477.0
203118,0,59.0,SELFENQUIRY,1,12.0,LARGEBUSINESS,FEMALE,3,5.0,STANDARD,4.0,MARRIED,4.0,1,5,1,2.0,SENIORMANAGER,29230.0
203119,0,32.0,SELFENQUIRY,3,14.0,SALARIED,MALE,3,5.0,BASIC,3.0,DIVORCED,5.0,0,4,1,2.0,EXECUTIVE,21007.0
203120,0,36.0,SELFENQUIRY,1,28.0,SALARIED,FEMALE,3,4.0,DELUXE,3.0,DIVORCED,3.0,1,3,0,2.0,MANAGER,22692.0
203121,0,50.0,SELFENQUIRY,1,15.0,SALARIED,FEMALE,3,4.0,STANDARD,4.0,DIVORCED,6.0,0,4,0,1.0,SENIORMANAGER,26081.0
203122,0,49.0,SELFENQUIRY,1,27.0,SMALLBUSINESS,MALE,3,4.0,BASIC,3.0,DIVORCED,6.0,0,2,0,1.0,EXECUTIVE,20937.0
203123,0,32.0,COMPANYINVITED,3,27.0,SMALLBUSINESS,FEMALE,3,4.0,DELUXE,3.0,DIVORCED,3.0,0,2,1,1.0,MANAGER,25610.0
203124,0,37.0,SELFENQUIRY,1,14.0,SALARIED,MALE,4,4.0,BASIC,3.0,UNMARRIED,4.0,0,3,0,3.0,EXECUTIVE,23356.0
203125,0,39.0,SELFENQUIRY,1,7.0,LARGEBUSINESS,FEMALE,4,4.0,STANDARD,5.0,DIVORCED,3.0,0,4,1,3.0,SENIORMANAGER,32260.0
203126,0,33.0,COMPANYINVITED,1,7.0,SALARIED,FEMALE,4,5.0,BASIC,4.0,DIVORCED,8.0,0,3,1,1.0,EXECUTIVE,21010.0
203127,1,26.0,SELFENQUIRY,3,26.0,SMALLBUSINESS,MALE,3,5.0,BASIC,4.0,DIVORCED,3.0,1,2,0,1.0,EXECUTIVE,21091.0
203128,0,41.0,SELFENQUIRY,3,17.0,SMALLBUSINESS,MALE,4,5.0,STANDARD,4.0,MARRIED,4.0,0,4,1,2.0,SENIORMANAGER,28383.0
203129,0,27.0,COMPANYINVITED,3,7.0,SMALLBUSINESS,MALE,3,5.0,DELUXE,5.0,UNMARRIED,3.0,0,3,1,2.0,MANAGER,22972.0
203130,0,42.0,SELFENQUIRY,1,13.0,SMALLBUSINESS,MALE,3,4.0,BASIC,5.0,UNMARRIED,4.0,1,4,1,1.0,EXECUTIVE,23399.0
203131,0,37.0,SELFENQUIRY,1,9.0,SMALLBUSINESS,MALE,4,4.0,BASIC,3.0,SINGLE,6.0,0,5,1,1.0,EXECUTIVE,21197.0
203132,1,20.0,SELFENQUIRY,3,28.0,SALARIED,MALE,3,5.0,BASIC,4.0,SINGLE,3.0,1,2,0,2.0,EXECUTIVE,20799.0
203133,1,21.0,SELFENQUIRY,1,11.0,LARGEBUSINESS,MALE,3,4.0,BASIC,5.0,UNMARRIED,3.0,0,3,1,2.0,EXECUTIVE,21651.0
203134,0,32.0,SELFENQUIRY,1,19.0,SMALLBUSINESS,FEMALE,3,4.0,DELUXE,3.0,DIVORCED,2.0,1,4,0,2.0,MANAGER,24533.0
203135,0,41.0,COMPANYINVITED,1,16.0,SMALLBUSINESS,MALE,3,4.0,BASIC,4.0,MARRIED,2.0,1,4,0,2.0,EXECUTIVE,22295.0
203136,0,33.0,SELFENQUIRY,1,10.0,SMALLBUSINESS,FEMALE,4,4.0,DELUXE,5.0,DIVORCED,3.0,0,2,1,2.0,MANAGER,25403.0
203137,1,37.0,SELFENQUIRY,3,10.0,SALARIED,MALE,3,5.0,STANDARD,3.0,DIVORCED,3.0,1,2,1,1.0,SENIORMANAGER,29003.0
203138,0,34.0,SELFENQUIRY,1,7.0,SALARIED,FEMALE,3,5.0,DELUXE,3.0,UNMARRIED,2.0,0,4,0,1.0,MANAGER,25627.0
203139,1,38.0,SELFENQUIRY,3,7.0,SALARIED,MALE,3,5.0,STANDARD,3.0,DIVORCED,7.0,0,2,1,2.0,SENIORMANAGER,29287.0
203140,0,46.0,COMPANYINVITED,1,11.0,SALARIED,MALE,3,4.0,DELUXE,4.0,DIVORCED,3.0,0,4,1,2.0,MANAGER,23125.0
203141,0,30.0,COMPANYINVITED,3,27.0,LARGEBUSINESS,FEMALE,3,4.0,BASIC,3.0,DIVORCED,3.0,0,3,0,2.0,EXECUTIVE,20835.0
203142,0,36.0,SELFENQUIRY,3,25.0,SMALLBUSINESS,FEMALE,3,4.0,DELUXE,3.0,DIVORCED,3.0,0,4,1,1.0,MANAGER,23279.0
203144,1,59.0,SELFENQUIRY,1,9.0,LARGEBUSINESS,MALE,3,4.0,BASIC,3.0,SINGLE,6.0,0,2,1,2.0,EXECUTIVE,21157.0
203145,0,54.0,SELFENQUIRY,3,9.0,SMALLBUSINESS,MALE,3,4.0,SUPERDELUXE,3.0,MARRIED,8.0,0,3,1,1.0,AVP,33530.0
203146,0,31.0,SELFENQUIRY,3,15.0,SALARIED,MALE,4,4.0,STANDARD,3.0,MARRIED,7.0,0,3,1,1.0,SENIORMANAGER,25942.0
203147,0,39.0,COMPANYINVITED,3,17.0,LARGEBUSINESS,FEMALE,3,4.0,DELUXE,3.0,UNMARRIED,3.0,1,3,0,2.0,MANAGER,24344.0
203148,0,36.0,SELFENQUIRY,3,10.0,SALARIED,MALE,4,4.0,STANDARD,3.0,MARRIED,8.0,0,5,0,2.0,SENIORMANAGER,26501.0
203149,0,40.0,SELFENQUIRY,3,9.0,SALARIED,MALE,3,2.0,STANDARD,3.0,UNMARRIED,2.0,0,2,1,2.0,SENIORMANAGER,26558.0
203150,1,41.0,COMPANYINVITED,3,31.0,SALARIED,FEMALE,4,2.0,SUPERDELUXE,4.0,SINGLE,6.0,1,3,1,3.0,AVP,31872.0
203151,0,48.0,COMPANYINVITED,1,23.0,SMALLBUSINESS,MALE,4,2.0,DELUXE,3.0,MARRIED,3.0,1,2,0,1.0,MANAGER,23745.0
203152,0,37.0,COMPANYINVITED,3,15.0,LARGEBUSINESS,MALE,3,4.0,DELUXE,3.0,MARRIED,6.0,0,3,1,1.0,MANAGER,23757.0
203153,1,32.0,COMPANYINVITED,1,16.0,SMALLBUSINESS,MALE,3,5.0,BASIC,5.0,SINGLE,2.0,1,3,1,1.0,EXECUTIVE,20999.0
203155,1,30.0,SELFENQUIRY,1,17.0,SALARIED,FEMALE,4,5.0,BASIC,5.0,SINGLE,8.0,1,5,1,2.0,EXECUTIVE,21082.0
203156,0,34.0,SELFENQUIRY,1,20.0,SALARIED,FEMALE,3,4.0,BASIC,3.0,UNMARRIED,5.0,0,3,1,1.0,EXECUTIVE,22130.0
203157,0,46.0,SELFENQUIRY,1,7.0,SMALLBUSINESS,FEMALE,4,4.0,BASIC,3.0,MARRIED,5.0,0,5,0,2.0,EXECUTIVE,20948.0
203159,0,34.0,COMPANYINVITED,1,7.0,SALARIED,FEMALE,3,2.0,DELUXE,4.0,DIVORCED,3.0,1,3,0,2.0,MANAGER,24166.0
203161,0,28.0,SELFENQUIRY,1,23.0,LARGEBUSINESS,FEMALE,3,4.0,BASIC,4.0,DIVORCED,2.0,0,2,1,1.0,EXECUTIVE,21489.0
203162,0,46.0,COMPANYINVITED,1,30.0,SALARIED,MALE,3,4.0,DELUXE,5.0,DIVORCED,3.0,1,2,1,1.0,MANAGER,22311.0
203163,0,48.0,SELFENQUIRY,3,11.0,SALARIED,FEMALE,3,4.0,DELUXE,3.0,UNMARRIED,3.0,1,3,1,2.0,MANAGER,22841.0
203164,1,31.0,SELFENQUIRY,1,29.0,SALARIED,FEMALE,3,4.0,BASIC,3.0,DIVORCED,6.0,1,2,0,2.0,EXECUTIVE,20810.0
203165,0,51.0,SELFENQUIRY,1,31.0,SALARIED,MALE,4,4.0,SUPERDELUXE,3.0,DIVORCED,5.0,1,4,0,1.0,AVP,32651.0
203166,0,39.0,COMPANYINVITED,1,17.0,SMALLBUSINESS,MALE,4,4.0,BASIC,3.0,DIVORCED,2.0,0,5,0,3.0,EXECUTIVE,21362.0
203167,0,47.0,SELFENQUIRY,1,14.0,SMALLBUSINESS,MALE,4,4.0,STANDARD,3.0,MARRIED,8.0,0,2,0,3.0,SENIORMANAGER,29523.0
203168,0,25.0,SELFENQUIRY,1,24.0,SMALLBUSINESS,FEMALE,3,5.0,DELUXE,3.0,MARRIED,3.0,0,3,1,2.0,MANAGER,23055.0
203169,1,36.0,SELFENQUIRY,1,21.0,SALARIED,MALE,3,5.0,BASIC,4.0,MARRIED,3.0,1,5,1,2.0,EXECUTIVE,22421.0
203170,0,32.0,COMPANYINVITED,1,7.0,SALARIED,FEMALE,4,4.0,DELUXE,5.0,DIVORCED,3.0,0,5,1,3.0,MANAGER,22826.0
203172,0,55.0,SELFENQUIRY,1,24.0,LARGEBUSINESS,FEMALE,3,4.0,STANDARD,3.0,DIVORCED,2.0,0,5,1,1.0,SENIORMANAGER,29417.0
203173,0,36.0,SELFENQUIRY,1,32.0,SMALLBUSINESS,FEMALE,3,4.0,STANDARD,3.0,MARRIED,3.0,1,3,1,2.0,SENIORMANAGER,29066.0
203174,0,31.0,SELFENQUIRY,1,15.0,SALARIED,FEMALE,4,2.0,STANDARD,5.0,DIVORCED,2.0,1,2,0,3.0,SENIORMANAGER,30094.0
203175,1,21.0,SELFENQUIRY,1,18.0,SMALLBUSINESS,FEMALE,4,5.0,BASIC,5.0,UNMARRIED,3.0,1,3,0,2.0,EXECUTIVE,21278.0
203176,1,31.0,COMPANYINVITED,1,12.0,SMALLBUSINESS,FEMALE,3,4.0,BASIC,4.0,SINGLE,2.0,0,3,0,1.0,EXECUTIVE,21100.0
203177,0,27.0,SELFENQUIRY,1,9.0,SMALLBUSINESS,MALE,3,2.0,DELUXE,3.0,DIVORCED,3.0,0,3,1,2.0,MANAGER,24150.0
203178,0,23.0,SELFENQUIRY,1,15.0,SALARIED,MALE,4,6.0,BASIC,5.0,DIVORCED,3.0,0,2,1,1.0,EXECUTIVE,21129.0
203179,0,49.0,SELFENQUIRY,1,13.0,SALARIED,MALE,4,5.0,DELUXE,3.0,UNMARRIED,4.0,0,2,0,1.0,MANAGER,22918.0
203180,0,49.0,SELFENQUIRY,1,11.0,SALARIED,MALE,4,5.0,STANDARD,3.0,SINGLE,2.0,0,5,1,2.0,SENIORMANAGER,29677.0
203181,0,42.0,SELFENQUIRY,1,14.0,SMALLBUSINESS,FEMALE,3,4.0,DELUXE,3.0,UNMARRIED,8.0,0,3,1,1.0,MANAGER,23681.0
203182,0,40.0,SELFENQUIRY,1,7.0,SALARIED,FEMALE,4,5.0,SUPERDELUXE,3.0,DIVORCED,3.0,0,3,0,2.0,AVP,31420.0
203183,0,28.0,SELFENQUIRY,1,9.0,SALARIED,FEMALE,3,4.0,DELUXE,3.0,DIVORCED,2.0,0,5,0,2.0,MANAGER,22905.0
203184,0,36.0,SELFENQUIRY,1,17.0,SALARIED,MALE,3,4.0,BASIC,3.0,MARRIED,3.0,0,5,1,1.0,EXECUTIVE,22595.0
203186,0,51.0,SELFENQUIRY,1,16.0,SALARIED,MALE,4,4.0,BASIC,3.0,DIVORCED,6.0,0,5,1,1.0,EXECUTIVE,21058.0
203187,0,60.0,SELFENQUIRY,1,9.0,SALARIED,FEMALE,4,5.0,SUPERDELUXE,3.0,SINGLE,5.0,1,5,0,3.0,AVP,32404.0
203188,1,38.0,SELFENQUIRY,1,18.0,SMALLBUSINESS,FEMALE,4,6.0,DELUXE,4.0,DIVORCED,7.0,0,4,1,1.0,MANAGER,23455.0
203189,0,56.0,COMPANYINVITED,1,25.0,SMALLBUSINESS,MALE,4,4.0,DELUXE,4.0,DIVORCED,5.0,1,5,1,3.0,MANAGER,25063.0
203191,0,39.0,SELFENQUIRY,3,10.0,SALARIED,MALE,3,4.0,DELUXE,3.0,UNMARRIED,2.0,1,3,1,2.0,MANAGER,25539.0
203192,1,27.0,COMPANYINVITED,3,36.0,SMALLBUSINESS,MALE,4,6.0,DELUXE,5.0,UNMARRIED,2.0,0,3,0,1.0,MANAGER,23647.0
203194,0,45.0,SELFENQUIRY,3,35.0,SMALLBUSINESS,FEMALE,3,2.0,SUPERDELUXE,3.0,DIVORCED,5.0,1,2,1,2.0,AVP,31998.0
203195,0,51.0,COMPANYINVITED,3,7.0,SALARIED,FEMALE,4,4.0,DELUXE,3.0,DIVORCED,2.0,0,2,1,2.0,MANAGER,25025.0
203196,1,37.0,SELFENQUIRY,1,23.0,SALARIED,FEMALE,3,2.0,BASIC,5.0,UNMARRIED,3.0,0,2,1,1.0,EXECUTIVE,21421.0
203197,0,40.0,COMPANYINVITED,1,29.0,SMALLBUSINESS,FEMALE,3,4.0,STANDARD,5.0,SINGLE,3.0,1,5,1,1.0,SENIORMANAGER,29558.0
203198,0,34.0,COMPANYINVITED,3,15.0,SALARIED,FEMALE,3,5.0,BASIC,3.0,SINGLE,2.0,0,2,1,2.0,EXECUTIVE,21020.0
203200,0,33.0,COMPANYINVITED,1,36.0,SMALLBUSINESS,FEMALE,4,4.0,BASIC,3.0,UNMARRIED,2.0,0,3,1,1.0,EXECUTIVE,22703.0
203201,0,35.0,SELFENQUIRY,3,7.0,SMALLBUSINESS,MALE,4,2.0,DELUXE,3.0,MARRIED,2.0,0,5,1,3.0,MANAGER,28403.0
203202,0,60.0,SELFENQUIRY,3,7.0,LARGEBUSINESS,MALE,4,4.0,STANDARD,3.0,DIVORCED,5.0,1,2,0,2.0,SENIORMANAGER,30582.0
203203,0,46.0,SELFENQUIRY,2,31.0,SMALLBUSINESS,MALE,3,4.0,BASIC,4.0,SINGLE,3.0,0,4,0,1.0,EXECUTIVE,20855.0
203204,0,54.0,COMPANYINVITED,3,9.0,SMALLBUSINESS,FEMALE,3,5.0,STANDARD,4.0,DIVORCED,4.0,0,2,0,2.0,SENIORMANAGER,26203.0
203205,1,37.0,SELFENQUIRY,1,22.0,SALARIED,MALE,3,4.0,DELUXE,3.0,MARRIED,2.0,0,4,0,1.0,MANAGER,23512.0
203206,1,27.0,COMPANYINVITED,1,9.0,SALARIED,MALE,3,4.0,BASIC,5.0,DIVORCED,8.0,1,5,1,1.0,EXECUTIVE,20720.0
203207,0,35.0,SELFENQUIRY,3,17.0,SALARIED,FEMALE,3,4.0,BASIC,3.0,DIVORCED,3.0,1,2,0,2.0,EXECUTIVE,20898.0
203209,0,39.0,COMPANYINVITED,1,10.0,SALARIED,MALE,3,4.0,BASIC,3.0,DIVORCED,5.0,0,3,1,2.0,EXECUTIVE,21499.0
203211,0,38.0,SELFENQUIRY,1,10.0,SALARIED,FEMALE,3,4.0,DELUXE,4.0,UNMARRIED,5.0,0,4,1,1.0,MANAGER,22785.0
203212,0,41.0,SELFENQUIRY,3,33.0,SMALLBUSINESS,MALE,4,4.0,DELUXE,5.0,DIVORCED,3.0,0,2,1,2.0,MANAGER,27074.0
203213,0,27.0,COMPANYINVITED,1,7.0,SMALLBUSINESS,FEMALE,4,5.0,BASIC,3.0,MARRIED,3.0,0,2,1,1.0,EXECUTIVE,20685.0
203215,0,55.0,SELFENQUIRY,3,9.0,SALARIED,FEMALE,3,5.0,STANDARD,3.0,DIVORCED,8.0,0,5,1,1.0,SENIORMANAGER,29364.0
203216,0,57.0,COMPANYINVITED,1,16.0,SMALLBUSINESS,FEMALE,4,4.0,BASIC,3.0,DIVORCED,4.0,0,2,0,1.0,EXECUTIVE,21620.0
203217,0,37.0,SELFENQUIRY,1,19.0,SMALLBUSINESS,FEMALE,3,5.0,STANDARD,3.0,UNMARRIED,2.0,0,2,1,1.0,SENIORMANAGER,27536.0
203219,0,44.0,SELFENQUIRY,3,32.0,SMALLBUSINESS,MALE,4,5.0,STANDARD,3.0,MARRIED,7.0,0,4,1,2.0,SENIORMANAGER,29476.0
203220,1,21.0,COMPANYINVITED,3,16.0,SMALLBUSINESS,FEMALE,3,4.0,BASIC,3.0,SINGLE,3.0,1,4,0,1.0,EXECUTIVE,21001.0
203221,1,22.0,SELFENQUIRY,1,17.0,SALARIED,FEMALE,3,5.0,BASIC,5.0,SINGLE,3.0,0,3,1,1.0,EXECUTIVE,20094.0
203222,0,47.0,SELFENQUIRY,1,15.0,SALARIED,FEMALE,4,5.0,DELUXE,5.0,MARRIED,2.0,1,2,1,3.0,MANAGER,23293.0
203223,1,52.0,SELFENQUIRY,1,11.0,SALARIED,MALE,3,4.0,BASIC,3.0,DIVORCED,2.0,1,2,1,2.0,EXECUTIVE,21139.0
203224,1,29.0,COMPANYINVITED,1,31.0,LARGEBUSINESS,MALE,4,5.0,STANDARD,5.0,UNMARRIED,3.0,0,2,0,1.0,SENIORMANAGER,27400.0
203225,0,27.0,SELFENQUIRY,1,7.0,SMALLBUSINESS,MALE,3,5.0,BASIC,5.0,DIVORCED,3.0,0,3,0,2.0,EXECUTIVE,22633.0
203226,0,31.0,SELFENQUIRY,1,27.0,SALARIED,MALE,3,4.0,DELUXE,5.0,DIVORCED,2.0,0,4,1,1.0,MANAGER,28635.0
203227,0,42.0,SELFENQUIRY,1,14.0,LARGEBUSINESS,FEMALE,3,2.0,BASIC,3.0,DIVORCED,3.0,0,3,1,2.0,EXECUTIVE,22054.0
203228,0,39.0,SELFENQUIRY,1,24.0,SALARIED,FEMALE,4,5.0,STANDARD,3.0,DIVORCED,2.0,0,2,0,3.0,SENIORMANAGER,27501.0
203229,0,41.0,SELFENQUIRY,1,27.0,LARGEBUSINESS,MALE,4,4.0,STANDARD,3.0,DIVORCED,6.0,0,3,1,2.0,SENIORMANAGER,29000.0
203230,0,28.0,COMPANYINVITED,1,15.0,SALARIED,MALE,3,6.0,BASIC,3.0,DIVORCED,3.0,0,2,1,2.0,EXECUTIVE,23299.0
203231,0,56.0,COMPANYINVITED,1,9.0,SALARIED,MALE,4,4.0,STANDARD,4.0,DIVORCED,5.0,0,2,1,2.0,SENIORMANAGER,29654.0
203232,0,29.0,SELFENQUIRY,1,17.0,SALARIED,FEMALE,3,4.0,DELUXE,3.0,UNMARRIED,5.0,0,4,1,2.0,MANAGER,22338.0
203233,1,45.0,SELFENQUIRY,2,7.0,SMALLBUSINESS,MALE,4,5.0,STANDARD,5.0,DIVORCED,2.0,0,4,1,1.0,SENIORMANAGER,29160.0
203234,0,34.0,SELFENQUIRY,1,12.0,SALARIED,MALE,3,5.0,STANDARD,3.0,MARRIED,6.0,0,3,0,1.0,SENIORMANAGER,25797.0
203235,1,36.0,SELFENQUIRY,3,11.0,LARGEBUSINESS,MALE,3,4.0,STANDARD,5.0,UNMARRIED,2.0,1,4,1,2.0,SENIORMANAGER,28260.0
203236,1,34.0,COMPANYINVITED,1,36.0,SMALLBUSINESS,FEMALE,3,5.0,DELUXE,3.0,UNMARRIED,3.0,0,5,1,1.0,MANAGER,23186.0
203237,0,29.0,SELFENQUIRY,1,22.0,SALARIED,MALE,3,4.0,BASIC,3.0,MARRIED,3.0,0,4,1,2.0,EXECUTIVE,20885.0
203238,0,35.0,COMPANYINVITED,1,10.0,SALARIED,MALE,3,4.0,DELUXE,3.0,UNMARRIED,2.0,0,2,1,1.0,MANAGER,26434.0
203239,0,38.0,SELFENQUIRY,3,17.0,SALARIED,FEMALE,3,5.0,DELUXE,3.0,MARRIED,4.0,1,4,0,1.0,MANAGER,25372.0
203240,1,26.0,SELFENQUIRY,1,11.0,LARGEBUSINESS,MALE,3,4.0,BASIC,3.0,DIVORCED,3.0,1,3,1,1.0,EXECUTIVE,22369.0
203241,1,27.0,SELFENQUIRY,1,28.0,SMALLBUSINESS,MALE,3,4.0,BASIC,3.0,MARRIED,3.0,0,5,1,2.0,EXECUTIVE,21055.0
203242,1,34.0,SELFENQUIRY,1,32.0,SMALLBUSINESS,MALE,3,5.0,BASIC,4.0,SINGLE,6.0,1,4,0,1.0,EXECUTIVE,20991.0
203244,1,29.0,COMPANYINVITED,1,7.0,SMALLBUSINESS,MALE,3,5.0,BASIC,4.0,MARRIED,3.0,0,4,0,1.0,EXECUTIVE,21274.0
203245,1,51.0,COMPANYINVITED,3,7.0,SALARIED,MALE,3,4.0,DELUXE,3.0,UNMARRIED,5.0,1,2,0,1.0,MANAGER,23406.0
203246,0,34.0,COMPANYINVITED,3,14.0,SALARIED,FEMALE,2,4.0,DELUXE,4.0,DIVORCED,2.0,0,4,1,1.0,MANAGER,22980.0
203247,0,35.0,COMPANYINVITED,1,10.0,SALARIED,MALE,3,5.0,BASIC,3.0,DIVORCED,5.0,0,2,1,1.0,EXECUTIVE,21657.0
203248,0,49.0,COMPANYINVITED,1,7.0,SMALLBUSINESS,MALE,3,2.0,SUPERDELUXE,3.0,SINGLE,4.0,0,2,0,1.0,AVP,35563.0
203249,0,46.0,COMPANYINVITED,3,16.0,SALARIED,FEMALE,4,5.0,DELUXE,3.0,DIVORCED,3.0,0,3,0,1.0,MANAGER,24271.0
203250,0,53.0,SELFENQUIRY,1,14.0,SALARIED,MALE,3,4.0,STANDARD,4.0,SINGLE,2.0,0,3,1,2.0,SENIORMANAGER,29123.0
203251,0,39.0,SELFENQUIRY,3,17.0,SMALLBUSINESS,MALE,4,5.0,STANDARD,3.0,MARRIED,2.0,1,3,1,1.0,SENIORMANAGER,27418.0
203252,0,30.0,SELFENQUIRY,1,35.0,SALARIED,FEMALE,4,4.0,BASIC,3.0,MARRIED,6.0,0,5,0,2.0,EXECUTIVE,21192.0
203253,0,29.0,SELFENQUIRY,1,10.0,SMALLBUSINESS,FEMALE,4,4.0,STANDARD,4.0,MARRIED,2.0,0,4,0,1.0,SENIORMANAGER,26333.0
203255,0,39.0,SELFENQUIRY,3,9.0,SMALLBUSINESS,MALE,3,4.0,STANDARD,4.0,UNMARRIED,2.0,0,4,1,1.0,SENIORMANAGER,26029.0
203256,0,44.0,COMPANYINVITED,1,34.0,SALARIED,FEMALE,3,4.0,STANDARD,5.0,DIVORCED,2.0,0,4,0,1.0,SENIORMANAGER,29498.0
203257,1,40.0,COMPANYINVITED,1,9.0,SALARIED,MALE,3,4.0,SUPERDELUXE,3.0,MARRIED,2.0,0,3,1,1.0,AVP,30847.0
203258,0,41.0,SELFENQUIRY,1,21.0,SMALLBUSINESS,MALE,3,5.0,KING,3.0,SINGLE,3.0,0,3,1,2.0,VP,38304.0
203259,0,22.0,SELFENQUIRY,1,7.0,LARGEBUSINESS,FEMALE,4,5.0,BASIC,4.0,SINGLE,3.0,1,5,0,3.0,EXECUTIVE,20748.0
203260,0,40.0,COMPANYINVITED,1,16.0,SALARIED,MALE,4,4.0,DELUXE,4.0,UNMARRIED,22.0,0,2,1,1.0,MANAGER,25460.0
203261,0,37.0,COMPANYINVITED,1,25.0,SALARIED,MALE,4,4.0,DELUXE,3.0,UNMARRIED,4.0,0,3,1,1.0,MANAGER,26457.0
203262,0,32.0,COMPANYINVITED,3,27.0,SALARIED,MALE,4,2.0,BASIC,3.0,DIVORCED,2.0,0,5,1,2.0,EXECUTIVE,21469.0
203263,0,29.0,SELFENQUIRY,1,9.0,SALARIED,MALE,4,5.0,BASIC,4.0,DIVORCED,2.0,0,2,0,3.0,EXECUTIVE,21879.0
203264,0,36.0,COMPANYINVITED,3,18.0,SMALLBUSINESS,MALE,3,4.0,DELUXE,3.0,MARRIED,3.0,0,5,0,1.0,MANAGER,23646.0
203265,0,50.0,SELFENQUIRY,3,15.0,LARGEBUSINESS,MALE,3,5.0,SUPERDELUXE,4.0,DIVORCED,8.0,0,4,1,1.0,AVP,31798.0
203266,0,35.0,COMPANYINVITED,1,9.0,SALARIED,MALE,4,4.0,DELUXE,3.0,UNMARRIED,4.0,0,4,1,3.0,MANAGER,22711.0
203267,0,30.0,COMPANYINVITED,1,17.0,SALARIED,FEMALE,4,4.0,BASIC,4.0,MARRIED,2.0,0,5,1,1.0,EXECUTIVE,21969.0
203268,0,43.0,SELFENQUIRY,1,36.0,SMALLBUSINESS,MALE,3,6.0,DELUXE,3.0,UNMARRIED,6.0,0,3,1,1.0,MANAGER,22950.0
203269,0,30.0,SELFENQUIRY,1,15.0,SMALLBUSINESS,MALE,4,5.0,DELUXE,3.0,DIVORCED,3.0,1,3,0,1.0,MANAGER,23734.0
203270,0,39.0,SELFENQUIRY,2,7.0,SALARIED,MALE,3,2.0,BASIC,3.0,DIVORCED,3.0,0,4,1,1.0,EXECUTIVE,21522.0
203271,0,29.0,COMPANYINVITED,1,13.0,SALARIED,MALE,3,5.0,BASIC,3.0,MARRIED,3.0,1,4,1,1.0,EXECUTIVE,21381.0
203272,1,19.0,COMPANYINVITED,1,15.0,SMALLBUSINESS,MALE,4,4.0,BASIC,3.0,SINGLE,3.0,0,5,0,1.0,EXECUTIVE,20582.0
203273,1,34.0,SELFENQUIRY,3,16.0,SMALLBUSINESS,FEMALE,4,4.0,DELUXE,5.0,UNMARRIED,2.0,1,3,0,2.0,MANAGER,26902.0
203274,0,42.0,SELFENQUIRY,1,19.0,SALARIED,MALE,3,4.0,BASIC,3.0,DIVORCED,5.0,1,3,1,1.0,EXECUTIVE,23444.0
203275,1,32.0,COMPANYINVITED,1,22.0,SMALLBUSINESS,MALE,4,4.0,BASIC,3.0,DIVORCED,3.0,0,4,1,3.0,EXECUTIVE,21288.0
203276,0,38.0,SELFENQUIRY,1,32.0,SMALLBUSINESS,FEMALE,3,5.0,DELUXE,3.0,MARRIED,2.0,0,3,0,2.0,MANAGER,24409.0
203277,0,28.0,SELFENQUIRY,1,13.0,SALARIED,MALE,3,5.0,BASIC,3.0,DIVORCED,3.0,0,2,1,2.0,EXECUTIVE,21217.0
203278,0,35.0,SELFENQUIRY,3,16.0,SALARIED,FEMALE,4,4.0,DELUXE,3.0,DIVORCED,3.0,0,2,1,3.0,MANAGER,24392.0
203279,0,36.0,SELFENQUIRY,2,15.0,LARGEBUSINESS,MALE,4,4.0,BASIC,3.0,UNMARRIED,3.0,0,5,0,2.0,EXECUTIVE,23001.0
203280,1,30.0,SELFENQUIRY,3,30.0,SALARIED,FEMALE,3,5.0,STANDARD,5.0,DIVORCED,3.0,0,3,0,1.0,SENIORMANAGER,26014.0
203281,0,41.0,COMPANYINVITED,1,16.0,SMALLBUSINESS,FEMALE,3,4.0,STANDARD,3.0,SINGLE,2.0,0,4,0,1.0,SENIORMANAGER,32177.0
203282,1,43.0,COMPANYINVITED,3,19.0,SALARIED,MALE,3,4.0,SUPERDELUXE,5.0,SINGLE,2.0,1,5,1,2.0,AVP,32436.0
203283,0,43.0,SELFENQUIRY,3,11.0,SMALLBUSINESS,MALE,3,4.0,DELUXE,5.0,UNMARRIED,2.0,0,5,1,2.0,MANAGER,23833.0
203284,0,36.0,SELFENQUIRY,1,7.0,SMALLBUSINESS,MALE,3,5.0,BASIC,3.0,DIVORCED,8.0,0,2,1,2.0,EXECUTIVE,20936.0
203285,0,25.0,SELFENQUIRY,1,31.0,SMALLBUSINESS,MALE,3,4.0,BASIC,4.0,UNMARRIED,2.0,0,5,1,1.0,EXECUTIVE,22275.0
203286,1,29.0,SELFENQUIRY,1,19.0,SALARIED,FEMALE,4,4.0,BASIC,3.0,DIVORCED,3.0,1,4,1,1.0,EXECUTIVE,21193.0
203287,0,27.0,SELFENQUIRY,1,10.0,SMALLBUSINESS,MALE,3,2.0,BASIC,3.0,DIVORCED,3.0,0,5,1,2.0,EXECUTIVE,23098.0
203288,0,31.0,SELFENQUIRY,3,17.0,SMALLBUSINESS,MALE,4,5.0,DELUXE,3.0,DIVORCED,3.0,0,2,1,1.0,MANAGER,25256.0
203289,0,41.0,COMPANYINVITED,1,33.0,SMALLBUSINESS,FEMALE,4,5.0,DELUXE,3.0,DIVORCED,5.0,1,2,1,1.0,MANAGER,23100.0
203290,0,36.0,SELFENQUIRY,1,9.0,SALARIED,MALE,3,5.0,STANDARD,4.0,MARRIED,4.0,0,4,1,1.0,SENIORMANAGER,28952.0
203291,0,35.0,COMPANYINVITED,1,7.0,SMALLBUSINESS,MALE,4,5.0,DELUXE,5.0,UNMARRIED,2.0,0,2,1,3.0,MANAGER,24021.0
203292,0,36.0,COMPANYINVITED,1,11.0,SALARIED,MALE,3,5.0,BASIC,3.0,DIVORCED,3.0,0,2,1,1.0,EXECUTIVE,21054.0
203293,1,44.0,SELFENQUIRY,3,16.0,SMALLBUSINESS,FEMALE,3,6.0,DELUXE,3.0,UNMARRIED,2.0,0,2,1,2.0,MANAGER,24024.0
203294,0,33.0,COMPANYINVITED,3,9.0,SALARIED,FEMALE,4,4.0,BASIC,5.0,MARRIED,3.0,0,3,0,2.0,EXECUTIVE,21505.0
203296,0,30.0,SELFENQUIRY,1,13.0,SMALLBUSINESS,FEMALE,3,4.0,BASIC,3.0,DIVORCED,3.0,0,3,0,1.0,EXECUTIVE,21809.0
203297,0,20.0,SELFENQUIRY,1,16.0,SALARIED,MALE,3,4.0,BASIC,5.0,SINGLE,3.0,0,3,0,1.0,EXECUTIVE,21230.0
203298,0,46.0,SELFENQUIRY,1,14.0,SMALLBUSINESS,FEMALE,3,4.0,BASIC,3.0,DIVORCED,6.0,1,3,1,1.0,EXECUTIVE,23155.0
203299,0,38.0,SELFENQUIRY,1,7.0,SALARIED,FEMALE,3,5.0,DELUXE,3.0,DIVORCED,3.0,0,2,1,2.0,MANAGER,25152.0
203300,0,21.0,SELFENQUIRY,1,10.0,SALARIED,MALE,3,5.0,BASIC,3.0,UNMARRIED,3.0,0,3,0,2.0,EXECUTIVE,21711.0
203301,1,45.0,SELFENQUIRY,1,17.0,SALARIED,MALE,4,4.0,BASIC,3.0,UNMARRIED,3.0,1,3,1,3.0,EXECUTIVE,21614.0
203303,0,30.0,SELFENQUIRY,1,22.0,SALARIED,FEMALE,4,6.0,BASIC,3.0,DIVORCED,2.0,1,5,1,1.0,EXECUTIVE,20846.0
203304,1,23.0,COMPANYINVITED,1,10.0,SALARIED,MALE,3,5.0,BASIC,3.0,DIVORCED,2.0,1,3,0,1.0,EXECUTIVE,21531.0
203306,0,45.0,COMPANYINVITED,1,24.0,SALARIED,MALE,4,6.0,BASIC,3.0,SINGLE,4.0,0,4,1,1.0,EXECUTIVE,20968.0
203307,0,34.0,SELFENQUIRY,2,9.0,SALARIED,MALE,3,4.0,BASIC,3.0,DIVORCED,3.0,0,2,0,1.0,EXECUTIVE,22278.0
203308,1,42.0,COMPANYINVITED,1,12.0,SALARIED,MALE,4,5.0,BASIC,5.0,MARRIED,8.0,0,3,1,1.0,EXECUTIVE,20785.0
203309,0,31.0,SELFENQUIRY,3,36.0,SALARIED,MALE,4,4.0,DELUXE,5.0,MARRIED,2.0,0,2,1,2.0,MANAGER,22793.0
203310,0,41.0,COMPANYINVITED,3,9.0,SMALLBUSINESS,MALE,4,4.0,DELUXE,4.0,DIVORCED,7.0,0,4,1,3.0,MANAGER,23005.0
203312,0,29.0,SELFENQUIRY,1,26.0,SMALLBUSINESS,MALE,4,5.0,BASIC,5.0,DIVORCED,3.0,0,3,1,3.0,EXECUTIVE,21874.0
203314,0,36.0,SELFENQUIRY,3,24.0,SALARIED,MALE,4,4.0,DELUXE,5.0,DIVORCED,5.0,1,3,1,2.0,MANAGER,27644.0
203315,1,25.0,SELFENQUIRY,1,24.0,SALARIED,FEMALE,4,4.0,BASIC,4.0,DIVORCED,3.0,0,2,0,2.0,EXECUTIVE,20888.0
203316,0,34.0,COMPANYINVITED,3,32.0,SMALLBUSINESS,FEMALE,3,4.0,DELUXE,3.0,DIVORCED,3.0,0,3,0,2.0,MANAGER,23217.0
203317,0,37.0,SELFENQUIRY,1,13.0,SALARIED,MALE,3,6.0,BASIC,3.0,MARRIED,3.0,0,2,0,1.0,EXECUTIVE,21419.0
203318,0,31.0,SELFENQUIRY,1,14.0,SALARIED,MALE,3,4.0,DELUXE,3.0,MARRIED,3.0,0,5,1,2.0,MANAGER,22169.0
203319,0,45.0,SELFENQUIRY,1,36.0,SALARIED,MALE,3,4.0,DELUXE,3.0,UNMARRIED,3.0,0,5,1,2.0,MANAGER,23219.0
203320,0,21.0,SELFENQUIRY,3,28.0,SMALLBUSINESS,MALE,3,2.0,BASIC,3.0,UNMARRIED,3.0,0,3,0,1.0,EXECUTIVE,21356.0
203321,0,47.0,SELFENQUIRY,1,9.0,LARGEBUSINESS,MALE,3,4.0,DELUXE,3.0,MARRIED,4.0,0,2,1,1.0,MANAGER,26057.0
203322,0,43.0,COMPANYINVITED,2,9.0,SMALLBUSINESS,MALE,4,2.0,DELUXE,5.0,DIVORCED,2.0,0,2,0,3.0,MANAGER,24950.0
203323,0,61.0,SELFENQUIRY,3,14.0,SMALLBUSINESS,MALE,3,2.0,DELUXE,3.0,MARRIED,2.0,1,5,0,1.0,MANAGER,23898.0
203324,0,33.0,COMPANYINVITED,1,20.0,SALARIED,FEMALE,4,5.0,BASIC,4.0,DIVORCED,3.0,0,5,0,1.0,EXECUTIVE,21421.0
203325,0,33.0,COMPANYINVITED,1,9.0,SALARIED,FEMALE,3,4.0,DELUXE,3.0,UNMARRIED,6.0,1,5,1,2.0,MANAGER,23676.0
203326,0,37.0,SELFENQUIRY,1,7.0,LARGEBUSINESS,FEMALE,4,6.0,STANDARD,5.0,MARRIED,4.0,1,2,1,3.0,SENIORMANAGER,28930.0
203327,0,34.0,SELFENQUIRY,1,16.0,SMALLBUSINESS,MALE,3,4.0,BASIC,3.0,DIVORCED,2.0,0,2,1,1.0,EXECUTIVE,21459.0
203328,0,41.0,SELFENQUIRY,3,17.0,LARGEBUSINESS,FEMALE,3,5.0,DELUXE,4.0,MARRIED,2.0,0,5,1,1.0,MANAGER,25530.0
203329,0,26.0,SELFENQUIRY,3,17.0,SALARIED,MALE,3,4.0,DELUXE,3.0,UNMARRIED,2.0,0,2,0,2.0,MANAGER,23628.0
203330,0,31.0,SELFENQUIRY,1,7.0,SMALLBUSINESS,MALE,4,4.0,BASIC,4.0,DIVORCED,2.0,1,4,1,3.0,EXECUTIVE,22257.0
203331,0,43.0,COMPANYINVITED,1,33.0,SMALLBUSINESS,FEMALE,3,4.0,STANDARD,5.0,DIVORCED,5.0,1,3,0,2.0,SENIORMANAGER,31869.0
203332,0,36.0,COMPANYINVITED,3,15.0,SMALLBUSINESS,FEMALE,4,5.0,STANDARD,3.0,DIVORCED,6.0,1,5,1,3.0,SENIORMANAGER,29055.0
203333,0,28.0,SELFENQUIRY,1,21.0,SALARIED,MALE,3,4.0,BASIC,5.0,DIVORCED,3.0,1,4,1,1.0,EXECUTIVE,20913.0
203334,0,55.0,COMPANYINVITED,1,7.0,SALARIED,FEMALE,3,4.0,STANDARD,3.0,MARRIED,2.0,0,5,1,2.0,SENIORMANAGER,29180.0
203335,0,45.0,SELFENQUIRY,1,9.0,SALARIED,FEMALE,4,2.0,BASIC,3.0,DIVORCED,3.0,0,4,1,1.0,EXECUTIVE,20689.0
203336,1,20.0,COMPANYINVITED,1,17.0,SMALLBUSINESS,FEMALE,4,5.0,BASIC,4.0,SINGLE,3.0,1,5,1,2.0,EXECUTIVE,20537.0
203337,0,30.0,SELFENQUIRY,1,7.0,SALARIED,FEMALE,4,4.0,BASIC,3.0,MARRIED,3.0,0,2,0,3.0,EXECUTIVE,22438.0
203339,0,32.0,SELFENQUIRY,1,18.0,SMALLBUSINESS,MALE,4,4.0,DELUXE,5.0,DIVORCED,3.0,1,2,0,3.0,MANAGER,25511.0
203340,0,32.0,SELFENQUIRY,1,31.0,SMALLBUSINESS,FEMALE,4,5.0,DELUXE,5.0,UNMARRIED,3.0,0,5,0,3.0,MANAGER,25490.0
203341,0,60.0,SELFENQUIRY,3,10.0,SALARIED,FEMALE,3,5.0,DELUXE,3.0,UNMARRIED,7.0,0,3,0,1.0,MANAGER,23849.0
203344,0,37.0,COMPANYINVITED,1,10.0,LARGEBUSINESS,MALE,3,4.0,BASIC,4.0,DIVORCED,3.0,0,3,1,2.0,EXECUTIVE,22370.0
203345,0,49.0,SELFENQUIRY,1,9.0,LARGEBUSINESS,MALE,4,2.0,BASIC,4.0,SINGLE,7.0,0,2,0,3.0,EXECUTIVE,21237.0
203346,0,28.0,SELFENQUIRY,1,11.0,SALARIED,MALE,4,4.0,BASIC,3.0,MARRIED,3.0,0,4,1,2.0,EXECUTIVE,21195.0
203347,0,30.0,SELFENQUIRY,1,14.0,SALARIED,MALE,3,4.0,DELUXE,3.0,MARRIED,3.0,1,3,0,1.0,MANAGER,25301.0
203350,0,35.0,SELFENQUIRY,1,27.0,LARGEBUSINESS,FEMALE,3,2.0,BASIC,3.0,DIVORCED,2.0,0,1,1,1.0,EXECUTIVE,21263.0
203352,0,34.0,SELFENQUIRY,3,17.0,SMALLBUSINESS,MALE,3,2.0,STANDARD,3.0,MARRIED,2.0,1,4,1,2.0,SENIORMANAGER,27058.0
203353,0,20.0,SELFENQUIRY,1,32.0,SALARIED,FEMALE,3,2.0,BASIC,3.0,UNMARRIED,3.0,1,5,1,1.0,EXECUTIVE,21672.0
203354,0,24.0,SELFENQUIRY,1,7.0,SALARIED,MALE,3,4.0,BASIC,3.0,DIVORCED,3.0,0,4,0,2.0,EXECUTIVE,19901.0
203356,0,27.0,SELFENQUIRY,1,11.0,SALARIED,MALE,3,4.0,BASIC,3.0,UNMARRIED,3.0,1,1,0,1.0,EXECUTIVE,21553.0
203358,0,56.0,COMPANYINVITED,1,15.0,SMALLBUSINESS,MALE,3,5.0,SUPERDELUXE,4.0,MARRIED,3.0,1,3,1,2.0,AVP,32255.0
203359,1,22.0,COMPANYINVITED,1,17.0,SALARIED,FEMALE,3,5.0,BASIC,3.0,UNMARRIED,3.0,0,4,1,1.0,EXECUTIVE,21303.0
203361,0,35.0,SELFENQUIRY,3,9.0,SMALLBUSINESS,FEMALE,3,4.0,DELUXE,5.0,UNMARRIED,2.0,1,3,1,1.0,MANAGER,23216.0
203363,0,60.0,SELFENQUIRY,1,25.0,SMALLBUSINESS,MALE,4,4.0,STANDARD,3.0,SINGLE,8.0,0,3,1,2.0,SENIORMANAGER,29190.0
203364,0,35.0,COMPANYINVITED,1,26.0,SMALLBUSINESS,FEMALE,3,4.0,DELUXE,4.0,MARRIED,6.0,0,3,1,1.0,MANAGER,23122.0
203365,0,29.0,COMPANYINVITED,1,7.0,SMALLBUSINESS,MALE,3,4.0,BASIC,3.0,SINGLE,2.0,1,4,0,1.0,EXECUTIVE,20832.0
203367,0,35.0,COMPANYINVITED,2,18.0,SALARIED,MALE,3,5.0,DELUXE,4.0,DIVORCED,6.0,0,5,0,2.0,MANAGER,23168.0
203368,0,36.0,SELFENQUIRY,1,13.0,SALARIED,MALE,4,4.0,BASIC,3.0,DIVORCED,2.0,1,3,1,2.0,EXECUTIVE,22184.0
203369,0,43.0,SELFENQUIRY,1,14.0,SMALLBUSINESS,FEMALE,4,2.0,DELUXE,4.0,DIVORCED,8.0,1,1,0,1.0,MANAGER,21050.0
203370,0,44.0,SELFENQUIRY,3,11.0,SMALLBUSINESS,FEMALE,3,5.0,STANDARD,3.0,SINGLE,5.0,0,3,1,1.0,SENIORMANAGER,28909.0
203371,0,37.0,SELFENQUIRY,1,9.0,SALARIED,FEMALE,3,4.0,DELUXE,4.0,UNMARRIED,2.0,1,3,1,1.0,MANAGER,24088.0
203372,1,45.0,SELFENQUIRY,1,22.0,SMALLBUSINESS,FEMALE,4,4.0,STANDARD,3.0,DIVORCED,3.0,0,3,0,2.0,SENIORMANAGER,26656.0
203373,0,29.0,COMPANYINVITED,1,9.0,SALARIED,MALE,3,5.0,BASIC,3.0,DIVORCED,3.0,1,4,1,1.0,EXECUTIVE,22545.0
203374,0,52.0,COMPANYINVITED,1,13.0,SMALLBUSINESS,FEMALE,3,5.0,BASIC,3.0,UNMARRIED,2.0,0,5,1,2.0,EXECUTIVE,21516.0
203375,0,31.0,COMPANYINVITED,1,16.0,SMALLBUSINESS,FEMALE,4,4.0,DELUXE,3.0,UNMARRIED,2.0,1,3,1,3.0,MANAGER,23373.0
203376,1,30.0,SELFENQUIRY,1,14.0,LARGEBUSINESS,FEMALE,3,4.0,BASIC,3.0,MARRIED,5.0,1,4,1,2.0,EXECUTIVE,22017.0
203377,0,29.0,SELFENQUIRY,1,7.0,LARGEBUSINESS,MALE,3,4.0,BASIC,5.0,SINGLE,4.0,0,4,0,1.0,EXECUTIVE,20758.0
203378,0,26.0,SELFENQUIRY,1,7.0,SMALLBUSINESS,FEMALE,3,4.0,BASIC,4.0,SINGLE,3.0,0,3,1,1.0,EXECUTIVE,20774.0
203379,0,33.0,SELFENQUIRY,3,15.0,SMALLBUSINESS,MALE,3,2.0,DELUXE,3.0,DIVORCED,3.0,0,5,0,1.0,MANAGER,24887.0
203382,0,59.0,SELFENQUIRY,1,30.0,SALARIED,MALE,3,4.0,BASIC,3.0,MARRIED,3.0,0,3,1,2.0,EXECUTIVE,21050.0
203383,1,33.0,SELFENQUIRY,1,14.0,SALARIED,MALE,4,4.0,DELUXE,3.0,DIVORCED,3.0,0,3,1,2.0,MANAGER,23561.0
203384,1,40.0,SELFENQUIRY,1,30.0,SMALLBUSINESS,MALE,4,4.0,BASIC,5.0,UNMARRIED,2.0,0,3,0,3.0,EXECUTIVE,22582.0
203385,0,31.0,SELFENQUIRY,1,13.0,LARGEBUSINESS,FEMALE,3,5.0,DELUXE,3.0,DIVORCED,2.0,0,4,1,2.0,MANAGER,23305.0
203386,0,37.0,SELFENQUIRY,1,17.0,LARGEBUSINESS,FEMALE,4,4.0,STANDARD,3.0,DIVORCED,5.0,0,3,0,3.0,SENIORMANAGER,25772.0
203387,0,47.0,SELFENQUIRY,2,7.0,SALARIED,FEMALE,3,4.0,BASIC,5.0,UNMARRIED,8.0,0,5,1,1.0,EXECUTIVE,22101.0
203388,0,29.0,COMPANYINVITED,1,7.0,SALARIED,FEMALE,3,6.0,DELUXE,3.0,DIVORCED,2.0,0,3,1,1.0,MANAGER,25352.0
203390,1,41.0,SELFENQUIRY,3,32.0,SMALLBUSINESS,MALE,3,5.0,STANDARD,4.0,UNMARRIED,4.0,1,5,0,2.0,SENIORMANAGER,27772.0
203391,1,53.0,SELFENQUIRY,3,12.0,SALARIED,MALE,4,4.0,STANDARD,4.0,UNMARRIED,2.0,1,4,1,2.0,SENIORMANAGER,27124.0
203392,0,31.0,SELFENQUIRY,1,24.0,SMALLBUSINESS,FEMALE,4,4.0,STANDARD,5.0,DIVORCED,3.0,1,4,0,3.0,SENIORMANAGER,30594.0
203393,0,40.0,SELFENQUIRY,1,25.0,SALARIED,MALE,3,4.0,DELUXE,3.0,UNMARRIED,2.0,0,3,0,1.0,MANAGER,23212.0
203394,0,32.0,COMPANYINVITED,3,9.0,SALARIED,FEMALE,3,4.0,STANDARD,3.0,MARRIED,3.0,1,1,1,1.0,SENIORMANAGER,28530.0
203395,0,42.0,COMPANYINVITED,3,17.0,SMALLBUSINESS,MALE,3,6.0,DELUXE,4.0,UNMARRIED,3.0,0,1,1,1.0,MANAGER,24829.0
203396,1,32.0,COMPANYINVITED,3,7.0,SALARIED,FEMALE,3,4.0,BASIC,4.0,SINGLE,3.0,1,5,1,2.0,EXECUTIVE,20980.0
203397,1,45.0,SELFENQUIRY,1,10.0,SALARIED,MALE,3,4.0,BASIC,5.0,DIVORCED,6.0,0,5,1,2.0,EXECUTIVE,21040.0
203401,0,41.0,COMPANYINVITED,1,23.0,SALARIED,MALE,4,4.0,BASIC,3.0,MARRIED,2.0,0,3,1,3.0,EXECUTIVE,22222.0
203402,0,35.0,SELFENQUIRY,1,16.0,SALARIED,MALE,3,4.0,STANDARD,3.0,MARRIED,2.0,0,5,1,2.0,SENIORMANAGER,27178.0
203403,0,41.0,SELFENQUIRY,1,9.0,SALARIED,MALE,4,4.0,DELUXE,3.0,UNMARRIED,3.0,0,3,1,3.0,MANAGER,23339.0
203404,0,42.0,COMPANYINVITED,3,7.0,SMALLBUSINESS,FEMALE,4,4.0,DELUXE,5.0,MARRIED,2.0,0,3,0,2.0,MANAGER,22781.0
203405,0,36.0,COMPANYINVITED,1,11.0,SALARIED,MALE,3,4.0,DELUXE,3.0,UNMARRIED,3.0,1,1,1,2.0,MANAGER,22927.0
203406,0,52.0,SELFENQUIRY,2,12.0,SALARIED,MALE,3,4.0,SUPERDELUXE,4.0,MARRIED,3.0,1,3,1,2.0,AVP,32704.0
203407,0,39.0,SELFENQUIRY,3,9.0,SALARIED,FEMALE,3,4.0,DELUXE,5.0,MARRIED,5.0,0,4,0,2.0,MANAGER,25571.0
203408,0,35.0,SELFENQUIRY,3,22.0,SMALLBUSINESS,FEMALE,4,4.0,DELUXE,5.0,UNMARRIED,3.0,0,1,1,3.0,MANAGER,24803.0
203409,0,26.0,SELFENQUIRY,1,26.0,SMALLBUSINESS,MALE,4,4.0,BASIC,3.0,DIVORCED,5.0,0,5,1,3.0,EXECUTIVE,22347.0
203410,1,59.0,SELFENQUIRY,1,14.0,SMALLBUSINESS,FEMALE,3,5.0,STANDARD,5.0,DIVORCED,2.0,1,4,1,1.0,SENIORMANAGER,28686.0
203411,0,41.0,SELFENQUIRY,1,7.0,SALARIED,MALE,3,4.0,BASIC,4.0,DIVORCED,5.0,0,1,1,2.0,EXECUTIVE,21065.0
203412,0,37.0,COMPANYINVITED,3,14.0,SMALLBUSINESS,FEMALE,3,2.0,DELUXE,5.0,DIVORCED,4.0,0,1,1,1.0,MANAGER,23317.0
203413,0,49.0,SELFENQUIRY,1,11.0,SALARIED,MALE,3,4.0,STANDARD,3.0,UNMARRIED,3.0,0,5,1,2.0,SENIORMANAGER,26576.0
203414,0,28.0,SELFENQUIRY,3,18.0,SMALLBUSINESS,FEMALE,4,2.0,BASIC,3.0,DIVORCED,2.0,0,3,1,2.0,EXECUTIVE,21212.0
203415,0,52.0,SELFENQUIRY,1,18.0,LARGEBUSINESS,FEMALE,3,5.0,SUPERDELUXE,4.0,SINGLE,5.0,0,1,0,2.0,AVP,31820.0
203416,0,19.0,COMPANYINVITED,1,7.0,SALARIED,FEMALE,4,4.0,BASIC,3.0,SINGLE,3.0,0,5,1,2.0,EXECUTIVE,20289.0
203417,0,36.0,SELFENQUIRY,1,7.0,SMALLBUSINESS,FEMALE,3,5.0,DELUXE,3.0,DIVORCED,2.0,0,1,1,2.0,MANAGER,24041.0
203418,0,28.0,COMPANYINVITED,3,9.0,SALARIED,MALE,3,6.0,DELUXE,3.0,UNMARRIED,5.0,0,4,1,2.0,MANAGER,23749.0
203419,1,56.0,SELFENQUIRY,3,20.0,SMALLBUSINESS,MALE,3,2.0,SUPERDELUXE,3.0,SINGLE,8.0,1,3,1,2.0,AVP,32373.0
203420,0,57.0,SELFENQUIRY,1,30.0,SALARIED,MALE,4,4.0,SUPERDELUXE,4.0,DIVORCED,6.0,1,4,1,3.0,AVP,32080.0
203421,0,35.0,COMPANYINVITED,1,33.0,LARGEBUSINESS,FEMALE,4,5.0,BASIC,3.0,MARRIED,3.0,0,1,1,1.0,EXECUTIVE,20707.0
203422,0,41.0,SELFENQUIRY,1,9.0,SMALLBUSINESS,FEMALE,3,2.0,DELUXE,3.0,MARRIED,7.0,0,3,1,1.0,MANAGER,25055.0
203423,0,35.0,SELFENQUIRY,1,36.0,SMALLBUSINESS,MALE,3,4.0,DELUXE,3.0,DIVORCED,6.0,0,3,0,1.0,MANAGER,24107.0
203424,1,32.0,COMPANYINVITED,3,9.0,SALARIED,FEMALE,3,5.0,BASIC,3.0,UNMARRIED,2.0,0,5,0,2.0,EXECUTIVE,21463.0
203425,1,36.0,COMPANYINVITED,3,25.0,SMALLBUSINESS,FEMALE,4,4.0,DELUXE,3.0,DIVORCED,2.0,1,5,1,3.0,MANAGER,23292.0
203426,0,39.0,COMPANYINVITED,1,14.0,SALARIED,MALE,3,2.0,BASIC,3.0,MARRIED,3.0,0,3,0,1.0,EXECUTIVE,21288.0
203427,0,35.0,SELFENQUIRY,1,9.0,LARGEBUSINESS,FEMALE,4,4.0,DELUXE,3.0,UNMARRIED,3.0,0,5,1,2.0,MANAGER,25365.0
203428,0,29.0,SELFENQUIRY,3,33.0,SALARIED,MALE,3,5.0,DELUXE,5.0,DIVORCED,3.0,0,4,1,1.0,MANAGER,23402.0
203429,1,32.0,SELFENQUIRY,1,29.0,SMALLBUSINESS,MALE,4,4.0,DELUXE,3.0,DIVORCED,3.0,1,5,1,1.0,MANAGER,24857.0
203430,0,40.0,SELFENQUIRY,3,28.0,SALARIED,MALE,3,5.0,DELUXE,3.0,DIVORCED,5.0,1,1,0,2.0,MANAGER,24798.0
203431,0,52.0,COMPANYINVITED,3,9.0,SMALLBUSINESS,MALE,3,4.0,STANDARD,4.0,DIVORCED,4.0,0,4,0,1.0,SENIORMANAGER,29274.0
203432,0,42.0,COMPANYINVITED,1,29.0,SALARIED,FEMALE,4,4.0,DELUXE,3.0,MARRIED,5.0,1,5,0,1.0,MANAGER,24145.0
203433,0,38.0,SELFENQUIRY,1,11.0,SALARIED,MALE,3,4.0,BASIC,3.0,DIVORCED,2.0,1,5,1,2.0,EXECUTIVE,21674.0
203434,0,34.0,COMPANYINVITED,3,12.0,SALARIED,MALE,4,4.0,DELUXE,3.0,DIVORCED,8.0,0,1,1,3.0,MANAGER,28676.0
203435,0,33.0,SELFENQUIRY,3,9.0,SMALLBUSINESS,MALE,3,4.0,DELUXE,4.0,DIVORCED,2.0,1,1,0,2.0,MANAGER,22756.0
203436,0,40.0,COMPANYINVITED,1,32.0,SALARIED,MALE,4,4.0,STANDARD,3.0,DIVORCED,5.0,0,1,0,1.0,SENIORMANAGER,29598.0
203437,0,26.0,SELFENQUIRY,3,25.0,SALARIED,MALE,4,2.0,DELUXE,3.0,DIVORCED,4.0,0,1,0,1.0,MANAGER,24910.0
203438,0,53.0,COMPANYINVITED,1,35.0,SMALLBUSINESS,FEMALE,3,2.0,SUPERDELUXE,3.0,DIVORCED,4.0,1,4,0,1.0,AVP,31925.0
203439,0,44.0,SELFENQUIRY,1,13.0,SMALLBUSINESS,FEMALE,4,5.0,DELUXE,3.0,UNMARRIED,3.0,1,4,1,2.0,MANAGER,22759.0
203440,0,28.0,SELFENQUIRY,3,17.0,SMALLBUSINESS,FEMALE,4,5.0,DELUXE,3.0,DIVORCED,3.0,1,3,1,3.0,MANAGER,24447.0
203441,1,28.0,SELFENQUIRY,1,24.0,SALARIED,FEMALE,3,4.0,BASIC,3.0,SINGLE,3.0,1,5,1,1.0,EXECUTIVE,21072.0
203442,0,27.0,SELFENQUIRY,1,9.0,SMALLBUSINESS,MALE,3,5.0,BASIC,3.0,UNMARRIED,2.0,0,3,0,1.0,EXECUTIVE,22582.0
203444,0,53.0,SELFENQUIRY,1,15.0,SALARIED,FEMALE,3,4.0,BASIC,5.0,DIVORCED,2.0,0,1,1,2.0,EXECUTIVE,21628.0
203445,0,38.0,SELFENQUIRY,1,18.0,SMALLBUSINESS,FEMALE,4,4.0,BASIC,3.0,UNMARRIED,6.0,0,3,0,2.0,EXECUTIVE,22307.0
203446,0,36.0,COMPANYINVITED,1,25.0,SALARIED,MALE,3,4.0,STANDARD,3.0,UNMARRIED,4.0,0,3,0,1.0,SENIORMANAGER,28040.0
203447,0,26.0,SELFENQUIRY,1,7.0,LARGEBUSINESS,MALE,3,4.0,BASIC,3.0,DIVORCED,6.0,0,5,1,2.0,EXECUTIVE,21907.0
203448,0,27.0,SELFENQUIRY,1,14.0,SALARIED,MALE,4,2.0,BASIC,5.0,UNMARRIED,2.0,0,1,1,1.0,EXECUTIVE,22256.0
203449,0,30.0,SELFENQUIRY,2,24.0,SALARIED,MALE,3,5.0,STANDARD,5.0,UNMARRIED,3.0,0,3,0,1.0,SENIORMANAGER,26666.0
203450,1,50.0,COMPANYINVITED,1,35.0,SALARIED,MALE,4,5.0,DELUXE,5.0,UNMARRIED,5.0,0,3,0,2.0,MANAGER,22962.0
203451,1,30.0,COMPANYINVITED,1,21.0,SALARIED,FEMALE,3,4.0,STANDARD,3.0,UNMARRIED,2.0,1,5,1,1.0,SENIORMANAGER,26231.0
203454,0,56.0,SELFENQUIRY,1,7.0,SMALLBUSINESS,MALE,3,2.0,SUPERDELUXE,3.0,MARRIED,4.0,0,5,1,1.0,AVP,33410.0
203455,0,37.0,SELFENQUIRY,3,10.0,SMALLBUSINESS,FEMALE,3,4.0,DELUXE,4.0,UNMARRIED,5.0,1,4,0,2.0,MANAGER,27956.0
203457,0,31.0,SELFENQUIRY,3,14.0,SMALLBUSINESS,FEMALE,4,4.0,DELUXE,5.0,MARRIED,2.0,0,3,1,1.0,MANAGER,23457.0
203459,0,35.0,COMPANYINVITED,1,7.0,SALARIED,MALE,4,4.0,BASIC,5.0,MARRIED,7.0,0,1,1,3.0,EXECUTIVE,21674.0
203461,0,28.0,SELFENQUIRY,1,18.0,SALARIED,MALE,4,4.0,BASIC,5.0,DIVORCED,2.0,0,5,1,3.0,EXECUTIVE,20777.0
203462,0,37.0,SELFENQUIRY,1,11.0,SALARIED,MALE,3,5.0,DELUXE,3.0,UNMARRIED,3.0,0,5,1,2.0,MANAGER,24488.0
203463,0,37.0,SELFENQUIRY,3,23.0,SMALLBUSINESS,FEMALE,4,5.0,DELUXE,5.0,DIVORCED,6.0,0,5,1,1.0,MANAGER,24325.0
203464,0,48.0,SELFENQUIRY,1,7.0,LARGEBUSINESS,MALE,4,4.0,BASIC,3.0,DIVORCED,2.0,0,3,1,1.0,EXECUTIVE,22098.0
203465,1,26.0,SELFENQUIRY,3,16.0,SALARIED,MALE,4,5.0,BASIC,5.0,DIVORCED,5.0,0,1,1,1.0,EXECUTIVE,23078.0
203466,0,38.0,COMPANYINVITED,1,12.0,LARGEBUSINESS,MALE,3,2.0,BASIC,3.0,UNMARRIED,2.0,0,5,1,1.0,EXECUTIVE,22178.0
203467,0,57.0,SELFENQUIRY,1,7.0,SALARIED,FEMALE,3,4.0,BASIC,5.0,DIVORCED,4.0,0,5,1,2.0,EXECUTIVE,20744.0
203469,0,25.0,SELFENQUIRY,3,11.0,SMALLBUSINESS,FEMALE,3,4.0,DELUXE,3.0,DIVORCED,3.0,1,5,1,1.0,MANAGER,22840.0
203470,0,33.0,SELFENQUIRY,3,14.0,SMALLBUSINESS,MALE,4,4.0,DELUXE,3.0,DIVORCED,6.0,0,5,1,2.0,MANAGER,27882.0
203471,0,35.0,SELFENQUIRY,1,7.0,SALARIED,FEMALE,3,5.0,BASIC,4.0,DIVORCED,7.0,0,1,1,2.0,EXECUTIVE,21972.0
203472,0,42.0,SELFENQUIRY,1,12.0,SMALLBUSINESS,MALE,3,2.0,BASIC,3.0,DIVORCED,4.0,1,1,1,2.0,EXECUTIVE,20805.0
203473,0,41.0,COMPANYINVITED,1,16.0,SALARIED,MALE,3,4.0,DELUXE,3.0,MARRIED,5.0,0,3,1,1.0,MANAGER,22653.0
203474,0,32.0,SELFENQUIRY,3,15.0,SALARIED,MALE,3,4.0,STANDARD,3.0,MARRIED,3.0,0,3,1,1.0,SENIORMANAGER,29471.0
203475,1,47.0,SELFENQUIRY,3,16.0,SMALLBUSINESS,MALE,3,4.0,STANDARD,3.0,MARRIED,6.0,0,3,0,2.0,SENIORMANAGER,28774.0
203476,1,40.0,COMPANYINVITED,1,9.0,SALARIED,FEMALE,3,5.0,BASIC,5.0,UNMARRIED,4.0,1,3,0,1.0,EXECUTIVE,22324.0
203477,1,32.0,COMPANYINVITED,1,7.0,SALARIED,FEMALE,4,2.0,STANDARD,4.0,UNMARRIED,3.0,0,3,1,3.0,SENIORMANAGER,26124.0
203478,0,46.0,SELFENQUIRY,1,27.0,SMALLBUSINESS,MALE,4,6.0,STANDARD,5.0,MARRIED,4.0,1,3,0,1.0,SENIORMANAGER,29529.0
203479,0,32.0,SELFENQUIRY,2,15.0,SMALLBUSINESS,FEMALE,4,2.0,BASIC,4.0,SINGLE,2.0,0,1,0,3.0,EXECUTIVE,20787.0
203480,1,32.0,COMPANYINVITED,1,9.0,SALARIED,MALE,4,4.0,BASIC,3.0,DIVORCED,8.0,1,3,1,2.0,EXECUTIVE,22400.0
203481,0,46.0,SELFENQUIRY,1,36.0,LARGEBUSINESS,MALE,3,4.0,STANDARD,3.0,DIVORCED,6.0,1,5,1,1.0,SENIORMANAGER,28058.0
203482,0,49.0,SELFENQUIRY,3,14.0,SMALLBUSINESS,MALE,4,4.0,DELUXE,5.0,MARRIED,6.0,0,4,1,2.0,MANAGER,24164.0
203483,1,35.0,SELFENQUIRY,2,16.0,LARGEBUSINESS,FEMALE,3,4.0,BASIC,3.0,DIVORCED,3.0,0,1,1,1.0,EXECUTIVE,21420.0
203484,0,41.0,COMPANYINVITED,1,15.0,SMALLBUSINESS,MALE,3,5.0,STANDARD,4.0,MARRIED,4.0,0,1,1,2.0,SENIORMANAGER,32435.0
203485,0,29.0,SELFENQUIRY,3,12.0,SMALLBUSINESS,MALE,3,4.0,DELUXE,5.0,UNMARRIED,2.0,0,1,1,1.0,MANAGER,27141.0
203486,0,45.0,COMPANYINVITED,1,12.0,SALARIED,MALE,3,5.0,BASIC,3.0,UNMARRIED,5.0,0,1,0,2.0,EXECUTIVE,21840.0
203488,0,50.0,SELFENQUIRY,1,12.0,LARGEBUSINESS,MALE,4,4.0,DELUXE,3.0,DIVORCED,4.0,0,3,0,1.0,MANAGER,25329.0
203489,0,41.0,SELFENQUIRY,1,9.0,SMALLBUSINESS,MALE,4,4.0,BASIC,3.0,MARRIED,4.0,0,1,0,1.0,EXECUTIVE,21023.0
203490,0,45.0,SELFENQUIRY,1,27.0,SALARIED,MALE,3,4.0,BASIC,4.0,UNMARRIED,3.0,0,5,1,2.0,EXECUTIVE,22098.0
203491,0,34.0,COMPANYINVITED,3,14.0,SMALLBUSINESS,MALE,3,4.0,DELUXE,5.0,DIVORCED,2.0,0,3,0,1.0,MANAGER,23051.0
203492,0,35.0,SELFENQUIRY,3,10.0,SALARIED,MALE,3,6.0,DELUXE,5.0,UNMARRIED,5.0,0,5,1,2.0,MANAGER,23437.0
203493,0,31.0,SELFENQUIRY,3,23.0,SALARIED,MALE,4,4.0,DELUXE,3.0,DIVORCED,2.0,0,3,0,3.0,MANAGER,23979.0
203494,0,43.0,COMPANYINVITED,1,16.0,SMALLBUSINESS,FEMALE,4,4.0,BASIC,3.0,UNMARRIED,3.0,0,4,1,2.0,EXECUTIVE,22351.0
203495,0,45.0,COMPANYINVITED,3,7.0,SMALLBUSINESS,FEMALE,4,4.0,DELUXE,3.0,DIVORCED,2.0,0,4,1,2.0,MANAGER,23446.0
203497,0,58.0,SELFENQUIRY,1,7.0,SALARIED,MALE,4,2.0,DELUXE,3.0,DIVORCED,2.0,0,3,1,3.0,MANAGER,23578.0
203498,0,50.0,SELFENQUIRY,1,14.0,SALARIED,MALE,3,4.0,STANDARD,4.0,MARRIED,5.0,0,4,0,2.0,SENIORMANAGER,29144.0
203500,1,29.0,COMPANYINVITED,3,7.0,LARGEBUSINESS,MALE,4,4.0,BASIC,3.0,DIVORCED,5.0,0,3,1,1.0,EXECUTIVE,21587.0
203501,1,30.0,COMPANYINVITED,3,20.0,LARGEBUSINESS,FEMALE,3,4.0,DELUXE,4.0,UNMARRIED,7.0,0,3,0,2.0,MANAGER,24443.0
203502,1,35.0,SELFENQUIRY,3,31.0,SMALLBUSINESS,FEMALE,3,5.0,DELUXE,4.0,UNMARRIED,2.0,1,5,1,1.0,MANAGER,23277.0
203503,0,36.0,SELFENQUIRY,3,14.0,SALARIED,MALE,4,4.0,BASIC,3.0,DIVORCED,3.0,0,3,1,1.0,EXECUTIVE,21082.0
203504,1,25.0,COMPANYINVITED,1,16.0,SMALLBUSINESS,MALE,3,4.0,BASIC,5.0,UNMARRIED,4.0,1,3,0,2.0,EXECUTIVE,21850.0
203505,0,25.0,COMPANYINVITED,3,20.0,SALARIED,FEMALE,4,4.0,BASIC,4.0,DIVORCED,3.0,0,1,0,1.0,EXECUTIVE,20711.0
203506,0,45.0,COMPANYINVITED,1,9.0,SMALLBUSINESS,MALE,3,4.0,STANDARD,3.0,SINGLE,7.0,1,1,0,2.0,SENIORMANAGER,28887.0
203507,0,30.0,SELFENQUIRY,3,26.0,SALARIED,MALE,4,5.0,DELUXE,3.0,MARRIED,3.0,0,4,1,1.0,MANAGER,27298.0
203508,0,31.0,SELFENQUIRY,2,7.0,SALARIED,MALE,3,4.0,BASIC,3.0,MARRIED,2.0,0,1,0,2.0,EXECUTIVE,20742.0
203509,0,56.0,SELFENQUIRY,1,11.0,SALARIED,MALE,2,4.0,DELUXE,3.0,DIVORCED,2.0,1,4,0,1.0,MANAGER,22713.0
203510,0,34.0,SELFENQUIRY,1,11.0,SMALLBUSINESS,FEMALE,3,5.0,BASIC,4.0,DIVORCED,2.0,0,1,0,1.0,EXECUTIVE,22516.0
203511,0,48.0,SELFENQUIRY,3,21.0,SMALLBUSINESS,FEMALE,4,4.0,DELUXE,3.0,DIVORCED,5.0,1,5,1,1.0,MANAGER,23269.0
203512,1,29.0,COMPANYINVITED,1,9.0,SMALLBUSINESS,MALE,3,5.0,BASIC,5.0,SINGLE,2.0,0,4,0,1.0,EXECUTIVE,21239.0
203513,0,29.0,SELFENQUIRY,1,7.0,SALARIED,MALE,4,5.0,BASIC,3.0,MARRIED,3.0,0,4,0,2.0,EXECUTIVE,20241.0
203514,0,29.0,COMPANYINVITED,3,14.0,SALARIED,MALE,3,4.0,DELUXE,5.0,UNMARRIED,2.0,0,3,1,2.0,MANAGER,23576.0
203515,0,50.0,SELFENQUIRY,1,10.0,SMALLBUSINESS,FEMALE,3,5.0,DELUXE,5.0,DIVORCED,6.0,0,3,1,2.0,MANAGER,23467.0
203516,0,30.0,COMPANYINVITED,1,9.0,SALARIED,FEMALE,4,4.0,BASIC,4.0,DIVORCED,2.0,0,5,0,3.0,EXECUTIVE,21858.0
203517,0,29.0,SELFENQUIRY,1,36.0,SALARIED,MALE,4,6.0,DELUXE,4.0,DIVORCED,3.0,0,1,1,3.0,MANAGER,25227.0
203518,0,34.0,SELFENQUIRY,1,15.0,SALARIED,MALE,4,4.0,DELUXE,3.0,UNMARRIED,4.0,1,3,0,3.0,MANAGER,25066.0
203519,0,33.0,SELFENQUIRY,1,17.0,SMALLBUSINESS,MALE,2,4.0,STANDARD,3.0,SINGLE,4.0,0,1,0,1.0,SENIORMANAGER,29922.0
203521,1,30.0,SELFENQUIRY,1,7.0,LARGEBUSINESS,MALE,4,5.0,BASIC,5.0,SINGLE,8.0,0,3,0,3.0,EXECUTIVE,21040.0
203523,0,40.0,SELFENQUIRY,1,13.0,SALARIED,FEMALE,3,4.0,STANDARD,4.0,UNMARRIED,6.0,0,3,0,2.0,SENIORMANAGER,27054.0
203525,0,36.0,SELFENQUIRY,1,23.0,SALARIED,FEMALE,4,5.0,STANDARD,4.0,UNMARRIED,3.0,0,1,1,3.0,SENIORMANAGER,27284.0
203526,0,24.0,SELFENQUIRY,1,27.0,SALARIED,MALE,4,4.0,DELUXE,3.0,SINGLE,2.0,0,4,1,3.0,MANAGER,20950.0
203527,1,41.0,SELFENQUIRY,1,16.0,SALARIED,MALE,3,4.0,BASIC,5.0,SINGLE,5.0,0,1,1,2.0,EXECUTIVE,20696.0
203528,0,35.0,SELFENQUIRY,3,7.0,LARGEBUSINESS,MALE,4,5.0,STANDARD,3.0,DIVORCED,3.0,1,1,1,2.0,SENIORMANAGER,25761.0
203529,1,32.0,COMPANYINVITED,1,10.0,SALARIED,FEMALE,3,4.0,BASIC,3.0,UNMARRIED,3.0,0,4,1,2.0,EXECUTIVE,22762.0
203530,0,51.0,COMPANYINVITED,1,29.0,SMALLBUSINESS,MALE,3,6.0,SUPERDELUXE,3.0,SINGLE,3.0,1,1,1,2.0,AVP,33089.0
203531,0,35.0,SELFENQUIRY,3,14.0,LARGEBUSINESS,MALE,3,4.0,BASIC,3.0,MARRIED,2.0,1,1,0,2.0,EXECUTIVE,20986.0
203532,0,43.0,SELFENQUIRY,1,9.0,SMALLBUSINESS,MALE,4,5.0,BASIC,4.0,MARRIED,6.0,0,1,1,3.0,EXECUTIVE,23519.0
203533,0,38.0,SELFENQUIRY,1,20.0,SMALLBUSINESS,MALE,3,4.0,DELUXE,3.0,MARRIED,3.0,0,1,0,1.0,MANAGER,22963.0
203534,0,30.0,SELFENQUIRY,1,15.0,SALARIED,FEMALE,3,6.0,DELUXE,5.0,MARRIED,5.0,0,1,0,1.0,MANAGER,28393.0
203535,0,34.0,SELFENQUIRY,1,32.0,SALARIED,MALE,3,5.0,DELUXE,4.0,UNMARRIED,3.0,0,1,0,2.0,MANAGER,22998.0
203536,0,46.0,SELFENQUIRY,1,35.0,LARGEBUSINESS,MALE,4,4.0,BASIC,3.0,MARRIED,6.0,0,3,1,3.0,EXECUTIVE,20810.0
203537,0,43.0,COMPANYINVITED,1,9.0,SALARIED,MALE,3,4.0,STANDARD,3.0,MARRIED,4.0,1,3,1,1.0,SENIORMANAGER,28802.0
203538,0,41.0,SELFENQUIRY,3,16.0,SMALLBUSINESS,MALE,3,4.0,DELUXE,5.0,MARRIED,2.0,0,3,1,2.0,MANAGER,24151.0
203539,0,34.0,SELFENQUIRY,1,35.0,SALARIED,MALE,4,4.0,DELUXE,3.0,MARRIED,3.0,1,1,1,1.0,MANAGER,23885.0
203541,0,25.0,SELFENQUIRY,1,28.0,LARGEBUSINESS,MALE,3,5.0,BASIC,5.0,MARRIED,2.0,0,3,0,1.0,EXECUTIVE,20974.0
203542,0,41.0,COMPANYINVITED,1,15.0,SALARIED,MALE,4,4.0,DELUXE,3.0,MARRIED,5.0,1,3,1,2.0,MANAGER,22747.0
203543,0,46.0,SELFENQUIRY,1,7.0,LARGEBUSINESS,MALE,4,4.0,STANDARD,4.0,MARRIED,3.0,0,3,1,2.0,SENIORMANAGER,26119.0
203544,0,36.0,SELFENQUIRY,3,35.0,SALARIED,FEMALE,4,5.0,BASIC,3.0,MARRIED,2.0,0,4,1,3.0,EXECUTIVE,21108.0
203545,0,33.0,SELFENQUIRY,1,12.0,SALARIED,FEMALE,4,5.0,DELUXE,4.0,MARRIED,5.0,0,3,1,1.0,MANAGER,24556.0
203546,0,37.0,SELFENQUIRY,3,9.0,SALARIED,MALE,4,4.0,BASIC,3.0,UNMARRIED,5.0,1,3,0,1.0,EXECUTIVE,21322.0
203547,0,49.0,SELFENQUIRY,3,23.0,SALARIED,FEMALE,4,4.0,DELUXE,3.0,MARRIED,2.0,0,4,1,1.0,MANAGER,25117.0
203548,0,30.0,SELFENQUIRY,1,16.0,SALARIED,MALE,4,2.0,BASIC,3.0,MARRIED,8.0,0,5,1,1.0,EXECUTIVE,21129.0
203549,0,34.0,SELFENQUIRY,3,15.0,SALARIED,MALE,3,4.0,DELUXE,5.0,MARRIED,4.0,0,5,1,1.0,MANAGER,25070.0
203550,1,31.0,SELFENQUIRY,3,7.0,SALARIED,MALE,4,5.0,DELUXE,5.0,MARRIED,3.0,0,4,1,2.0,MANAGER,28392.0
203551,0,39.0,COMPANYINVITED,2,17.0,SALARIED,MALE,4,4.0,DELUXE,3.0,MARRIED,5.0,0,3,0,3.0,MANAGER,24755.0
203552,0,36.0,SELFENQUIRY,1,7.0,SMALLBUSINESS,MALE,4,5.0,BASIC,5.0,SINGLE,3.0,0,1,0,3.0,EXECUTIVE,21128.0
203553,0,31.0,SELFENQUIRY,3,36.0,LARGEBUSINESS,MALE,3,4.0,STANDARD,4.0,MARRIED,5.0,0,4,0,2.0,SENIORMANAGER,27928.0
203554,1,36.0,SELFENQUIRY,1,9.0,SALARIED,FEMALE,4,4.0,BASIC,5.0,MARRIED,3.0,1,1,1,2.0,EXECUTIVE,20752.0
203555,1,54.0,SELFENQUIRY,1,9.0,LARGEBUSINESS,FEMALE,4,5.0,STANDARD,3.0,MARRIED,2.0,0,5,1,3.0,SENIORMANAGER,28847.0
203556,1,39.0,SELFENQUIRY,1,9.0,SMALLBUSINESS,MALE,3,4.0,DELUXE,4.0,MARRIED,6.0,0,4,0,1.0,MANAGER,23533.0
203557,0,33.0,COMPANYINVITED,1,7.0,LARGEBUSINESS,MALE,4,4.0,DELUXE,5.0,MARRIED,6.0,0,4,1,3.0,MANAGER,22765.0
203558,0,49.0,SELFENQUIRY,1,22.0,SALARIED,FEMALE,4,4.0,BASIC,5.0,MARRIED,2.0,0,1,1,1.0,EXECUTIVE,21045.0
203559,0,35.0,SELFENQUIRY,1,14.0,SMALLBUSINESS,MALE,3,4.0,BASIC,3.0,UNMARRIED,3.0,0,1,0,2.0,EXECUTIVE,21650.0
203560,0,56.0,SELFENQUIRY,3,33.0,SMALLBUSINESS,MALE,3,5.0,KING,3.0,MARRIED,3.0,0,3,1,2.0,VP,38264.0
203561,0,35.0,SELFENQUIRY,1,7.0,SALARIED,MALE,3,4.0,DELUXE,3.0,MARRIED,2.0,0,4,1,1.0,MANAGER,24162.0
203562,0,27.0,SELFENQUIRY,1,10.0,SALARIED,FEMALE,3,4.0,BASIC,3.0,MARRIED,3.0,0,3,1,2.0,EXECUTIVE,20739.0
203563,0,39.0,SELFENQUIRY,3,21.0,SALARIED,MALE,4,4.0,DELUXE,4.0,MARRIED,2.0,0,5,1,3.0,MANAGER,28602.0
203564,0,39.0,SELFENQUIRY,3,23.0,SALARIED,FEMALE,3,4.0,DELUXE,4.0,UNMARRIED,4.0,0,1,0,1.0,MANAGER,22876.0
203565,0,37.0,SELFENQUIRY,3,7.0,SALARIED,FEMALE,4,4.0,DELUXE,3.0,UNMARRIED,8.0,0,1,1,2.0,MANAGER,25493.0
203566,0,30.0,SELFENQUIRY,1,10.0,SMALLBUSINESS,MALE,3,4.0,BASIC,5.0,UNMARRIED,3.0,1,3,0,2.0,EXECUTIVE,23401.0
203567,0,36.0,SELFENQUIRY,1,17.0,SMALLBUSINESS,FEMALE,3,4.0,DELUXE,3.0,UNMARRIED,5.0,1,1,1,1.0,MANAGER,24820.0
203568,0,40.0,SELFENQUIRY,3,13.0,SMALLBUSINESS,MALE,3,2.0,STANDARD,3.0,MARRIED,4.0,0,4,1,2.0,SENIORMANAGER,26915.0
203569,0,30.0,COMPANYINVITED,1,9.0,SALARIED,MALE,3,4.0,DELUXE,3.0,MARRIED,3.0,0,3,0,1.0,MANAGER,27531.0
203571,0,24.0,SELFENQUIRY,1,17.0,LARGEBUSINESS,MALE,3,2.0,BASIC,3.0,MARRIED,4.0,0,1,1,1.0,EXECUTIVE,20751.0
203572,0,37.0,COMPANYINVITED,1,13.0,SALARIED,MALE,4,2.0,DELUXE,5.0,MARRIED,5.0,1,4,1,2.0,MANAGER,24240.0
203573,0,43.0,SELFENQUIRY,1,16.0,SALARIED,MALE,4,5.0,KING,3.0,SINGLE,2.0,0,1,1,2.0,VP,38291.0
203574,0,36.0,SELFENQUIRY,1,35.0,SALARIED,MALE,3,2.0,DELUXE,3.0,MARRIED,3.0,0,5,1,1.0,MANAGER,22085.0
203575,0,35.0,COMPANYINVITED,1,17.0,LARGEBUSINESS,MALE,4,5.0,DELUXE,3.0,MARRIED,3.0,0,4,1,2.0,MANAGER,23741.0
203576,0,41.0,SELFENQUIRY,3,21.0,SALARIED,FEMALE,3,4.0,DELUXE,5.0,MARRIED,3.0,0,3,0,2.0,MANAGER,23317.0
203577,0,44.0,SELFENQUIRY,1,34.0,LARGEBUSINESS,MALE,3,2.0,BASIC,4.0,MARRIED,7.0,0,5,1,2.0,EXECUTIVE,23554.0
203578,0,36.0,SELFENQUIRY,1,14.0,SALARIED,MALE,4,5.0,BASIC,3.0,MARRIED,3.0,0,3,1,1.0,EXECUTIVE,21368.0
203580,1,29.0,SELFENQUIRY,1,31.0,SMALLBUSINESS,MALE,3,4.0,BASIC,4.0,MARRIED,3.0,1,1,0,1.0,EXECUTIVE,21086.0
203581,0,23.0,COMPANYINVITED,1,33.0,SALARIED,FEMALE,3,5.0,BASIC,3.0,MARRIED,3.0,1,3,0,1.0,EXECUTIVE,21492.0
203582,0,51.0,COMPANYINVITED,1,27.0,SMALLBUSINESS,MALE,3,4.0,SUPERDELUXE,3.0,MARRIED,4.0,1,4,1,2.0,AVP,29923.0
203583,0,33.0,SELFENQUIRY,1,12.0,SALARIED,FEMALE,3,2.0,BASIC,3.0,MARRIED,5.0,0,5,1,2.0,EXECUTIVE,21990.0
203585,0,31.0,SELFENQUIRY,1,14.0,SMALLBUSINESS,MALE,3,5.0,BASIC,4.0,MARRIED,3.0,0,5,0,1.0,EXECUTIVE,20819.0
203586,0,46.0,SELFENQUIRY,1,12.0,SMALLBUSINESS,FEMALE,3,6.0,DELUXE,5.0,UNMARRIED,3.0,1,3,1,1.0,MANAGER,24447.0
203587,0,46.0,COMPANYINVITED,3,33.0,SMALLBUSINESS,MALE,3,5.0,DELUXE,5.0,MARRIED,3.0,0,3,0,1.0,MANAGER,23063.0
203588,0,32.0,COMPANYINVITED,3,9.0,SALARIED,MALE,3,4.0,DELUXE,5.0,UNMARRIED,2.0,0,1,0,1.0,MANAGER,24010.0
203589,0,37.0,SELFENQUIRY,1,19.0,SALARIED,FEMALE,4,4.0,DELUXE,3.0,MARRIED,2.0,1,1,0,3.0,MANAGER,23341.0
203590,0,35.0,COMPANYINVITED,1,17.0,SALARIED,MALE,3,2.0,DELUXE,3.0,MARRIED,3.0,0,4,1,1.0,MANAGER,23402.0
203591,0,50.0,SELFENQUIRY,1,32.0,SALARIED,FEMALE,3,4.0,BASIC,5.0,MARRIED,3.0,0,3,0,1.0,EXECUTIVE,21889.0
203592,0,40.0,SELFENQUIRY,1,17.0,SMALLBUSINESS,MALE,4,4.0,DELUXE,5.0,MARRIED,4.0,0,5,1,3.0,MANAGER,24055.0
203593,0,28.0,SELFENQUIRY,1,26.0,SALARIED,MALE,4,5.0,BASIC,5.0,MARRIED,3.0,0,1,0,1.0,EXECUTIVE,22744.0
203594,0,36.0,SELFENQUIRY,1,25.0,SALARIED,MALE,3,2.0,DELUXE,5.0,MARRIED,3.0,0,3,0,2.0,MANAGER,23886.0
203595,0,29.0,SELFENQUIRY,1,34.0,SMALLBUSINESS,FEMALE,3,6.0,DELUXE,5.0,MARRIED,2.0,0,4,1,1.0,MANAGER,23886.0
203596,0,22.0,SELFENQUIRY,1,12.0,SMALLBUSINESS,MALE,4,4.0,BASIC,3.0,UNMARRIED,3.0,0,1,1,2.0,EXECUTIVE,21795.0
203597,1,19.0,COMPANYINVITED,3,10.0,SMALLBUSINESS,FEMALE,4,4.0,BASIC,3.0,SINGLE,3.0,1,5,0,2.0,EXECUTIVE,20247.0
203599,0,40.0,SELFENQUIRY,1,10.0,SMALLBUSINESS,MALE,4,5.0,DELUXE,3.0,MARRIED,2.0,0,4,0,3.0,MANAGER,21747.0
203600,0,41.0,SELFENQUIRY,1,22.0,SALARIED,FEMALE,4,5.0,STANDARD,3.0,MARRIED,3.0,0,1,1,2.0,SENIORMANAGER,29113.0
203601,0,36.0,COMPANYINVITED,1,15.0,SALARIED,FEMALE,3,4.0,DELUXE,3.0,MARRIED,3.0,0,5,1,2.0,MANAGER,22826.0
203602,0,38.0,SELFENQUIRY,1,26.0,SALARIED,MALE,3,4.0,DELUXE,3.0,MARRIED,5.0,0,1,0,1.0,MANAGER,24446.0
203603,0,40.0,COMPANYINVITED,1,11.0,SMALLBUSINESS,FEMALE,3,4.0,DELUXE,3.0,UNMARRIED,2.0,0,3,1,1.0,MANAGER,23720.0
203604,0,46.0,SELFENQUIRY,1,9.0,SALARIED,FEMALE,3,5.0,DELUXE,3.0,MARRIED,3.0,0,4,1,2.0,MANAGER,24448.0
203605,0,39.0,SELFENQUIRY,1,9.0,SMALLBUSINESS,FEMALE,3,5.0,STANDARD,3.0,MARRIED,5.0,1,5,1,2.0,SENIORMANAGER,26434.0
203606,1,36.0,SELFENQUIRY,3,17.0,SMALLBUSINESS,MALE,3,5.0,STANDARD,5.0,MARRIED,2.0,0,5,1,2.0,SENIORMANAGER,28984.0
203607,0,38.0,SELFENQUIRY,1,17.0,SMALLBUSINESS,FEMALE,4,4.0,BASIC,4.0,MARRIED,3.0,0,1,1,1.0,EXECUTIVE,22614.0
203608,0,41.0,SELFENQUIRY,1,23.0,SALARIED,FEMALE,3,4.0,STANDARD,3.0,UNMARRIED,8.0,1,4,1,1.0,SENIORMANAGER,26623.0
203609,0,45.0,COMPANYINVITED,2,7.0,SALARIED,MALE,3,4.0,DELUXE,3.0,MARRIED,6.0,1,5,1,2.0,MANAGER,24421.0
203610,0,49.0,COMPANYINVITED,1,11.0,SMALLBUSINESS,MALE,3,5.0,SUPERDELUXE,3.0,MARRIED,4.0,0,5,1,2.0,AVP,33880.0
203611,1,36.0,SELFENQUIRY,3,22.0,SMALLBUSINESS,MALE,3,6.0,DELUXE,3.0,MARRIED,8.0,1,1,1,2.0,MANAGER,24118.0
203612,0,25.0,COMPANYINVITED,1,9.0,LARGEBUSINESS,FEMALE,3,4.0,BASIC,3.0,UNMARRIED,3.0,1,3,1,2.0,EXECUTIVE,22438.0
203613,0,28.0,SELFENQUIRY,1,15.0,SMALLBUSINESS,FEMALE,3,2.0,BASIC,3.0,MARRIED,2.0,0,4,0,1.0,EXECUTIVE,22195.0
203614,0,28.0,COMPANYINVITED,1,9.0,SMALLBUSINESS,MALE,3,4.0,BASIC,3.0,SINGLE,4.0,0,3,0,2.0,EXECUTIVE,21258.0
203615,1,41.0,SELFENQUIRY,1,14.0,SALARIED,MALE,4,4.0,BASIC,5.0,SINGLE,5.0,1,3,0,2.0,EXECUTIVE,20844.0
203616,0,30.0,SELFENQUIRY,3,17.0,SMALLBUSINESS,MALE,3,5.0,DELUXE,3.0,UNMARRIED,2.0,0,4,1,1.0,MANAGER,24547.0
203617,0,37.0,SELFENQUIRY,1,12.0,SALARIED,FEMALE,3,4.0,STANDARD,5.0,MARRIED,6.0,0,4,1,2.0,SENIORMANAGER,26686.0
203618,0,26.0,COMPANYINVITED,1,9.0,SALARIED,MALE,4,2.0,DELUXE,3.0,MARRIED,3.0,0,1,0,2.0,MANAGER,23884.0
203619,0,40.0,SELFENQUIRY,1,19.0,SMALLBUSINESS,MALE,4,4.0,DELUXE,4.0,MARRIED,6.0,0,3,1,2.0,MANAGER,23973.0
203621,0,51.0,SELFENQUIRY,1,24.0,SALARIED,FEMALE,3,5.0,STANDARD,5.0,MARRIED,7.0,0,3,1,1.0,SENIORMANAGER,31947.0
203622,0,21.0,SELFENQUIRY,3,9.0,SMALLBUSINESS,FEMALE,3,4.0,BASIC,3.0,UNMARRIED,3.0,0,4,0,1.0,EXECUTIVE,21461.0
203623,0,35.0,SELFENQUIRY,1,10.0,SALARIED,FEMALE,4,4.0,DELUXE,4.0,MARRIED,3.0,0,5,1,3.0,MANAGER,24111.0
203624,0,37.0,SELFENQUIRY,1,14.0,SALARIED,MALE,4,4.0,BASIC,4.0,SINGLE,4.0,0,1,0,3.0,EXECUTIVE,20691.0
203625,0,50.0,SELFENQUIRY,1,13.0,SALARIED,FEMALE,3,5.0,SUPERDELUXE,3.0,MARRIED,4.0,1,5,1,1.0,AVP,32644.0
203626,0,37.0,COMPANYINVITED,1,7.0,SMALLBUSINESS,FEMALE,3,5.0,DELUXE,3.0,MARRIED,2.0,0,5,1,2.0,MANAGER,23052.0
203627,0,37.0,SELFENQUIRY,1,10.0,SALARIED,MALE,4,2.0,DELUXE,5.0,MARRIED,8.0,0,1,1,3.0,MANAGER,25520.0
203630,1,36.0,COMPANYINVITED,3,19.0,SALARIED,MALE,3,4.0,DELUXE,3.0,UNMARRIED,5.0,1,3,1,1.0,MANAGER,23259.0
203631,0,39.0,COMPANYINVITED,1,7.0,SALARIED,MALE,3,4.0,DELUXE,3.0,MARRIED,2.0,0,5,1,1.0,MANAGER,23413.0
203632,0,30.0,SELFENQUIRY,3,12.0,SMALLBUSINESS,MALE,3,5.0,DELUXE,4.0,MARRIED,3.0,1,5,0,1.0,MANAGER,22865.0
203633,0,34.0,SELFENQUIRY,3,9.0,SMALLBUSINESS,MALE,4,4.0,DELUXE,3.0,MARRIED,3.0,0,3,1,2.0,MANAGER,24183.0
203634,0,33.0,SELFENQUIRY,1,9.0,SMALLBUSINESS,MALE,3,4.0,DELUXE,4.0,MARRIED,2.0,0,4,0,2.0,MANAGER,24148.0
203635,0,32.0,SELFENQUIRY,3,12.0,SALARIED,FEMALE,4,4.0,DELUXE,3.0,MARRIED,3.0,0,1,0,3.0,MANAGER,24154.0
203636,0,50.0,SELFENQUIRY,1,23.0,SMALLBUSINESS,FEMALE,4,4.0,BASIC,5.0,MARRIED,6.0,1,1,1,2.0,EXECUTIVE,21265.0
203637,0,39.0,COMPANYINVITED,1,9.0,SMALLBUSINESS,FEMALE,3,5.0,BASIC,4.0,SINGLE,3.0,0,1,1,1.0,EXECUTIVE,21118.0
203639,0,50.0,SELFENQUIRY,1,7.0,SALARIED,MALE,3,4.0,SUPERDELUXE,3.0,SINGLE,6.0,0,3,1,1.0,AVP,34057.0
203640,0,42.0,SELFENQUIRY,3,30.0,SALARIED,MALE,4,4.0,STANDARD,3.0,UNMARRIED,5.0,1,3,0,3.0,SENIORMANAGER,25760.0
203641,0,21.0,SELFENQUIRY,3,16.0,SALARIED,MALE,3,4.0,BASIC,5.0,UNMARRIED,3.0,0,1,0,2.0,EXECUTIVE,21406.0
203642,0,34.0,COMPANYINVITED,3,23.0,SALARIED,FEMALE,3,4.0,DELUXE,3.0,MARRIED,3.0,1,1,0,1.0,MANAGER,24046.0
203643,0,37.0,SELFENQUIRY,1,33.0,SALARIED,MALE,4,4.0,DELUXE,3.0,MARRIED,8.0,0,3,1,1.0,MANAGER,24025.0
203644,0,45.0,SELFENQUIRY,2,7.0,SALARIED,FEMALE,3,4.0,BASIC,3.0,MARRIED,6.0,1,3,1,1.0,EXECUTIVE,21873.0
203645,1,24.0,SELFENQUIRY,1,15.0,SMALLBUSINESS,MALE,4,5.0,BASIC,3.0,UNMARRIED,3.0,1,4,1,3.0,EXECUTIVE,22667.0
203646,0,39.0,SELFENQUIRY,1,11.0,SMALLBUSINESS,FEMALE,3,4.0,BASIC,3.0,MARRIED,2.0,0,5,0,1.0,EXECUTIVE,21984.0
203647,0,54.0,SELFENQUIRY,1,31.0,SMALLBUSINESS,MALE,3,2.0,STANDARD,3.0,MARRIED,5.0,0,3,0,2.0,SENIORMANAGER,25683.0
203648,1,49.0,COMPANYINVITED,3,14.0,SMALLBUSINESS,FEMALE,4,4.0,BASIC,3.0,MARRIED,4.0,1,4,1,2.0,EXECUTIVE,21333.0
203649,1,33.0,SELFENQUIRY,1,9.0,SALARIED,MALE,4,4.0,BASIC,4.0,SINGLE,3.0,0,3,1,2.0,EXECUTIVE,20071.0
203650,0,27.0,COMPANYINVITED,1,14.0,SMALLBUSINESS,MALE,4,4.0,BASIC,3.0,SINGLE,3.0,0,4,1,3.0,EXECUTIVE,21248.0
203651,0,56.0,SELFENQUIRY,1,29.0,LARGEBUSINESS,MALE,4,5.0,BASIC,4.0,MARRIED,7.0,0,1,1,2.0,EXECUTIVE,22215.0
203652,0,35.0,SELFENQUIRY,1,12.0,SMALLBUSINESS,MALE,3,5.0,DELUXE,3.0,MARRIED,3.0,0,4,1,2.0,MANAGER,22664.0
203653,0,61.0,SELFENQUIRY,1,7.0,SMALLBUSINESS,MALE,4,6.0,STANDARD,3.0,MARRIED,5.0,0,5,0,1.0,SENIORMANAGER,29561.0
203654,0,34.0,SELFENQUIRY,1,28.0,SMALLBUSINESS,MALE,4,2.0,BASIC,4.0,MARRIED,3.0,0,1,1,2.0,EXECUTIVE,20706.0
203655,0,38.0,COMPANYINVITED,3,7.0,SMALLBUSINESS,MALE,3,6.0,DELUXE,3.0,MARRIED,3.0,0,1,0,2.0,MANAGER,28203.0
203656,0,35.0,SELFENQUIRY,1,26.0,SALARIED,FEMALE,3,5.0,BASIC,3.0,MARRIED,3.0,0,4,1,2.0,EXECUTIVE,21607.0
203657,1,24.0,SELFENQUIRY,3,14.0,SALARIED,MALE,3,4.0,BASIC,3.0,MARRIED,3.0,1,1,1,1.0,EXECUTIVE,20953.0
203658,0,45.0,SELFENQUIRY,1,9.0,SALARIED,FEMALE,4,2.0,STANDARD,3.0,MARRIED,3.0,1,4,1,1.0,SENIORMANAGER,26557.0
203659,0,36.0,COMPANYINVITED,1,9.0,SMALLBUSINESS,MALE,4,5.0,BASIC,3.0,UNMARRIED,2.0,1,3,1,1.0,EXECUTIVE,23608.0
203660,0,44.0,SELFENQUIRY,3,9.0,SMALLBUSINESS,MALE,4,4.0,DELUXE,3.0,MARRIED,3.0,1,3,0,1.0,MANAGER,26525.0
203661,0,25.0,SELFENQUIRY,1,16.0,SMALLBUSINESS,MALE,4,2.0,BASIC,3.0,MARRIED,3.0,0,1,0,1.0,EXECUTIVE,23079.0
203662,0,42.0,SELFENQUIRY,3,13.0,SMALLBUSINESS,MALE,3,4.0,STANDARD,3.0,UNMARRIED,3.0,0,5,1,1.0,SENIORMANAGER,27919.0
203663,0,30.0,SELFENQUIRY,1,16.0,SMALLBUSINESS,FEMALE,3,4.0,BASIC,3.0,MARRIED,2.0,0,5,1,2.0,EXECUTIVE,21652.0
203664,0,37.0,SELFENQUIRY,3,9.0,SALARIED,FEMALE,3,4.0,DELUXE,3.0,UNMARRIED,5.0,0,4,1,2.0,MANAGER,23180.0
203665,0,46.0,COMPANYINVITED,1,7.0,SALARIED,MALE,4,5.0,STANDARD,3.0,MARRIED,5.0,0,1,1,3.0,SENIORMANAGER,29426.0
203666,1,25.0,SELFENQUIRY,2,29.0,SALARIED,MALE,3,6.0,BASIC,3.0,MARRIED,3.0,0,1,0,2.0,EXECUTIVE,20233.0
203667,1,48.0,COMPANYINVITED,3,16.0,SALARIED,MALE,3,6.0,SUPERDELUXE,3.0,MARRIED,2.0,0,5,1,2.0,AVP,31614.0
203668,0,27.0,SELFENQUIRY,1,24.0,SMALLBUSINESS,MALE,4,6.0,BASIC,3.0,MARRIED,3.0,0,3,0,3.0,EXECUTIVE,20983.0
203670,0,33.0,COMPANYINVITED,1,17.0,SALARIED,MALE,3,4.0,BASIC,3.0,MARRIED,8.0,0,1,0,1.0,EXECUTIVE,22111.0
203671,0,32.0,SELFENQUIRY,1,9.0,SALARIED,MALE,4,4.0,BASIC,3.0,MARRIED,3.0,0,5,0,3.0,EXECUTIVE,22155.0
203672,0,42.0,COMPANYINVITED,2,11.0,SALARIED,MALE,3,6.0,DELUXE,4.0,MARRIED,8.0,0,5,0,2.0,MANAGER,25108.0
203673,0,41.0,SELFENQUIRY,1,15.0,SALARIED,FEMALE,4,4.0,DELUXE,5.0,MARRIED,4.0,1,1,0,1.0,MANAGER,25194.0
203674,0,25.0,SELFENQUIRY,1,36.0,SMALLBUSINESS,MALE,4,4.0,BASIC,5.0,MARRIED,3.0,0,4,1,2.0,EXECUTIVE,22585.0
203675,0,47.0,SELFENQUIRY,1,20.0,SALARIED,MALE,3,4.0,DELUXE,4.0,UNMARRIED,8.0,0,4,1,1.0,MANAGER,24240.0
203676,0,36.0,SELFENQUIRY,1,34.0,SALARIED,MALE,3,4.0,DELUXE,3.0,MARRIED,4.0,0,5,0,2.0,MANAGER,25561.0
203677,0,31.0,SELFENQUIRY,1,23.0,SALARIED,MALE,3,4.0,BASIC,3.0,MARRIED,3.0,0,1,0,1.0,EXECUTIVE,21540.0
203678,0,48.0,COMPANYINVITED,3,9.0,SMALLBUSINESS,MALE,3,4.0,DELUXE,4.0,MARRIED,2.0,0,1,0,2.0,MANAGER,23656.0
203679,0,47.0,SELFENQUIRY,3,9.0,SALARIED,MALE,4,4.0,STANDARD,3.0,MARRIED,6.0,1,3,0,3.0,SENIORMANAGER,29046.0
203680,1,37.0,SELFENQUIRY,3,20.0,SMALLBUSINESS,MALE,4,5.0,DELUXE,5.0,MARRIED,7.0,1,1,1,1.0,MANAGER,24812.0
203681,1,33.0,SELFENQUIRY,3,7.0,SALARIED,MALE,3,6.0,DELUXE,4.0,UNMARRIED,8.0,0,3,0,2.0,MANAGER,25413.0
203682,0,24.0,SELFENQUIRY,1,11.0,SMALLBUSINESS,FEMALE,3,4.0,BASIC,4.0,UNMARRIED,3.0,0,3,1,2.0,EXECUTIVE,21973.0
203683,0,32.0,COMPANYINVITED,1,31.0,LARGEBUSINESS,FEMALE,2,4.0,DELUXE,3.0,UNMARRIED,4.0,0,1,1,1.0,MANAGER,23916.0
203684,0,40.0,COMPANYINVITED,1,7.0,SALARIED,MALE,4,4.0,DELUXE,3.0,MARRIED,3.0,1,5,1,3.0,MANAGER,25150.0
203685,0,33.0,SELFENQUIRY,3,26.0,SALARIED,MALE,4,6.0,STANDARD,3.0,MARRIED,5.0,0,3,1,3.0,SENIORMANAGER,28288.0
203687,0,46.0,SELFENQUIRY,2,11.0,SALARIED,FEMALE,3,6.0,STANDARD,3.0,MARRIED,6.0,0,1,1,2.0,SENIORMANAGER,28434.0
203688,0,31.0,COMPANYINVITED,1,9.0,LARGEBUSINESS,FEMALE,4,5.0,BASIC,5.0,UNMARRIED,2.0,0,3,0,2.0,EXECUTIVE,23646.0
203689,0,25.0,COMPANYINVITED,2,17.0,SMALLBUSINESS,MALE,3,4.0,BASIC,3.0,MARRIED,2.0,0,4,1,2.0,EXECUTIVE,20823.0
203690,1,31.0,COMPANYINVITED,2,15.0,SALARIED,FEMALE,4,5.0,BASIC,3.0,MARRIED,8.0,0,5,1,3.0,EXECUTIVE,20858.0
203691,0,32.0,SELFENQUIRY,3,12.0,LARGEBUSINESS,MALE,3,4.0,DELUXE,3.0,MARRIED,3.0,0,5,0,2.0,MANAGER,27024.0
203692,0,28.0,SELFENQUIRY,1,15.0,SMALLBUSINESS,FEMALE,4,4.0,BASIC,3.0,UNMARRIED,3.0,0,4,1,3.0,EXECUTIVE,22123.0
203693,1,30.0,SELFENQUIRY,3,16.0,SMALLBUSINESS,FEMALE,3,6.0,BASIC,4.0,UNMARRIED,3.0,0,1,1,2.0,EXECUTIVE,21438.0
203694,0,30.0,COMPANYINVITED,1,7.0,SALARIED,MALE,4,2.0,DELUXE,3.0,UNMARRIED,2.0,1,3,0,2.0,MANAGER,24972.0
203695,0,31.0,SELFENQUIRY,3,22.0,SMALLBUSINESS,MALE,4,5.0,STANDARD,5.0,MARRIED,4.0,0,1,0,3.0,SENIORMANAGER,25818.0
203696,0,35.0,SELFENQUIRY,1,9.0,SMALLBUSINESS,MALE,4,2.0,BASIC,3.0,MARRIED,2.0,1,1,0,2.0,EXECUTIVE,21610.0
203697,0,34.0,COMPANYINVITED,3,9.0,SMALLBUSINESS,FEMALE,4,4.0,DELUXE,4.0,UNMARRIED,2.0,0,1,0,1.0,MANAGER,23825.0
203698,0,50.0,SELFENQUIRY,3,18.0,SMALLBUSINESS,FEMALE,4,4.0,DELUXE,3.0,UNMARRIED,5.0,0,4,0,2.0,MANAGER,23185.0
203699,1,34.0,SELFENQUIRY,3,23.0,SALARIED,FEMALE,4,4.0,STANDARD,5.0,UNMARRIED,4.0,1,5,0,1.0,SENIORMANAGER,27242.0
203700,0,39.0,COMPANYINVITED,1,9.0,SMALLBUSINESS,FEMALE,4,5.0,BASIC,4.0,MARRIED,6.0,0,3,0,1.0,EXECUTIVE,21146.0
203701,1,32.0,SELFENQUIRY,3,23.0,SMALLBUSINESS,MALE,4,4.0,STANDARD,3.0,MARRIED,4.0,0,5,1,1.0,SENIORMANAGER,26839.0
203702,0,30.0,SELFENQUIRY,1,11.0,LARGEBUSINESS,FEMALE,4,5.0,BASIC,5.0,MARRIED,3.0,0,4,0,1.0,EXECUTIVE,20787.0
203703,0,31.0,SELFENQUIRY,1,23.0,SALARIED,MALE,3,2.0,DELUXE,3.0,MARRIED,5.0,0,1,1,1.0,MANAGER,23972.0
203704,0,33.0,COMPANYINVITED,1,12.0,LARGEBUSINESS,MALE,4,4.0,BASIC,4.0,UNMARRIED,4.0,0,3,1,2.0,EXECUTIVE,21396.0
203705,0,39.0,SELFENQUIRY,1,25.0,SMALLBUSINESS,MALE,3,6.0,DELUXE,3.0,MARRIED,5.0,1,5,0,2.0,MANAGER,24489.0
203706,1,44.0,COMPANYINVITED,1,24.0,LARGEBUSINESS,MALE,3,5.0,BASIC,3.0,MARRIED,2.0,1,5,1,2.0,EXECUTIVE,21115.0
203707,0,43.0,SELFENQUIRY,1,19.0,SMALLBUSINESS,MALE,3,4.0,BASIC,4.0,MARRIED,2.0,0,1,1,2.0,EXECUTIVE,21444.0
203709,0,34.0,COMPANYINVITED,1,11.0,LARGEBUSINESS,MALE,3,4.0,DELUXE,4.0,MARRIED,7.0,0,1,0,1.0,MANAGER,21733.0
203710,0,42.0,SELFENQUIRY,1,16.0,SALARIED,MALE,4,4.0,BASIC,5.0,MARRIED,3.0,0,5,1,2.0,EXECUTIVE,20967.0
203711,0,35.0,COMPANYINVITED,3,17.0,SALARIED,MALE,3,4.0,DELUXE,3.0,MARRIED,3.0,1,1,1,2.0,MANAGER,22679.0
203712,0,54.0,COMPANYINVITED,1,7.0,SMALLBUSINESS,FEMALE,3,5.0,SUPERDELUXE,3.0,MARRIED,6.0,1,1,0,1.0,AVP,31643.0
203713,0,44.0,SELFENQUIRY,2,9.0,SALARIED,MALE,4,4.0,BASIC,3.0,UNMARRIED,2.0,0,1,0,1.0,EXECUTIVE,22217.0
203714,0,35.0,SELFENQUIRY,3,10.0,SALARIED,FEMALE,3,6.0,DELUXE,3.0,UNMARRIED,7.0,0,1,1,1.0,MANAGER,24707.0
203715,1,22.0,SELFENQUIRY,3,14.0,SMALLBUSINESS,MALE,3,4.0,BASIC,4.0,UNMARRIED,3.0,0,5,1,2.0,EXECUTIVE,21357.0
203716,0,39.0,SELFENQUIRY,1,13.0,SALARIED,FEMALE,3,5.0,BASIC,3.0,MARRIED,3.0,0,3,0,2.0,EXECUTIVE,22380.0
203717,1,23.0,SELFENQUIRY,1,15.0,SMALLBUSINESS,FEMALE,4,4.0,BASIC,5.0,MARRIED,3.0,1,3,0,2.0,EXECUTIVE,21076.0
203718,0,32.0,SELFENQUIRY,3,36.0,SMALLBUSINESS,FEMALE,4,5.0,DELUXE,3.0,MARRIED,3.0,0,3,1,1.0,MANAGER,24146.0
203719,0,52.0,SELFENQUIRY,1,10.0,LARGEBUSINESS,FEMALE,3,4.0,STANDARD,3.0,MARRIED,4.0,0,4,1,2.0,SENIORMANAGER,31794.0
203720,0,38.0,SELFENQUIRY,3,16.0,SMALLBUSINESS,MALE,3,5.0,DELUXE,4.0,MARRIED,3.0,0,4,0,2.0,MANAGER,22867.0
203722,0,37.0,SELFENQUIRY,1,17.0,SALARIED,MALE,3,4.0,STANDARD,5.0,MARRIED,2.0,1,5,1,2.0,SENIORMANAGER,26999.0
203723,1,45.0,COMPANYINVITED,1,7.0,SMALLBUSINESS,MALE,3,4.0,BASIC,4.0,MARRIED,3.0,1,3,1,2.0,EXECUTIVE,21020.0
203724,0,38.0,SELFENQUIRY,2,15.0,SALARIED,MALE,3,4.0,DELUXE,4.0,MARRIED,4.0,0,3,1,2.0,MANAGER,22749.0
203725,1,36.0,SELFENQUIRY,3,34.0,SALARIED,MALE,3,4.0,DELUXE,3.0,UNMARRIED,3.0,1,5,0,1.0,MANAGER,24491.0
203726,0,34.0,SELFENQUIRY,1,15.0,SALARIED,MALE,3,2.0,BASIC,5.0,MARRIED,8.0,0,3,1,2.0,EXECUTIVE,21821.0
203727,0,29.0,SELFENQUIRY,1,7.0,SALARIED,MALE,3,4.0,BASIC,3.0,MARRIED,3.0,0,1,0,1.0,EXECUTIVE,20722.0
203728,0,40.0,SELFENQUIRY,1,17.0,SMALLBUSINESS,MALE,4,4.0,STANDARD,3.0,SINGLE,2.0,0,3,1,1.0,SENIORMANAGER,32142.0
203729,0,47.0,COMPANYINVITED,3,33.0,SALARIED,MALE,4,5.0,DELUXE,4.0,UNMARRIED,2.0,0,4,1,3.0,MANAGER,26669.0
203730,0,41.0,SELFENQUIRY,1,9.0,SALARIED,FEMALE,3,4.0,BASIC,5.0,MARRIED,6.0,0,4,1,2.0,EXECUTIVE,22055.0
203731,0,43.0,SELFENQUIRY,1,20.0,SMALLBUSINESS,MALE,4,2.0,DELUXE,5.0,MARRIED,7.0,0,4,1,1.0,MANAGER,24216.0
203732,0,36.0,COMPANYINVITED,1,9.0,SMALLBUSINESS,MALE,3,4.0,DELUXE,3.0,MARRIED,4.0,0,3,0,2.0,MANAGER,24440.0
203733,0,39.0,COMPANYINVITED,2,9.0,SALARIED,MALE,4,4.0,BASIC,4.0,MARRIED,7.0,0,3,1,3.0,EXECUTIVE,21270.0
203734,1,35.0,COMPANYINVITED,1,16.0,SALARIED,MALE,4,4.0,DELUXE,5.0,MARRIED,6.0,0,3,0,2.0,MANAGER,24024.0
203735,1,38.0,SELFENQUIRY,1,17.0,SMALLBUSINESS,MALE,3,4.0,DELUXE,5.0,UNMARRIED,3.0,0,4,0,1.0,MANAGER,22891.0
203736,0,40.0,COMPANYINVITED,3,27.0,SALARIED,MALE,3,4.0,DELUXE,3.0,MARRIED,4.0,0,3,1,1.0,MANAGER,22805.0
203737,0,44.0,COMPANYINVITED,1,16.0,SALARIED,MALE,3,4.0,BASIC,3.0,SINGLE,6.0,0,3,0,2.0,EXECUTIVE,21116.0
203738,0,42.0,SELFENQUIRY,1,12.0,SALARIED,MALE,3,2.0,DELUXE,4.0,UNMARRIED,5.0,0,5,1,1.0,MANAGER,25548.0
203739,0,42.0,SELFENQUIRY,3,11.0,SMALLBUSINESS,FEMALE,3,4.0,STANDARD,3.0,MARRIED,2.0,1,1,0,2.0,SENIORMANAGER,29125.0
203740,0,31.0,SELFENQUIRY,1,17.0,SMALLBUSINESS,FEMALE,4,4.0,STANDARD,3.0,UNMARRIED,2.0,0,4,0,1.0,SENIORMANAGER,28345.0
203741,1,27.0,SELFENQUIRY,2,27.0,SMALLBUSINESS,FEMALE,4,4.0,BASIC,4.0,MARRIED,2.0,1,3,0,2.0,EXECUTIVE,20826.0
203742,1,47.0,SELFENQUIRY,1,28.0,SMALLBUSINESS,FEMALE,4,4.0,DELUXE,4.0,MARRIED,6.0,0,3,1,3.0,MANAGER,27604.0
203743,0,41.0,SELFENQUIRY,1,7.0,SALARIED,FEMALE,3,4.0,DELUXE,3.0,MARRIED,6.0,0,3,0,2.0,MANAGER,25191.0
203744,0,35.0,SELFENQUIRY,3,15.0,LARGEBUSINESS,MALE,4,2.0,DELUXE,3.0,MARRIED,3.0,0,1,0,3.0,MANAGER,25477.0
203745,0,59.0,COMPANYINVITED,3,9.0,SMALLBUSINESS,MALE,3,4.0,SUPERDELUXE,4.0,MARRIED,6.0,0,4,1,1.0,AVP,21383.0
203746,0,36.0,SELFENQUIRY,1,30.0,SMALLBUSINESS,MALE,4,6.0,BASIC,3.0,MARRIED,2.0,0,1,1,1.0,EXECUTIVE,21383.0
203747,0,48.0,SELFENQUIRY,1,11.0,SALARIED,FEMALE,4,5.0,STANDARD,4.0,MARRIED,2.0,1,4,1,3.0,SENIORMANAGER,29011.0
203748,0,41.0,SELFENQUIRY,1,19.0,SALARIED,FEMALE,3,4.0,DELUXE,5.0,MARRIED,4.0,0,1,1,2.0,MANAGER,23126.0
203749,0,55.0,SELFENQUIRY,1,14.0,SMALLBUSINESS,FEMALE,4,4.0,DELUXE,3.0,MARRIED,6.0,0,3,1,2.0,MANAGER,25532.0
203750,0,32.0,COMPANYINVITED,3,14.0,SMALLBUSINESS,FEMALE,4,4.0,STANDARD,5.0,MARRIED,4.0,0,1,1,3.0,SENIORMANAGER,28315.0
203751,0,29.0,SELFENQUIRY,1,7.0,SMALLBUSINESS,FEMALE,4,4.0,BASIC,5.0,MARRIED,3.0,0,1,1,1.0,EXECUTIVE,22269.0
203752,0,39.0,SELFENQUIRY,3,9.0,SMALLBUSINESS,FEMALE,4,6.0,DELUXE,3.0,MARRIED,4.0,1,3,0,1.0,MANAGER,24083.0
203753,0,27.0,SELFENQUIRY,3,17.0,SMALLBUSINESS,MALE,3,4.0,DELUXE,3.0,UNMARRIED,3.0,0,1,0,1.0,MANAGER,23362.0
203754,0,59.0,COMPANYINVITED,1,22.0,SALARIED,MALE,3,4.0,SUPERDELUXE,3.0,MARRIED,4.0,1,1,1,1.0,AVP,34465.0
203755,0,19.0,COMPANYINVITED,1,21.0,SMALLBUSINESS,FEMALE,3,4.0,BASIC,3.0,SINGLE,3.0,0,5,1,1.0,EXECUTIVE,20192.0
203756,1,32.0,SELFENQUIRY,2,25.0,SALARIED,MALE,3,2.0,BASIC,5.0,MARRIED,2.0,0,1,1,1.0,EXECUTIVE,21634.0
203757,1,30.0,SELFENQUIRY,2,20.0,SALARIED,MALE,3,5.0,BASIC,5.0,MARRIED,6.0,1,5,1,2.0,EXECUTIVE,21013.0
203758,0,46.0,COMPANYINVITED,3,9.0,SALARIED,FEMALE,4,4.0,DELUXE,3.0,MARRIED,6.0,0,1,1,3.0,MANAGER,23832.0
203759,0,37.0,SELFENQUIRY,1,9.0,SALARIED,FEMALE,4,4.0,DELUXE,4.0,MARRIED,6.0,1,4,0,1.0,MANAGER,25640.0
203760,0,44.0,COMPANYINVITED,3,9.0,SALARIED,MALE,4,4.0,DELUXE,3.0,MARRIED,3.0,0,3,1,3.0,MANAGER,24353.0
203761,0,28.0,COMPANYINVITED,1,12.0,SALARIED,FEMALE,3,4.0,BASIC,3.0,SINGLE,2.0,1,1,1,2.0,EXECUTIVE,21057.0
203762,0,30.0,COMPANYINVITED,1,27.0,SMALLBUSINESS,MALE,3,4.0,BASIC,3.0,MARRIED,3.0,0,3,1,2.0,EXECUTIVE,22490.0
203763,0,33.0,COMPANYINVITED,3,17.0,SMALLBUSINESS,MALE,4,4.0,DELUXE,3.0,UNMARRIED,2.0,0,3,1,2.0,MANAGER,23326.0
203764,0,43.0,COMPANYINVITED,1,17.0,LARGEBUSINESS,MALE,3,4.0,BASIC,3.0,MARRIED,5.0,0,4,1,1.0,EXECUTIVE,21614.0
203765,0,48.0,SELFENQUIRY,1,16.0,SALARIED,FEMALE,4,4.0,BASIC,3.0,SINGLE,6.0,0,3,1,1.0,EXECUTIVE,20783.0
203766,0,47.0,SELFENQUIRY,1,9.0,SALARIED,MALE,3,4.0,STANDARD,3.0,MARRIED,5.0,0,1,1,2.0,SENIORMANAGER,27256.0
203767,0,29.0,COMPANYINVITED,2,7.0,SALARIED,MALE,3,4.0,BASIC,3.0,MARRIED,3.0,0,4,0,2.0,EXECUTIVE,21384.0
203768,0,30.0,SELFENQUIRY,1,36.0,SALARIED,MALE,4,6.0,DELUXE,3.0,MARRIED,2.0,0,5,1,3.0,MANAGER,25062.0
203769,0,43.0,SELFENQUIRY,1,15.0,SALARIED,MALE,3,4.0,BASIC,3.0,UNMARRIED,6.0,0,1,1,2.0,EXECUTIVE,22646.0
203770,1,33.0,SELFENQUIRY,3,9.0,SMALLBUSINESS,MALE,3,5.0,DELUXE,4.0,SINGLE,2.0,1,1,1,1.0,MANAGER,28585.0
203771,0,47.0,SELFENQUIRY,3,10.0,LARGEBUSINESS,FEMALE,3,2.0,SUPERDELUXE,5.0,MARRIED,4.0,0,3,1,1.0,AVP,31903.0
203772,0,28.0,SELFENQUIRY,3,30.0,SMALLBUSINESS,FEMALE,3,5.0,DELUXE,3.0,MARRIED,3.0,0,1,1,2.0,MANAGER,22218.0
203773,0,30.0,SELFENQUIRY,2,13.0,SMALLBUSINESS,MALE,3,5.0,BASIC,4.0,MARRIED,3.0,0,3,1,2.0,EXECUTIVE,21482.0
203776,1,30.0,COMPANYINVITED,1,31.0,SALARIED,MALE,4,5.0,BASIC,3.0,SINGLE,3.0,1,3,1,3.0,EXECUTIVE,21117.0
203777,1,47.0,SELFENQUIRY,3,17.0,SALARIED,FEMALE,4,4.0,STANDARD,4.0,MARRIED,7.0,0,1,0,3.0,SENIORMANAGER,25992.0
203778,0,28.0,COMPANYINVITED,1,22.0,SALARIED,FEMALE,4,5.0,BASIC,5.0,MARRIED,2.0,0,4,1,1.0,EXECUTIVE,23452.0
203779,0,40.0,SELFENQUIRY,1,26.0,SALARIED,MALE,3,4.0,DELUXE,3.0,MARRIED,2.0,0,5,1,1.0,MANAGER,22580.0
203780,0,56.0,SELFENQUIRY,1,9.0,LARGEBUSINESS,MALE,4,5.0,BASIC,3.0,MARRIED,2.0,0,5,0,1.0,EXECUTIVE,21340.0
203781,0,29.0,SELFENQUIRY,3,10.0,SMALLBUSINESS,FEMALE,4,4.0,BASIC,4.0,MARRIED,3.0,0,1,1,1.0,EXECUTIVE,21534.0
203783,1,23.0,SELFENQUIRY,1,14.0,SALARIED,MALE,4,4.0,BASIC,4.0,SINGLE,3.0,1,3,1,1.0,EXECUTIVE,21150.0
203784,0,37.0,SELFENQUIRY,3,17.0,LARGEBUSINESS,FEMALE,4,5.0,DELUXE,3.0,MARRIED,3.0,1,1,1,3.0,MANAGER,24351.0
203785,0,32.0,SELFENQUIRY,1,27.0,SALARIED,MALE,3,4.0,DELUXE,3.0,MARRIED,3.0,0,5,0,1.0,MANAGER,22875.0
203786,0,35.0,SELFENQUIRY,3,11.0,SALARIED,MALE,4,4.0,STANDARD,3.0,MARRIED,4.0,1,4,0,3.0,SENIORMANAGER,28391.0
203787,0,30.0,SELFENQUIRY,1,14.0,SALARIED,MALE,3,4.0,BASIC,5.0,SINGLE,5.0,0,4,0,1.0,EXECUTIVE,20740.0
203788,0,38.0,SELFENQUIRY,1,14.0,SMALLBUSINESS,MALE,4,4.0,DELUXE,5.0,MARRIED,7.0,1,3,0,1.0,MANAGER,22962.0
203789,0,36.0,SELFENQUIRY,1,23.0,SALARIED,FEMALE,3,5.0,DELUXE,4.0,MARRIED,2.0,1,1,1,2.0,MANAGER,23466.0
203790,0,46.0,SELFENQUIRY,1,32.0,SALARIED,FEMALE,4,5.0,DELUXE,3.0,MARRIED,2.0,0,4,0,1.0,MANAGER,24584.0
203791,0,37.0,COMPANYINVITED,2,9.0,SALARIED,MALE,4,5.0,DELUXE,3.0,UNMARRIED,3.0,0,3,1,1.0,MANAGER,22564.0
203793,0,27.0,SELFENQUIRY,1,7.0,SALARIED,FEMALE,3,5.0,BASIC,3.0,MARRIED,3.0,1,4,0,1.0,EXECUTIVE,21611.0
203794,0,28.0,SELFENQUIRY,3,9.0,SMALLBUSINESS,FEMALE,3,2.0,DELUXE,3.0,UNMARRIED,2.0,0,1,0,2.0,MANAGER,25178.0
203796,0,45.0,SELFENQUIRY,1,7.0,SALARIED,MALE,4,2.0,DELUXE,5.0,MARRIED,4.0,0,3,1,3.0,MANAGER,23711.0
203797,1,35.0,COMPANYINVITED,1,23.0,LARGEBUSINESS,MALE,3,6.0,BASIC,5.0,MARRIED,3.0,1,3,1,1.0,EXECUTIVE,20985.0
203798,1,57.0,SELFENQUIRY,1,31.0,SALARIED,MALE,4,4.0,BASIC,3.0,SINGLE,3.0,0,3,0,1.0,EXECUTIVE,21265.0
203799,0,37.0,SELFENQUIRY,3,24.0,SMALLBUSINESS,MALE,3,5.0,DELUXE,4.0,MARRIED,4.0,0,4,1,1.0,MANAGER,24185.0
203800,0,42.0,SELFENQUIRY,3,15.0,SMALLBUSINESS,FEMALE,3,4.0,DELUXE,4.0,MARRIED,7.0,0,3,1,2.0,MANAGER,23071.0
203801,0,43.0,SELFENQUIRY,1,13.0,SMALLBUSINESS,MALE,3,4.0,STANDARD,5.0,MARRIED,2.0,0,3,1,1.0,SENIORMANAGER,32026.0
203802,0,32.0,SELFENQUIRY,3,17.0,SMALLBUSINESS,FEMALE,3,4.0,DELUXE,3.0,MARRIED,4.0,1,1,0,1.0,MANAGER,25261.0
203803,0,35.0,SELFENQUIRY,3,10.0,SMALLBUSINESS,FEMALE,4,5.0,DELUXE,3.0,MARRIED,5.0,1,3,0,1.0,MANAGER,26781.0
203804,0,32.0,SELFENQUIRY,1,11.0,SMALLBUSINESS,FEMALE,4,2.0,BASIC,3.0,MARRIED,2.0,0,5,1,3.0,EXECUTIVE,22656.0
203805,0,27.0,COMPANYINVITED,1,13.0,SALARIED,MALE,4,2.0,BASIC,3.0,MARRIED,2.0,0,4,1,2.0,EXECUTIVE,21222.0
203806,0,46.0,COMPANYINVITED,1,7.0,SMALLBUSINESS,MALE,3,4.0,DELUXE,3.0,UNMARRIED,6.0,0,1,1,2.0,MANAGER,24077.0
203807,0,34.0,SELFENQUIRY,3,17.0,SMALLBUSINESS,MALE,3,4.0,DELUXE,3.0,UNMARRIED,3.0,0,1,0,1.0,MANAGER,24165.0
203808,0,29.0,COMPANYINVITED,3,7.0,SALARIED,MALE,3,5.0,DELUXE,3.0,MARRIED,3.0,1,1,0,1.0,MANAGER,25512.0
203810,0,40.0,COMPANYINVITED,3,28.0,SALARIED,FEMALE,3,6.0,DELUXE,3.0,MARRIED,8.0,0,5,0,1.0,MANAGER,24414.0
203811,0,28.0,SELFENQUIRY,1,9.0,LARGEBUSINESS,MALE,3,4.0,BASIC,4.0,MARRIED,3.0,0,4,1,2.0,EXECUTIVE,20904.0
203812,0,35.0,COMPANYINVITED,1,29.0,SALARIED,MALE,3,5.0,DELUXE,3.0,MARRIED,3.0,1,1,1,1.0,MANAGER,24425.0
203813,1,29.0,SELFENQUIRY,3,20.0,SMALLBUSINESS,FEMALE,3,4.0,DELUXE,3.0,UNMARRIED,5.0,1,5,1,2.0,MANAGER,28532.0
203814,0,48.0,COMPANYINVITED,1,21.0,LARGEBUSINESS,MALE,4,4.0,DELUXE,4.0,MARRIED,2.0,0,3,0,3.0,MANAGER,24145.0
203815,0,57.0,SELFENQUIRY,3,18.0,SMALLBUSINESS,FEMALE,3,5.0,DELUXE,5.0,MARRIED,6.0,0,5,0,2.0,MANAGER,24058.0
203816,0,40.0,SELFENQUIRY,1,16.0,SMALLBUSINESS,MALE,3,4.0,DELUXE,5.0,MARRIED,3.0,0,4,1,1.0,MANAGER,23829.0
203817,0,39.0,COMPANYINVITED,1,15.0,SMALLBUSINESS,FEMALE,3,5.0,DELUXE,4.0,MARRIED,3.0,1,1,1,1.0,MANAGER,20811.0
203819,1,33.0,COMPANYINVITED,1,12.0,SALARIED,FEMALE,3,2.0,BASIC,3.0,SINGLE,5.0,1,1,0,2.0,EXECUTIVE,21110.0
203820,0,39.0,SELFENQUIRY,1,16.0,SALARIED,MALE,4,4.0,BASIC,3.0,MARRIED,4.0,0,1,1,2.0,EXECUTIVE,23449.0
203822,0,43.0,SELFENQUIRY,3,19.0,SMALLBUSINESS,MALE,4,4.0,DELUXE,3.0,MARRIED,5.0,1,1,0,1.0,MANAGER,23765.0
203823,1,28.0,COMPANYINVITED,2,29.0,SALARIED,FEMALE,3,5.0,BASIC,4.0,MARRIED,3.0,0,1,1,1.0,EXECUTIVE,21541.0
203824,0,36.0,SELFENQUIRY,3,25.0,SMALLBUSINESS,MALE,4,4.0,DELUXE,5.0,MARRIED,2.0,0,3,0,1.0,MANAGER,20822.0
203825,0,29.0,COMPANYINVITED,1,23.0,SMALLBUSINESS,MALE,3,4.0,BASIC,3.0,SINGLE,3.0,0,3,0,1.0,EXECUTIVE,20822.0
203826,0,32.0,COMPANYINVITED,1,10.0,SMALLBUSINESS,MALE,3,4.0,BASIC,5.0,MARRIED,3.0,1,1,0,1.0,EXECUTIVE,21743.0
203827,0,37.0,COMPANYINVITED,1,16.0,SALARIED,MALE,4,2.0,BASIC,4.0,MARRIED,3.0,0,5,1,1.0,EXECUTIVE,21488.0
203828,0,35.0,SELFENQUIRY,3,7.0,SMALLBUSINESS,MALE,3,4.0,STANDARD,3.0,UNMARRIED,3.0,0,5,1,1.0,SENIORMANAGER,28566.0
203829,0,35.0,SELFENQUIRY,3,20.0,SMALLBUSINESS,MALE,3,4.0,STANDARD,3.0,MARRIED,3.0,0,1,1,2.0,SENIORMANAGER,27306.0
203830,0,27.0,SELFENQUIRY,1,7.0,SMALLBUSINESS,MALE,4,4.0,BASIC,5.0,UNMARRIED,2.0,0,5,1,3.0,EXECUTIVE,21545.0
203831,0,30.0,SELFENQUIRY,1,7.0,SALARIED,MALE,3,4.0,DELUXE,5.0,MARRIED,2.0,0,3,1,1.0,MANAGER,24051.0
203832,0,33.0,COMPANYINVITED,1,22.0,SMALLBUSINESS,FEMALE,3,4.0,DELUXE,3.0,MARRIED,7.0,0,3,0,2.0,MANAGER,25345.0
203833,0,32.0,COMPANYINVITED,1,7.0,SALARIED,MALE,3,6.0,DELUXE,5.0,MARRIED,3.0,0,1,1,2.0,MANAGER,23681.0
203834,1,29.0,SELFENQUIRY,1,24.0,LARGEBUSINESS,MALE,3,5.0,BASIC,3.0,MARRIED,7.0,0,3,0,2.0,EXECUTIVE,21045.0
203835,0,39.0,SELFENQUIRY,3,7.0,SALARIED,MALE,3,5.0,BASIC,5.0,UNMARRIED,6.0,0,3,0,2.0,EXECUTIVE,21536.0
203836,0,36.0,SELFENQUIRY,3,14.0,SALARIED,FEMALE,3,4.0,DELUXE,3.0,MARRIED,3.0,1,4,1,2.0,MANAGER,23882.0
203837,0,28.0,SELFENQUIRY,3,16.0,SMALLBUSINESS,MALE,3,4.0,DELUXE,3.0,UNMARRIED,3.0,0,1,0,2.0,MANAGER,22783.0
203838,0,33.0,SELFENQUIRY,1,12.0,SALARIED,MALE,3,5.0,DELUXE,3.0,UNMARRIED,2.0,0,1,0,2.0,MANAGER,28357.0
203839,1,32.0,COMPANYINVITED,3,33.0,SMALLBUSINESS,MALE,4,4.0,DELUXE,3.0,MARRIED,3.0,1,3,0,2.0,MANAGER,24295.0
203840,1,54.0,SELFENQUIRY,3,31.0,SALARIED,MALE,4,4.0,STANDARD,5.0,SINGLE,8.0,1,3,1,3.0,SENIORMANAGER,29126.0
203841,0,55.0,SELFENQUIRY,1,16.0,SALARIED,FEMALE,4,4.0,DELUXE,3.0,MARRIED,5.0,0,5,0,2.0,MANAGER,21575.0
203842,0,34.0,COMPANYINVITED,1,14.0,SALARIED,MALE,3,4.0,DELUXE,3.0,MARRIED,3.0,0,5,1,2.0,MANAGER,24646.0
203843,0,44.0,SELFENQUIRY,1,18.0,SALARIED,MALE,2,4.0,STANDARD,3.0,MARRIED,3.0,0,1,1,1.0,SENIORMANAGER,26188.0
203844,0,39.0,COMPANYINVITED,2,7.0,SALARIED,MALE,3,4.0,BASIC,4.0,MARRIED,2.0,1,1,1,2.0,EXECUTIVE,21669.0
203847,0,40.0,SELFENQUIRY,3,22.0,SMALLBUSINESS,MALE,4,4.0,SUPERDELUXE,5.0,SINGLE,2.0,0,1,1,3.0,AVP,32019.0
203848,0,43.0,COMPANYINVITED,1,30.0,SALARIED,MALE,3,5.0,DELUXE,3.0,UNMARRIED,3.0,0,3,1,2.0,MANAGER,23010.0
203849,0,32.0,COMPANYINVITED,1,17.0,SMALLBUSINESS,FEMALE,3,4.0,STANDARD,3.0,MARRIED,6.0,0,1,1,2.0,SENIORMANAGER,29709.0
203850,0,55.0,SELFENQUIRY,1,17.0,SMALLBUSINESS,FEMALE,4,4.0,DELUXE,5.0,UNMARRIED,8.0,1,1,0,1.0,MANAGER,23118.0
203851,0,25.0,SELFENQUIRY,1,7.0,SALARIED,MALE,3,5.0,DELUXE,3.0,UNMARRIED,3.0,0,3,1,2.0,MANAGER,23295.0
203852,0,24.0,SELFENQUIRY,1,19.0,SALARIED,MALE,4,4.0,BASIC,3.0,UNMARRIED,3.0,0,5,1,1.0,EXECUTIVE,21325.0
203853,0,41.0,COMPANYINVITED,1,18.0,LARGEBUSINESS,FEMALE,4,4.0,DELUXE,3.0,MARRIED,3.0,0,3,1,2.0,MANAGER,25001.0
203854,0,41.0,SELFENQUIRY,3,9.0,SMALLBUSINESS,FEMALE,4,4.0,DELUXE,4.0,MARRIED,5.0,0,3,1,2.0,MANAGER,24355.0
203855,0,26.0,SELFENQUIRY,2,9.0,SALARIED,FEMALE,3,4.0,BASIC,4.0,MARRIED,6.0,0,4,0,1.0,EXECUTIVE,20865.0
203856,0,31.0,SELFENQUIRY,1,7.0,SMALLBUSINESS,MALE,4,4.0,BASIC,4.0,MARRIED,3.0,0,5,0,2.0,EXECUTIVE,22426.0
203857,0,26.0,SELFENQUIRY,1,9.0,SALARIED,MALE,3,4.0,BASIC,3.0,MARRIED,8.0,1,5,0,1.0,EXECUTIVE,22655.0
203858,0,48.0,SELFENQUIRY,1,32.0,SMALLBUSINESS,MALE,3,4.0,STANDARD,3.0,UNMARRIED,4.0,0,3,1,1.0,SENIORMANAGER,27311.0
203859,0,34.0,COMPANYINVITED,1,7.0,SMALLBUSINESS,MALE,3,5.0,BASIC,3.0,MARRIED,3.0,0,3,0,1.0,EXECUTIVE,20686.0
203860,0,39.0,SELFENQUIRY,3,7.0,SALARIED,MALE,3,4.0,DELUXE,4.0,MARRIED,2.0,0,4,1,2.0,MANAGER,23118.0
203861,0,32.0,SELFENQUIRY,3,9.0,SALARIED,MALE,3,4.0,BASIC,3.0,MARRIED,2.0,0,4,1,1.0,EXECUTIVE,21745.0
203862,0,39.0,COMPANYINVITED,1,13.0,SALARIED,MALE,4,5.0,DELUXE,3.0,MARRIED,4.0,0,4,1,2.0,MANAGER,23999.0
203863,0,43.0,SELFENQUIRY,1,25.0,SALARIED,MALE,3,4.0,DELUXE,5.0,MARRIED,8.0,1,1,0,1.0,MANAGER,24088.0
203864,0,42.0,SELFENQUIRY,1,7.0,SALARIED,MALE,4,4.0,BASIC,3.0,MARRIED,5.0,0,1,0,1.0,EXECUTIVE,21460.0
203865,0,48.0,COMPANYINVITED,1,7.0,SMALLBUSINESS,FEMALE,4,4.0,STANDARD,4.0,MARRIED,2.0,0,5,0,1.0,SENIORMANAGER,30635.0
203866,0,36.0,SELFENQUIRY,1,18.0,SMALLBUSINESS,MALE,3,4.0,BASIC,3.0,MARRIED,2.0,1,5,0,1.0,EXECUTIVE,21338.0
203867,0,23.0,SELFENQUIRY,1,7.0,SALARIED,MALE,4,4.0,BASIC,3.0,UNMARRIED,2.0,0,3,0,3.0,EXECUTIVE,22053.0
203868,0,36.0,SELFENQUIRY,1,16.0,SMALLBUSINESS,MALE,3,4.0,DELUXE,3.0,UNMARRIED,3.0,0,4,0,2.0,MANAGER,23776.0
203869,0,34.0,SELFENQUIRY,1,22.0,SMALLBUSINESS,FEMALE,4,4.0,DELUXE,3.0,MARRIED,2.0,1,1,1,2.0,MANAGER,23556.0
203870,0,33.0,SELFENQUIRY,1,36.0,SALARIED,FEMALE,3,5.0,BASIC,4.0,UNMARRIED,3.0,0,3,1,1.0,EXECUTIVE,21515.0
203871,0,41.0,SELFENQUIRY,1,7.0,SALARIED,MALE,3,4.0,BASIC,3.0,MARRIED,2.0,0,1,0,1.0,EXECUTIVE,21084.0
203872,0,33.0,SELFENQUIRY,3,7.0,SMALLBUSINESS,MALE,4,5.0,BASIC,4.0,MARRIED,2.0,0,1,0,3.0,EXECUTIVE,20947.0
203873,0,40.0,SELFENQUIRY,1,31.0,SALARIED,MALE,3,4.0,DELUXE,3.0,UNMARRIED,2.0,0,4,1,1.0,MANAGER,22786.0
203874,0,39.0,SELFENQUIRY,1,17.0,SMALLBUSINESS,FEMALE,3,6.0,STANDARD,3.0,MARRIED,5.0,0,1,1,2.0,SENIORMANAGER,31884.0
203875,0,33.0,SELFENQUIRY,3,7.0,SMALLBUSINESS,FEMALE,3,4.0,STANDARD,3.0,MARRIED,3.0,0,5,1,1.0,SENIORMANAGER,29100.0
203876,0,38.0,SELFENQUIRY,1,17.0,SALARIED,FEMALE,3,2.0,STANDARD,3.0,MARRIED,3.0,1,1,0,2.0,SENIORMANAGER,32422.0
203877,0,26.0,SELFENQUIRY,3,15.0,SALARIED,FEMALE,3,4.0,DELUXE,3.0,MARRIED,2.0,1,1,1,2.0,MANAGER,23585.0
203878,0,53.0,COMPANYINVITED,3,127.0,SALARIED,MALE,3,4.0,BASIC,3.0,MARRIED,4.0,0,1,1,2.0,EXECUTIVE,22160.0
203879,0,45.0,SELFENQUIRY,1,7.0,SMALLBUSINESS,MALE,3,4.0,BASIC,3.0,SINGLE,8.0,1,4,0,2.0,EXECUTIVE,21114.0
203880,0,22.0,SELFENQUIRY,3,12.0,SMALLBUSINESS,MALE,3,4.0,BASIC,5.0,SINGLE,3.0,1,1,1,1.0,EXECUTIVE,21058.0
203882,1,24.0,COMPANYINVITED,3,16.0,SMALLBUSINESS,MALE,3,4.0,BASIC,5.0,MARRIED,3.0,0,5,1,1.0,EXECUTIVE,20468.0
203883,0,37.0,SELFENQUIRY,3,10.0,SMALLBUSINESS,FEMALE,4,5.0,STANDARD,3.0,MARRIED,2.0,0,3,1,1.0,SENIORMANAGER,26322.0
203884,0,37.0,COMPANYINVITED,1,11.0,SALARIED,FEMALE,4,4.0,DELUXE,4.0,MARRIED,2.0,0,3,1,2.0,MANAGER,23809.0
203885,0,57.0,COMPANYINVITED,1,7.0,SALARIED,MALE,3,4.0,DELUXE,3.0,MARRIED,3.0,0,3,0,1.0,MANAGER,24984.0
203886,1,30.0,SELFENQUIRY,1,7.0,SMALLBUSINESS,MALE,3,4.0,BASIC,3.0,MARRIED,2.0,1,3,1,1.0,EXECUTIVE,23465.0
203888,1,57.0,SELFENQUIRY,1,14.0,LARGEBUSINESS,MALE,4,4.0,BASIC,3.0,MARRIED,2.0,0,4,1,3.0,EXECUTIVE,21017.0
203889,0,42.0,SELFENQUIRY,1,35.0,SALARIED,FEMALE,3,5.0,SUPERDELUXE,4.0,MARRIED,2.0,0,5,1,2.0,AVP,32248.0
203890,0,35.0,SELFENQUIRY,3,35.0,SMALLBUSINESS,FEMALE,4,5.0,DELUXE,3.0,MARRIED,3.0,0,5,1,1.0,MANAGER,25390.0
203891,0,37.0,COMPANYINVITED,3,22.0,SMALLBUSINESS,MALE,3,6.0,DELUXE,3.0,MARRIED,3.0,0,1,1,1.0,MANAGER,24084.0
203892,0,42.0,SELFENQUIRY,3,10.0,SALARIED,MALE,3,5.0,DELUXE,4.0,MARRIED,4.0,0,3,0,2.0,MANAGER,27616.0
203893,0,33.0,SELFENQUIRY,1,9.0,LARGEBUSINESS,MALE,4,4.0,BASIC,5.0,SINGLE,3.0,0,1,1,2.0,EXECUTIVE,21117.0
203894,0,36.0,SELFENQUIRY,2,33.0,SALARIED,FEMALE,3,4.0,STANDARD,3.0,UNMARRIED,3.0,1,1,1,1.0,SENIORMANAGER,27515.0
203895,0,39.0,SELFENQUIRY,3,17.0,SALARIED,FEMALE,4,4.0,DELUXE,3.0,MARRIED,3.0,0,4,0,3.0,MANAGER,24021.0
203896,1,51.0,COMPANYINVITED,3,7.0,SALARIED,MALE,4,4.0,DELUXE,3.0,MARRIED,2.0,0,3,1,2.0,MANAGER,25406.0
203897,0,37.0,SELFENQUIRY,3,18.0,SMALLBUSINESS,FEMALE,4,5.0,DELUXE,3.0,MARRIED,6.0,0,1,1,2.0,MANAGER,25330.0
203898,0,46.0,SELFENQUIRY,3,27.0,SALARIED,FEMALE,3,4.0,DELUXE,3.0,UNMARRIED,2.0,0,1,1,1.0,MANAGER,23528.0
203899,0,41.0,SELFENQUIRY,1,9.0,SALARIED,MALE,3,5.0,BASIC,3.0,UNMARRIED,4.0,0,5,0,2.0,EXECUTIVE,21487.0
203900,0,36.0,COMPANYINVITED,1,25.0,SALARIED,MALE,4,4.0,DELUXE,3.0,MARRIED,3.0,1,3,1,1.0,MANAGER,24367.0
203901,0,41.0,SELFENQUIRY,1,9.0,SMALLBUSINESS,FEMALE,4,4.0,BASIC,3.0,MARRIED,4.0,0,1,1,2.0,EXECUTIVE,20679.0
203902,0,36.0,SELFENQUIRY,1,7.0,SALARIED,FEMALE,4,6.0,BASIC,3.0,MARRIED,3.0,0,3,0,2.0,EXECUTIVE,21655.0
203903,0,30.0,SELFENQUIRY,1,20.0,SALARIED,MALE,3,5.0,DELUXE,4.0,MARRIED,6.0,1,4,1,1.0,MANAGER,22703.0
203904,0,30.0,SELFENQUIRY,1,35.0,SMALLBUSINESS,FEMALE,4,5.0,BASIC,5.0,UNMARRIED,3.0,0,1,0,2.0,EXECUTIVE,22463.0
203905,1,51.0,SELFENQUIRY,3,35.0,SMALLBUSINESS,MALE,3,5.0,STANDARD,5.0,MARRIED,6.0,1,5,0,1.0,SENIORMANAGER,29532.0
203906,0,40.0,SELFENQUIRY,3,31.0,SMALLBUSINESS,FEMALE,3,5.0,SUPERDELUXE,3.0,MARRIED,2.0,0,1,1,2.0,AVP,30709.0
203907,0,32.0,COMPANYINVITED,1,12.0,SMALLBUSINESS,MALE,4,4.0,DELUXE,5.0,SINGLE,2.0,0,1,0,3.0,MANAGER,28614.0
203908,0,27.0,SELFENQUIRY,3,12.0,SALARIED,FEMALE,2,5.0,BASIC,3.0,UNMARRIED,2.0,0,1,0,1.0,EXECUTIVE,21644.0
203909,0,37.0,COMPANYINVITED,1,30.0,SMALLBUSINESS,MALE,3,2.0,DELUXE,3.0,MARRIED,6.0,0,3,0,1.0,MANAGER,21249.0
203910,0,40.0,SELFENQUIRY,1,13.0,SMALLBUSINESS,MALE,3,5.0,STANDARD,5.0,MARRIED,6.0,0,4,1,1.0,SENIORMANAGER,28669.0
203911,0,28.0,SELFENQUIRY,1,11.0,SALARIED,MALE,3,2.0,DELUXE,4.0,MARRIED,3.0,1,4,1,1.0,MANAGER,24820.0
203912,0,50.0,COMPANYINVITED,3,9.0,SMALLBUSINESS,MALE,4,5.0,DELUXE,4.0,MARRIED,4.0,0,3,1,3.0,MANAGER,24068.0
203913,0,35.0,SELFENQUIRY,1,15.0,SMALLBUSINESS,MALE,3,2.0,DELUXE,3.0,MARRIED,4.0,0,3,0,2.0,MANAGER,23082.0
203914,1,42.0,SELFENQUIRY,3,7.0,SALARIED,FEMALE,4,4.0,DELUXE,3.0,UNMARRIED,2.0,1,4,0,3.0,MANAGER,24671.0
203915,0,50.0,COMPANYINVITED,1,15.0,SALARIED,MALE,4,5.0,DELUXE,4.0,MARRIED,3.0,0,1,0,1.0,MANAGER,23808.0
203916,1,38.0,SELFENQUIRY,1,9.0,SALARIED,MALE,4,5.0,BASIC,3.0,SINGLE,8.0,1,3,0,3.0,EXECUTIVE,20768.0
203917,0,34.0,COMPANYINVITED,1,10.0,SALARIED,FEMALE,3,4.0,BASIC,3.0,MARRIED,3.0,1,1,1,2.0,EXECUTIVE,21587.0
203918,0,28.0,SELFENQUIRY,1,9.0,SMALLBUSINESS,MALE,3,4.0,BASIC,4.0,MARRIED,2.0,0,5,1,2.0,EXECUTIVE,22146.0
203919,0,33.0,COMPANYINVITED,1,9.0,SALARIED,MALE,4,4.0,BASIC,3.0,UNMARRIED,2.0,0,3,1,2.0,EXECUTIVE,21746.0
203920,0,60.0,SELFENQUIRY,1,10.0,SMALLBUSINESS,FEMALE,3,2.0,BASIC,5.0,MARRIED,6.0,1,1,0,2.0,EXECUTIVE,21348.0
203921,0,31.0,SELFENQUIRY,1,31.0,SALARIED,MALE,4,4.0,BASIC,3.0,MARRIED,3.0,0,3,1,3.0,EXECUTIVE,21371.0
203922,0,39.0,COMPANYINVITED,1,30.0,SALARIED,MALE,3,5.0,STANDARD,3.0,UNMARRIED,2.0,0,3,1,1.0,SENIORMANAGER,28204.0
203923,0,37.0,SELFENQUIRY,1,34.0,SMALLBUSINESS,MALE,4,4.0,DELUXE,3.0,MARRIED,8.0,0,3,0,1.0,MANAGER,23915.0
203924,0,36.0,SELFENQUIRY,1,23.0,SMALLBUSINESS,MALE,3,2.0,BASIC,4.0,MARRIED,2.0,0,4,1,2.0,EXECUTIVE,21104.0
203925,0,30.0,SELFENQUIRY,1,22.0,SALARIED,FEMALE,3,5.0,DELUXE,3.0,UNMARRIED,2.0,1,1,1,2.0,MANAGER,22871.0
203926,0,32.0,SELFENQUIRY,1,33.0,SALARIED,MALE,3,4.0,BASIC,3.0,MARRIED,3.0,0,3,1,2.0,EXECUTIVE,21589.0
203927,0,35.0,SELFENQUIRY,1,26.0,SMALLBUSINESS,MALE,4,4.0,BASIC,3.0,MARRIED,2.0,0,3,0,1.0,EXECUTIVE,21339.0
203928,1,29.0,SELFENQUIRY,1,31.0,SALARIED,MALE,3,5.0,BASIC,3.0,SINGLE,7.0,1,1,0,1.0,EXECUTIVE,20706.0
203929,0,30.0,SELFENQUIRY,1,28.0,SALARIED,FEMALE,3,2.0,STANDARD,5.0,MARRIED,3.0,0,5,1,2.0,SENIORMANAGER,28658.0
203930,0,33.0,SELFENQUIRY,1,12.0,SALARIED,MALE,4,2.0,BASIC,4.0,MARRIED,2.0,1,1,1,3.0,EXECUTIVE,21976.0
203931,0,23.0,COMPANYINVITED,1,23.0,SMALLBUSINESS,MALE,4,2.0,BASIC,3.0,MARRIED,3.0,1,3,0,3.0,EXECUTIVE,21613.0
203932,0,54.0,SELFENQUIRY,3,9.0,SALARIED,FEMALE,4,5.0,SUPERDELUXE,3.0,MARRIED,4.0,0,3,0,1.0,AVP,34105.0
203933,0,39.0,SELFENQUIRY,1,9.0,SALARIED,MALE,3,4.0,BASIC,3.0,UNMARRIED,7.0,1,1,0,1.0,EXECUTIVE,22622.0
203934,0,25.0,COMPANYINVITED,1,18.0,SALARIED,FEMALE,4,2.0,DELUXE,3.0,MARRIED,2.0,0,5,0,2.0,MANAGER,22689.0
203935,1,37.0,SELFENQUIRY,3,16.0,SALARIED,MALE,3,5.0,BASIC,5.0,UNMARRIED,2.0,0,1,0,1.0,EXECUTIVE,22085.0
203936,0,35.0,SELFENQUIRY,1,14.0,SALARIED,FEMALE,3,4.0,STANDARD,4.0,SINGLE,2.0,0,5,0,1.0,SENIORMANAGER,30672.0
203938,1,35.0,SELFENQUIRY,1,13.0,SMALLBUSINESS,MALE,3,4.0,BASIC,5.0,UNMARRIED,4.0,0,4,0,1.0,EXECUTIVE,21638.0
203940,1,33.0,COMPANYINVITED,1,23.0,SALARIED,FEMALE,4,6.0,BASIC,5.0,UNMARRIED,3.0,1,4,0,1.0,EXECUTIVE,22597.0
203941,0,43.0,SELFENQUIRY,3,15.0,SMALLBUSINESS,MALE,3,4.0,DELUXE,4.0,MARRIED,2.0,0,3,1,1.0,MANAGER,25503.0
203942,0,45.0,SELFENQUIRY,1,14.0,SMALLBUSINESS,FEMALE,3,5.0,STANDARD,3.0,MARRIED,5.0,0,4,0,1.0,SENIORMANAGER,28926.0
203944,0,34.0,SELFENQUIRY,1,9.0,SMALLBUSINESS,MALE,4,4.0,BASIC,3.0,SINGLE,6.0,0,3,0,3.0,EXECUTIVE,21174.0
203945,0,45.0,SELFENQUIRY,1,17.0,SALARIED,MALE,3,4.0,DELUXE,3.0,MARRIED,4.0,1,3,0,2.0,MANAGER,25143.0
203946,0,31.0,SELFENQUIRY,1,16.0,SMALLBUSINESS,MALE,3,5.0,BASIC,3.0,SINGLE,3.0,0,4,0,2.0,EXECUTIVE,20884.0
203947,1,40.0,SELFENQUIRY,3,12.0,LARGEBUSINESS,MALE,3,4.0,DELUXE,3.0,MARRIED,5.0,0,1,0,1.0,MANAGER,20764.0
203948,1,25.0,SELFENQUIRY,1,7.0,SMALLBUSINESS,MALE,4,4.0,BASIC,3.0,MARRIED,4.0,1,3,0,3.0,EXECUTIVE,20971.0
203949,0,44.0,SELFENQUIRY,1,9.0,SMALLBUSINESS,FEMALE,4,2.0,BASIC,3.0,MARRIED,3.0,0,1,1,3.0,EXECUTIVE,21323.0
203950,1,51.0,SELFENQUIRY,3,10.0,SMALLBUSINESS,MALE,3,5.0,BASIC,3.0,MARRIED,3.0,1,4,1,2.0,EXECUTIVE,21361.0
203951,0,36.0,SELFENQUIRY,3,9.0,SMALLBUSINESS,FEMALE,4,4.0,BASIC,3.0,MARRIED,3.0,0,1,1,3.0,EXECUTIVE,20692.0
203952,0,37.0,SELFENQUIRY,1,12.0,SALARIED,FEMALE,3,5.0,BASIC,5.0,MARRIED,2.0,1,1,1,2.0,EXECUTIVE,22097.0
203953,0,34.0,COMPANYINVITED,3,7.0,SALARIED,FEMALE,3,2.0,DELUXE,5.0,MARRIED,4.0,0,3,0,2.0,MANAGER,24054.0
203954,0,36.0,SELFENQUIRY,1,11.0,SALARIED,MALE,4,4.0,BASIC,3.0,MARRIED,3.0,0,4,1,2.0,EXECUTIVE,20629.0
203955,0,28.0,SELFENQUIRY,1,9.0,SALARIED,FEMALE,3,4.0,BASIC,5.0,MARRIED,3.0,0,3,1,2.0,EXECUTIVE,21019.0
203956,1,27.0,SELFENQUIRY,1,32.0,SALARIED,MALE,3,6.0,BASIC,3.0,SINGLE,3.0,0,1,0,1.0,EXECUTIVE,20971.0
203957,0,28.0,COMPANYINVITED,3,15.0,SALARIED,MALE,3,4.0,STANDARD,3.0,UNMARRIED,3.0,0,1,1,1.0,SENIORMANAGER,27404.0
203958,0,31.0,COMPANYINVITED,1,7.0,SMALLBUSINESS,FEMALE,3,4.0,DELUXE,3.0,UNMARRIED,3.0,0,3,1,1.0,MANAGER,22689.0
203959,1,42.0,SELFENQUIRY,1,19.0,LARGEBUSINESS,FEMALE,3,4.0,KING,3.0,MARRIED,3.0,0,4,1,2.0,VP,38223.0
203960,0,35.0,COMPANYINVITED,3,30.0,SMALLBUSINESS,MALE,4,4.0,DELUXE,3.0,UNMARRIED,2.0,0,5,0,2.0,MANAGER,23246.0
203961,0,38.0,SELFENQUIRY,1,26.0,SALARIED,MALE,4,4.0,BASIC,4.0,MARRIED,6.0,0,4,0,2.0,EXECUTIVE,21700.0
203962,0,47.0,COMPANYINVITED,3,12.0,SMALLBUSINESS,MALE,4,4.0,DELUXE,3.0,UNMARRIED,6.0,1,5,1,2.0,MANAGER,24450.0
203963,0,36.0,SELFENQUIRY,1,15.0,SALARIED,MALE,3,2.0,BASIC,3.0,MARRIED,3.0,0,5,1,2.0,EXECUTIVE,20947.0
203964,1,49.0,SELFENQUIRY,1,7.0,SALARIED,MALE,4,5.0,STANDARD,3.0,UNMARRIED,2.0,1,5,0,1.0,SENIORMANAGER,24059.0
203965,1,29.0,SELFENQUIRY,1,12.0,LARGEBUSINESS,MALE,3,4.0,BASIC,3.0,UNMARRIED,3.0,1,1,0,1.0,EXECUTIVE,22119.0
203966,0,45.0,SELFENQUIRY,3,7.0,SMALLBUSINESS,FEMALE,4,4.0,DELUXE,5.0,MARRIED,7.0,1,1,1,2.0,MANAGER,24132.0
203967,0,36.0,COMPANYINVITED,1,18.0,SMALLBUSINESS,MALE,4,5.0,STANDARD,5.0,MARRIED,4.0,1,5,1,3.0,SENIORMANAGER,28562.0
203968,0,27.0,SELFENQUIRY,3,30.0,SMALLBUSINESS,FEMALE,3,5.0,DELUXE,3.0,MARRIED,2.0,1,1,0,1.0,MANAGER,22835.0
203969,0,34.0,COMPANYINVITED,1,7.0,SALARIED,FEMALE,4,4.0,STANDARD,3.0,SINGLE,3.0,1,1,1,1.0,SENIORMANAGER,32136.0
203970,0,36.0,COMPANYINVITED,3,6.0,SALARIED,MALE,4,4.0,STANDARD,5.0,MARRIED,3.0,0,4,0,1.0,SENIORMANAGER,27747.0
203971,0,36.0,SELFENQUIRY,1,30.0,SMALLBUSINESS,FEMALE,2,4.0,BASIC,5.0,MARRIED,5.0,1,4,0,1.0,EXECUTIVE,22692.0
203972,0,32.0,SELFENQUIRY,1,14.0,SALARIED,MALE,3,4.0,DELUXE,3.0,MARRIED,5.0,0,3,0,2.0,MANAGER,24593.0
203973,0,38.0,SELFENQUIRY,1,7.0,SALARIED,MALE,3,5.0,DELUXE,3.0,MARRIED,3.0,0,5,0,1.0,MANAGER,24671.0
203974,0,33.0,SELFENQUIRY,1,7.0,SMALLBUSINESS,MALE,3,4.0,DELUXE,3.0,MARRIED,3.0,1,4,1,2.0,MANAGER,24840.0
203975,0,39.0,COMPANYINVITED,1,36.0,SALARIED,FEMALE,3,4.0,DELUXE,3.0,SINGLE,3.0,0,3,1,1.0,MANAGER,21084.0
203977,0,60.0,SELFENQUIRY,3,32.0,SALARIED,FEMALE,5,4.0,STANDARD,5.0,UNMARRIED,2.0,0,3,1,2.0,SENIORMANAGER,26315.0
203978,0,37.0,SELFENQUIRY,1,15.0,LARGEBUSINESS,FEMALE,3,4.0,STANDARD,3.0,MARRIED,3.0,0,4,1,1.0,SENIORMANAGER,28774.0
203979,0,56.0,SELFENQUIRY,1,15.0,SMALLBUSINESS,FEMALE,3,4.0,SUPERDELUXE,3.0,MARRIED,4.0,1,3,1,2.0,AVP,33434.0
203980,0,37.0,COMPANYINVITED,1,18.0,SALARIED,MALE,4,5.0,DELUXE,4.0,UNMARRIED,3.0,0,4,1,2.0,MANAGER,25177.0
203981,0,46.0,SELFENQUIRY,1,14.0,SALARIED,MALE,3,4.0,STANDARD,5.0,MARRIED,4.0,0,3,0,1.0,SENIORMANAGER,28402.0
203982,0,36.0,COMPANYINVITED,1,7.0,SMALLBUSINESS,MALE,4,4.0,BASIC,5.0,MARRIED,6.0,0,1,0,2.0,EXECUTIVE,20872.0
203983,1,37.0,SELFENQUIRY,1,16.0,SMALLBUSINESS,MALE,4,5.0,BASIC,3.0,MARRIED,2.0,1,1,1,3.0,EXECUTIVE,22066.0
203984,0,60.0,COMPANYINVITED,3,7.0,SALARIED,FEMALE,3,5.0,DELUXE,3.0,UNMARRIED,2.0,0,5,1,1.0,MANAGER,24151.0
203985,0,30.0,SELFENQUIRY,1,9.0,SALARIED,MALE,4,4.0,BASIC,4.0,MARRIED,2.0,0,4,1,1.0,EXECUTIVE,21381.0
203986,0,32.0,SELFENQUIRY,1,7.0,SMALLBUSINESS,MALE,3,4.0,BASIC,4.0,SINGLE,3.0,0,3,1,1.0,EXECUTIVE,21179.0
203987,0,33.0,SELFENQUIRY,1,7.0,SALARIED,MALE,4,4.0,DELUXE,4.0,MARRIED,3.0,0,3,1,1.0,MANAGER,24898.0
203988,0,37.0,SELFENQUIRY,1,13.0,SALARIED,FEMALE,3,2.0,BASIC,3.0,MARRIED,5.0,0,1,0,1.0,EXECUTIVE,21716.0
203989,0,32.0,SELFENQUIRY,1,15.0,SALARIED,FEMALE,4,4.0,DELUXE,3.0,UNMARRIED,3.0,0,5,1,3.0,MANAGER,23102.0
203990,0,36.0,SELFENQUIRY,3,7.0,SMALLBUSINESS,MALE,3,5.0,DELUXE,5.0,UNMARRIED,2.0,0,1,1,2.0,MANAGER,22990.0
203991,0,46.0,SELFENQUIRY,1,13.0,SALARIED,MALE,3,4.0,STANDARD,5.0,MARRIED,6.0,1,3,1,2.0,SENIORMANAGER,31923.0
203992,0,38.0,SELFENQUIRY,1,14.0,SMALLBUSINESS,MALE,2,4.0,STANDARD,3.0,SINGLE,6.0,0,1,0,1.0,SENIORMANAGER,32342.0
203993,0,47.0,SELFENQUIRY,2,12.0,SMALLBUSINESS,MALE,4,4.0,DELUXE,4.0,MARRIED,2.0,1,5,1,3.0,MANAGER,23699.0
203994,0,31.0,SELFENQUIRY,1,7.0,SALARIED,MALE,3,5.0,DELUXE,3.0,MARRIED,3.0,1,1,1,2.0,MANAGER,23804.0
203995,0,36.0,SELFENQUIRY,1,7.0,SMALLBUSINESS,MALE,2,5.0,BASIC,3.0,UNMARRIED,3.0,0,4,1,1.0,EXECUTIVE,21537.0
203996,0,56.0,SELFENQUIRY,3,7.0,SALARIED,MALE,4,4.0,STANDARD,3.0,MARRIED,5.0,0,1,0,3.0,SENIORMANAGER,28917.0
203997,0,39.0,COMPANYINVITED,1,13.0,SMALLBUSINESS,FEMALE,4,6.0,DELUXE,3.0,MARRIED,2.0,1,1,0,3.0,MANAGER,24007.0
203998,0,35.0,SELFENQUIRY,1,7.0,SMALLBUSINESS,MALE,4,4.0,DELUXE,4.0,MARRIED,3.0,0,5,1,3.0,MANAGER,23003.0
203999,0,57.0,SELFENQUIRY,1,14.0,SALARIED,MALE,3,6.0,STANDARD,3.0,UNMARRIED,6.0,0,1,0,1.0,SENIORMANAGER,25938.0
204000,0,24.0,SELFENQUIRY,3,9.0,LARGEBUSINESS,MALE,4,4.0,BASIC,5.0,MARRIED,5.0,0,3,1,3.0,EXECUTIVE,21000.0
204001,0,52.0,SELFENQUIRY,1,16.0,SALARIED,MALE,4,4.0,BASIC,3.0,MARRIED,5.0,0,3,1,1.0,EXECUTIVE,20753.0
204002,0,31.0,SELFENQUIRY,1,9.0,SALARIED,MALE,5,5.0,DELUXE,3.0,MARRIED,3.0,0,4,1,2.0,MANAGER,22830.0
204003,1,47.0,SELFENQUIRY,3,16.0,SMALLBUSINESS,MALE,4,5.0,STANDARD,3.0,UNMARRIED,3.0,0,5,1,3.0,SENIORMANAGER,28297.0
204004,0,41.0,COMPANYINVITED,1,7.0,SALARIED,MALE,4,5.0,SUPERDELUXE,4.0,MARRIED,3.0,0,1,1,2.0,AVP,32181.0
204005,0,52.0,SELFENQUIRY,3,28.0,SMALLBUSINESS,MALE,4,4.0,DELUXE,3.0,UNMARRIED,2.0,1,5,0,3.0,MANAGER,24119.0
204006,0,31.0,SELFENQUIRY,3,11.0,SMALLBUSINESS,FEMALE,4,5.0,DELUXE,4.0,MARRIED,3.0,1,3,1,1.0,MANAGER,23887.0
204007,0,47.0,COMPANYINVITED,1,7.0,SMALLBUSINESS,MALE,3,5.0,STANDARD,5.0,MARRIED,4.0,1,1,1,2.0,SENIORMANAGER,29351.0
204008,0,33.0,SELFENQUIRY,3,13.0,SMALLBUSINESS,MALE,3,4.0,DELUXE,3.0,UNMARRIED,3.0,0,5,1,2.0,MANAGER,23688.0
204009,0,55.0,SELFENQUIRY,1,9.0,LARGEBUSINESS,FEMALE,3,4.0,STANDARD,3.0,MARRIED,2.0,0,4,0,1.0,SENIORMANAGER,32227.0
204010,0,25.0,SELFENQUIRY,3,10.0,SALARIED,FEMALE,3,4.0,DELUXE,3.0,MARRIED,2.0,0,4,0,1.0,MANAGER,23677.0
204011,0,29.0,COMPANYINVITED,3,11.0,SMALLBUSINESS,MALE,3,4.0,DELUXE,3.0,MARRIED,3.0,0,1,0,1.0,MANAGER,22899.0
204012,0,59.0,SELFENQUIRY,3,17.0,SMALLBUSINESS,MALE,3,4.0,SUPERDELUXE,3.0,SINGLE,2.0,0,3,0,2.0,AVP,32550.0
204013,0,45.0,COMPANYINVITED,1,30.0,SMALLBUSINESS,MALE,4,4.0,DELUXE,4.0,MARRIED,6.0,0,3,0,2.0,MANAGER,20720.0
204014,1,38.0,SELFENQUIRY,2,13.0,SALARIED,MALE,4,4.0,BASIC,5.0,MARRIED,6.0,1,1,0,3.0,EXECUTIVE,20751.0
204015,0,33.0,SELFENQUIRY,1,7.0,SALARIED,MALE,4,4.0,BASIC,5.0,UNMARRIED,3.0,0,1,0,2.0,EXECUTIVE,21634.0
204016,1,21.0,COMPANYINVITED,1,13.0,SALARIED,FEMALE,4,5.0,BASIC,3.0,UNMARRIED,3.0,1,1,0,1.0,EXECUTIVE,21604.0
204017,0,35.0,SELFENQUIRY,1,13.0,SALARIED,FEMALE,3,4.0,DELUXE,3.0,UNMARRIED,3.0,0,3,0,1.0,MANAGER,23487.0
204018,0,38.0,COMPANYINVITED,1,9.0,SALARIED,MALE,4,5.0,DELUXE,3.0,MARRIED,7.0,0,1,1,3.0,MANAGER,23841.0
204021,1,26.0,SELFENQUIRY,3,12.0,SMALLBUSINESS,MALE,3,5.0,DELUXE,3.0,UNMARRIED,3.0,1,3,0,2.0,MANAGER,24422.0
204022,0,26.0,SELFENQUIRY,1,14.0,SMALLBUSINESS,MALE,4,5.0,BASIC,3.0,MARRIED,3.0,0,1,0,3.0,EXECUTIVE,21567.0
204023,0,23.0,SELFENQUIRY,1,22.0,SMALLBUSINESS,FEMALE,3,4.0,BASIC,3.0,UNMARRIED,3.0,0,1,1,2.0,EXECUTIVE,21549.0
204024,0,52.0,COMPANYINVITED,1,7.0,SMALLBUSINESS,FEMALE,2,5.0,STANDARD,5.0,UNMARRIED,5.0,0,1,1,1.0,SENIORMANAGER,26162.0
204025,1,35.0,COMPANYINVITED,1,14.0,SALARIED,MALE,4,6.0,DELUXE,3.0,UNMARRIED,3.0,1,5,1,1.0,MANAGER,24752.0
204027,0,25.0,SELFENQUIRY,1,25.0,SALARIED,MALE,3,4.0,BASIC,3.0,MARRIED,2.0,0,4,0,1.0,EXECUTIVE,21452.0
204028,0,35.0,SELFENQUIRY,1,13.0,SALARIED,FEMALE,3,5.0,DELUXE,4.0,MARRIED,8.0,0,3,1,1.0,MANAGER,23183.0
204029,0,38.0,SELFENQUIRY,3,10.0,SALARIED,MALE,3,4.0,STANDARD,3.0,UNMARRIED,4.0,0,3,0,2.0,SENIORMANAGER,26106.0
204030,0,35.0,SELFENQUIRY,1,12.0,SMALLBUSINESS,FEMALE,3,5.0,STANDARD,5.0,SINGLE,4.0,0,1,1,2.0,SENIORMANAGER,30309.0
204031,0,37.0,COMPANYINVITED,3,18.0,LARGEBUSINESS,FEMALE,4,4.0,STANDARD,3.0,MARRIED,2.0,0,5,0,3.0,SENIORMANAGER,28416.0
204032,0,37.0,SELFENQUIRY,1,10.0,SALARIED,FEMALE,3,4.0,BASIC,3.0,MARRIED,7.0,0,1,0,2.0,EXECUTIVE,21513.0
204034,0,31.0,COMPANYINVITED,1,30.0,SALARIED,MALE,4,6.0,BASIC,3.0,MARRIED,3.0,0,3,0,1.0,EXECUTIVE,21291.0
204035,0,34.0,COMPANYINVITED,3,29.0,SMALLBUSINESS,MALE,4,4.0,DELUXE,4.0,MARRIED,2.0,0,1,0,1.0,MANAGER,24824.0
204036,1,57.0,SELFENQUIRY,1,21.0,SALARIED,FEMALE,4,4.0,BASIC,4.0,MARRIED,2.0,1,5,1,1.0,EXECUTIVE,23641.0
204037,0,52.0,SELFENQUIRY,1,13.0,SALARIED,MALE,3,4.0,KING,3.0,SINGLE,2.0,0,5,1,2.0,VP,38215.0
204038,1,32.0,SELFENQUIRY,3,13.0,SALARIED,MALE,4,6.0,DELUXE,3.0,MARRIED,6.0,1,3,0,3.0,MANAGER,24850.0
204039,0,27.0,SELFENQUIRY,1,13.0,SALARIED,FEMALE,3,5.0,BASIC,4.0,MARRIED,3.0,0,3,1,2.0,EXECUTIVE,21046.0
204040,1,59.0,SELFENQUIRY,1,30.0,SMALLBUSINESS,FEMALE,4,4.0,STANDARD,3.0,MARRIED,3.0,0,3,1,1.0,SENIORMANAGER,28990.0
204041,1,20.0,SELFENQUIRY,3,29.0,SMALLBUSINESS,MALE,3,4.0,BASIC,3.0,SINGLE,3.0,1,1,1,1.0,EXECUTIVE,20353.0
204042,0,23.0,SELFENQUIRY,1,9.0,LARGEBUSINESS,MALE,4,4.0,BASIC,3.0,MARRIED,2.0,0,5,1,1.0,EXECUTIVE,21201.0
204043,0,50.0,SELFENQUIRY,1,27.0,SMALLBUSINESS,FEMALE,4,4.0,DELUXE,5.0,MARRIED,3.0,0,1,1,1.0,MANAGER,25245.0
204044,0,44.0,COMPANYINVITED,1,35.0,SMALLBUSINESS,FEMALE,4,2.0,BASIC,3.0,UNMARRIED,6.0,0,3,0,3.0,EXECUTIVE,23417.0
204045,0,51.0,COMPANYINVITED,3,19.0,SMALLBUSINESS,FEMALE,4,4.0,STANDARD,3.0,UNMARRIED,6.0,0,5,1,3.0,SENIORMANAGER,27886.0
204046,1,32.0,SELFENQUIRY,3,27.0,SALARIED,FEMALE,4,6.0,DELUXE,3.0,MARRIED,5.0,1,3,0,3.0,MANAGER,23237.0
204047,0,42.0,SELFENQUIRY,3,16.0,SALARIED,MALE,4,4.0,STANDARD,3.0,MARRIED,5.0,1,1,0,2.0,SENIORMANAGER,26867.0
204048,0,27.0,SELFENQUIRY,2,32.0,SALARIED,FEMALE,4,4.0,BASIC,3.0,MARRIED,3.0,0,4,1,2.0,EXECUTIVE,21620.0
204049,0,37.0,SELFENQUIRY,1,13.0,SMALLBUSINESS,MALE,3,4.0,DELUXE,4.0,MARRIED,8.0,0,4,0,2.0,MANAGER,23619.0
204050,1,52.0,COMPANYINVITED,1,15.0,SALARIED,MALE,3,6.0,STANDARD,3.0,SINGLE,4.0,0,1,1,1.0,SENIORMANAGER,29328.0
204051,0,40.0,SELFENQUIRY,3,11.0,SALARIED,FEMALE,3,5.0,DELUXE,3.0,MARRIED,6.0,0,5,1,2.0,MANAGER,24580.0
204052,0,26.0,SELFENQUIRY,3,35.0,SALARIED,MALE,3,5.0,DELUXE,3.0,MARRIED,4.0,0,4,1,2.0,MANAGER,27317.0
204053,0,31.0,SELFENQUIRY,2,16.0,SALARIED,MALE,3,4.0,DELUXE,3.0,MARRIED,2.0,1,3,1,2.0,MANAGER,25025.0
204054,1,33.0,SELFENQUIRY,1,16.0,SMALLBUSINESS,FEMALE,3,4.0,BASIC,5.0,UNMARRIED,2.0,0,4,1,1.0,EXECUTIVE,22878.0
204055,0,46.0,SELFENQUIRY,1,36.0,SMALLBUSINESS,MALE,3,4.0,BASIC,3.0,UNMARRIED,7.0,0,1,1,1.0,EXECUTIVE,22130.0
204056,0,39.0,SELFENQUIRY,1,10.0,LARGEBUSINESS,FEMALE,3,4.0,DELUXE,3.0,UNMARRIED,5.0,1,5,1,1.0,MANAGER,22995.0
204057,0,31.0,SELFENQUIRY,1,25.0,SALARIED,FEMALE,4,4.0,BASIC,3.0,UNMARRIED,3.0,0,1,1,3.0,EXECUTIVE,21310.0
204058,0,33.0,COMPANYINVITED,3,16.0,SMALLBUSINESS,MALE,3,6.0,DELUXE,3.0,MARRIED,2.0,0,1,0,2.0,MANAGER,23346.0
204059,0,31.0,SELFENQUIRY,1,12.0,LARGEBUSINESS,FEMALE,3,4.0,BASIC,5.0,MARRIED,7.0,0,5,0,2.0,EXECUTIVE,21882.0
204060,0,31.0,SELFENQUIRY,1,9.0,SMALLBUSINESS,MALE,3,5.0,BASIC,3.0,UNMARRIED,2.0,0,4,0,1.0,EXECUTIVE,21398.0
204062,0,42.0,SELFENQUIRY,1,16.0,SALARIED,MALE,4,4.0,BASIC,5.0,MARRIED,4.0,0,1,0,1.0,EXECUTIVE,20916.0
204063,0,20.0,SELFENQUIRY,1,10.0,SMALLBUSINESS,FEMALE,4,4.0,BASIC,4.0,SINGLE,3.0,0,3,1,1.0,EXECUTIVE,20161.0
204064,0,41.0,COMPANYINVITED,1,33.0,SMALLBUSINESS,FEMALE,3,4.0,DELUXE,4.0,MARRIED,3.0,0,1,0,2.0,MANAGER,24283.0
204065,0,36.0,SELFENQUIRY,3,7.0,SMALLBUSINESS,MALE,4,4.0,STANDARD,4.0,MARRIED,3.0,0,4,0,1.0,SENIORMANAGER,25973.0
204066,0,54.0,SELFENQUIRY,3,13.0,SMALLBUSINESS,MALE,3,4.0,DELUXE,3.0,MARRIED,4.0,1,5,0,2.0,MANAGER,20984.0
204067,0,46.0,SELFENQUIRY,1,16.0,SALARIED,MALE,3,4.0,DELUXE,4.0,MARRIED,2.0,0,4,1,1.0,MANAGER,21026.0
204068,0,33.0,COMPANYINVITED,3,15.0,SMALLBUSINESS,FEMALE,3,4.0,STANDARD,3.0,UNMARRIED,3.0,0,4,1,2.0,SENIORMANAGER,27676.0
204069,0,30.0,COMPANYINVITED,1,7.0,LARGEBUSINESS,MALE,3,4.0,DELUXE,3.0,MARRIED,3.0,0,3,0,1.0,MANAGER,22997.0
204070,0,52.0,SELFENQUIRY,1,14.0,SMALLBUSINESS,MALE,3,5.0,DELUXE,3.0,MARRIED,4.0,0,3,1,2.0,MANAGER,24810.0
204071,0,59.0,SELFENQUIRY,1,16.0,SMALLBUSINESS,FEMALE,4,5.0,BASIC,4.0,MARRIED,6.0,1,1,1,2.0,EXECUTIVE,22024.0
204072,0,41.0,SELFENQUIRY,3,11.0,SMALLBUSINESS,MALE,4,5.0,STANDARD,3.0,MARRIED,2.0,0,1,1,2.0,SENIORMANAGER,29533.0
204073,0,35.0,COMPANYINVITED,3,9.0,SMALLBUSINESS,FEMALE,4,4.0,BASIC,3.0,MARRIED,8.0,0,5,0,1.0,EXECUTIVE,20909.0
204074,0,23.0,SELFENQUIRY,1,26.0,SMALLBUSINESS,MALE,4,4.0,BASIC,3.0,MARRIED,3.0,0,1,1,1.0,EXECUTIVE,21001.0
204075,0,28.0,COMPANYINVITED,1,16.0,SMALLBUSINESS,MALE,3,4.0,BASIC,4.0,MARRIED,8.0,0,3,1,2.0,EXECUTIVE,20702.0
204076,0,29.0,SELFENQUIRY,1,28.0,SMALLBUSINESS,MALE,3,4.0,BASIC,3.0,MARRIED,3.0,0,1,0,1.0,EXECUTIVE,21391.0
204077,0,58.0,SELFENQUIRY,1,31.0,SALARIED,MALE,3,2.0,STANDARD,3.0,MARRIED,5.0,1,4,1,1.0,SENIORMANAGER,28117.0
204078,0,28.0,COMPANYINVITED,1,10.0,SMALLBUSINESS,MALE,4,5.0,BASIC,3.0,MARRIED,3.0,1,1,0,3.0,EXECUTIVE,21244.0
204080,0,42.0,SELFENQUIRY,1,21.0,SALARIED,MALE,3,4.0,BASIC,3.0,MARRIED,6.0,0,4,1,2.0,EXECUTIVE,21129.0
204081,0,31.0,SELFENQUIRY,3,12.0,SALARIED,FEMALE,3,4.0,STANDARD,3.0,MARRIED,4.0,0,4,1,2.0,SENIORMANAGER,28097.0
204082,0,39.0,SELFENQUIRY,3,7.0,SALARIED,FEMALE,3,5.0,DELUXE,3.0,UNMARRIED,6.0,0,1,0,2.0,MANAGER,27364.0
204083,0,33.0,SELFENQUIRY,1,13.0,SALARIED,MALE,3,4.0,BASIC,3.0,UNMARRIED,5.0,0,1,0,2.0,EXECUTIVE,21716.0
204084,0,28.0,SELFENQUIRY,1,24.0,LARGEBUSINESS,MALE,3,4.0,BASIC,4.0,MARRIED,2.0,1,4,0,1.0,EXECUTIVE,21736.0
204085,1,20.0,COMPANYINVITED,3,7.0,LARGEBUSINESS,FEMALE,4,6.0,BASIC,5.0,SINGLE,2.0,0,3,1,1.0,EXECUTIVE,21003.0
204086,0,37.0,COMPANYINVITED,1,10.0,SMALLBUSINESS,MALE,2,4.0,BASIC,4.0,SINGLE,6.0,0,4,1,1.0,EXECUTIVE,20766.0
204087,0,31.0,COMPANYINVITED,1,16.0,SMALLBUSINESS,MALE,4,4.0,DELUXE,5.0,MARRIED,3.0,0,1,1,2.0,MANAGER,21750.0
204088,0,46.0,SELFENQUIRY,3,11.0,SALARIED,FEMALE,2,4.0,DELUXE,5.0,MARRIED,6.0,1,4,0,1.0,MANAGER,23684.0
204089,0,57.0,SELFENQUIRY,1,15.0,SALARIED,FEMALE,4,4.0,BASIC,5.0,MARRIED,6.0,1,4,1,2.0,EXECUTIVE,22935.0
204090,0,34.0,SELFENQUIRY,1,9.0,SALARIED,MALE,3,4.0,BASIC,3.0,SINGLE,2.0,0,3,1,1.0,EXECUTIVE,21178.0
204092,0,47.0,SELFENQUIRY,3,7.0,SMALLBUSINESS,FEMALE,4,4.0,STANDARD,5.0,MARRIED,3.0,0,1,1,3.0,SENIORMANAGER,29131.0
204093,0,39.0,SELFENQUIRY,1,16.0,SALARIED,FEMALE,4,4.0,BASIC,3.0,SINGLE,3.0,0,1,1,3.0,EXECUTIVE,20966.0
204094,0,32.0,SELFENQUIRY,1,19.0,SMALLBUSINESS,FEMALE,4,4.0,BASIC,3.0,MARRIED,2.0,1,4,1,2.0,EXECUTIVE,22607.0
204095,0,35.0,SELFENQUIRY,1,34.0,SMALLBUSINESS,FEMALE,4,4.0,BASIC,4.0,SINGLE,4.0,0,3,0,1.0,EXECUTIVE,20989.0
204096,1,42.0,SELFENQUIRY,3,27.0,SMALLBUSINESS,FEMALE,4,4.0,BASIC,4.0,UNMARRIED,3.0,1,4,0,2.0,EXECUTIVE,21818.0
204097,0,51.0,SELFENQUIRY,1,7.0,SMALLBUSINESS,MALE,3,5.0,BASIC,3.0,MARRIED,4.0,0,3,1,1.0,EXECUTIVE,22368.0
204098,0,54.0,SELFENQUIRY,1,20.0,SMALLBUSINESS,FEMALE,3,2.0,DELUXE,5.0,MARRIED,3.0,0,1,1,1.0,MANAGER,23128.0
204099,0,34.0,SELFENQUIRY,1,21.0,SMALLBUSINESS,FEMALE,4,4.0,BASIC,4.0,MARRIED,3.0,0,5,1,2.0,EXECUTIVE,21434.0
204102,0,35.0,COMPANYINVITED,1,9.0,SALARIED,MALE,3,5.0,DELUXE,3.0,MARRIED,3.0,0,4,0,2.0,MANAGER,28225.0
204103,0,52.0,SELFENQUIRY,1,10.0,SMALLBUSINESS,FEMALE,4,4.0,SUPERDELUXE,4.0,SINGLE,5.0,0,5,1,2.0,AVP,32412.0
204105,0,28.0,SELFENQUIRY,1,16.0,SMALLBUSINESS,FEMALE,5,4.0,BASIC,4.0,SINGLE,3.0,0,3,0,2.0,EXECUTIVE,20957.0
204106,1,36.0,SELFENQUIRY,1,30.0,SALARIED,MALE,3,5.0,DELUXE,3.0,MARRIED,5.0,1,4,1,1.0,MANAGER,24594.0
204107,0,44.0,COMPANYINVITED,1,14.0,SMALLBUSINESS,MALE,3,2.0,BASIC,3.0,MARRIED,6.0,0,4,1,1.0,EXECUTIVE,20767.0
204109,0,38.0,SELFENQUIRY,1,28.0,SALARIED,MALE,4,2.0,BASIC,5.0,MARRIED,3.0,1,3,1,1.0,EXECUTIVE,22242.0
204110,0,36.0,COMPANYINVITED,1,9.0,SMALLBUSINESS,FEMALE,3,4.0,DELUXE,4.0,UNMARRIED,7.0,0,1,0,1.0,MANAGER,23103.0
204111,0,43.0,COMPANYINVITED,1,28.0,SMALLBUSINESS,FEMALE,3,4.0,DELUXE,3.0,MARRIED,4.0,0,1,0,1.0,MANAGER,23943.0
204112,0,39.0,SELFENQUIRY,1,9.0,SALARIED,MALE,3,4.0,DELUXE,3.0,MARRIED,2.0,0,1,1,2.0,MANAGER,25231.0
204113,0,39.0,SELFENQUIRY,1,36.0,LARGEBUSINESS,MALE,3,4.0,DELUXE,3.0,MARRIED,5.0,0,1,0,1.0,MANAGER,24939.0
204114,0,28.0,COMPANYINVITED,1,7.0,LARGEBUSINESS,MALE,3,5.0,DELUXE,5.0,MARRIED,7.0,0,3,1,1.0,MANAGER,22976.0
204115,0,50.0,COMPANYINVITED,1,25.0,SALARIED,MALE,4,4.0,DELUXE,3.0,MARRIED,3.0,1,1,0,1.0,MANAGER,25482.0
204116,0,35.0,COMPANYINVITED,1,17.0,SMALLBUSINESS,MALE,3,4.0,BASIC,3.0,MARRIED,3.0,1,3,1,2.0,EXECUTIVE,22493.0
204117,0,41.0,SELFENQUIRY,1,26.0,SMALLBUSINESS,MALE,2,4.0,DELUXE,3.0,MARRIED,2.0,1,1,1,1.0,MANAGER,21419.0
204118,1,39.0,SELFENQUIRY,1,36.0,SMALLBUSINESS,MALE,4,4.0,DELUXE,5.0,MARRIED,2.0,1,3,1,3.0,MANAGER,25351.0
204119,1,30.0,SELFENQUIRY,3,34.0,SMALLBUSINESS,FEMALE,3,4.0,STANDARD,3.0,MARRIED,3.0,0,3,0,1.0,SENIORMANAGER,26317.0
204120,0,23.0,SELFENQUIRY,1,12.0,SALARIED,MALE,3,2.0,BASIC,4.0,MARRIED,3.0,1,4,1,1.0,EXECUTIVE,21006.0
204121,0,37.0,COMPANYINVITED,1,25.0,SMALLBUSINESS,FEMALE,4,4.0,BASIC,3.0,SINGLE,3.0,0,3,0,2.0,EXECUTIVE,20831.0
204122,0,41.0,COMPANYINVITED,1,16.0,SALARIED,MALE,4,5.0,DELUXE,3.0,MARRIED,2.0,0,5,0,2.0,MANAGER,23554.0
204123,0,47.0,SELFENQUIRY,1,7.0,SMALLBUSINESS,MALE,4,4.0,STANDARD,5.0,MARRIED,2.0,0,1,0,3.0,SENIORMANAGER,28074.0
204124,1,33.0,SELFENQUIRY,3,11.0,SMALLBUSINESS,MALE,3,6.0,STANDARD,3.0,MARRIED,3.0,0,1,1,1.0,SENIORMANAGER,29078.0
204125,0,31.0,COMPANYINVITED,1,7.0,SALARIED,MALE,3,5.0,STANDARD,3.0,UNMARRIED,3.0,0,5,1,2.0,SENIORMANAGER,27152.0
204126,0,28.0,COMPANYINVITED,3,27.0,SALARIED,FEMALE,3,4.0,DELUXE,3.0,SINGLE,3.0,0,1,1,2.0,MANAGER,28659.0
204127,0,52.0,SELFENQUIRY,1,15.0,SALARIED,MALE,3,5.0,STANDARD,4.0,MARRIED,7.0,0,3,1,2.0,SENIORMANAGER,31168.0
204128,1,31.0,SELFENQUIRY,1,10.0,LARGEBUSINESS,FEMALE,3,4.0,BASIC,5.0,UNMARRIED,7.0,1,4,0,1.0,EXECUTIVE,21335.0
204129,0,42.0,SELFENQUIRY,3,13.0,SALARIED,FEMALE,4,4.0,STANDARD,3.0,SINGLE,5.0,1,1,0,1.0,SENIORMANAGER,32269.0
204130,1,31.0,COMPANYINVITED,3,33.0,SMALLBUSINESS,FEMALE,3,5.0,DELUXE,5.0,UNMARRIED,7.0,0,1,1,2.0,MANAGER,25374.0
204131,1,30.0,SELFENQUIRY,1,7.0,LARGEBUSINESS,MALE,3,4.0,BASIC,3.0,SINGLE,2.0,0,1,0,1.0,EXECUTIVE,20736.0
204132,0,46.0,COMPANYINVITED,3,13.0,SMALLBUSINESS,FEMALE,3,5.0,STANDARD,3.0,UNMARRIED,8.0,0,4,1,1.0,SENIORMANAGER,27543.0
204133,0,55.0,SELFENQUIRY,3,10.0,SMALLBUSINESS,FEMALE,3,4.0,DELUXE,5.0,MARRIED,4.0,0,4,1,1.0,MANAGER,24618.0
204134,0,37.0,SELFENQUIRY,1,12.0,SALARIED,MALE,4,4.0,DELUXE,4.0,UNMARRIED,2.0,0,1,1,2.0,MANAGER,24592.0
204135,0,34.0,SELFENQUIRY,1,11.0,SMALLBUSINESS,FEMALE,3,5.0,BASIC,4.0,MARRIED,8.0,0,4,0,2.0,EXECUTIVE,21300.0
204136,0,38.0,COMPANYINVITED,1,18.0,SALARIED,MALE,3,4.0,STANDARD,3.0,MARRIED,3.0,1,3,1,2.0,SENIORMANAGER,30863.0
204137,0,39.0,SELFENQUIRY,3,10.0,SALARIED,MALE,4,4.0,STANDARD,3.0,MARRIED,2.0,0,1,1,2.0,SENIORMANAGER,29287.0
204138,0,32.0,COMPANYINVITED,1,7.0,SMALLBUSINESS,MALE,3,6.0,DELUXE,3.0,MARRIED,2.0,0,3,0,1.0,MANAGER,23023.0
204139,0,60.0,SELFENQUIRY,1,10.0,SALARIED,MALE,4,5.0,BASIC,3.0,MARRIED,5.0,0,3,0,1.0,EXECUTIVE,20855.0
204140,0,38.0,COMPANYINVITED,3,11.0,SMALLBUSINESS,MALE,3,4.0,BASIC,3.0,MARRIED,6.0,0,4,1,1.0,EXECUTIVE,21471.0
204141,0,30.0,COMPANYINVITED,3,7.0,SMALLBUSINESS,FEMALE,3,4.0,STANDARD,3.0,MARRIED,3.0,0,3,1,2.0,SENIORMANAGER,26596.0
204142,0,36.0,COMPANYINVITED,3,7.0,SMALLBUSINESS,FEMALE,4,4.0,STANDARD,3.0,UNMARRIED,3.0,0,5,1,1.0,SENIORMANAGER,27467.0
204143,1,30.0,SELFENQUIRY,1,25.0,SMALLBUSINESS,MALE,3,5.0,BASIC,3.0,SINGLE,3.0,1,3,0,1.0,EXECUTIVE,21067.0
204144,0,53.0,SELFENQUIRY,1,9.0,SALARIED,FEMALE,3,5.0,BASIC,3.0,UNMARRIED,2.0,0,3,1,1.0,EXECUTIVE,21890.0
204146,0,60.0,SELFENQUIRY,2,13.0,SMALLBUSINESS,MALE,3,4.0,BASIC,3.0,MARRIED,2.0,0,4,0,1.0,EXECUTIVE,20945.0
204148,1,34.0,SELFENQUIRY,1,21.0,SMALLBUSINESS,MALE,3,4.0,BASIC,3.0,MARRIED,7.0,1,1,1,2.0,EXECUTIVE,21114.0
204150,1,34.0,SELFENQUIRY,1,9.0,SALARIED,FEMALE,3,4.0,BASIC,5.0,MARRIED,2.0,0,3,1,2.0,EXECUTIVE,21385.0
204152,0,33.0,SELFENQUIRY,3,11.0,SALARIED,FEMALE,3,4.0,BASIC,4.0,MARRIED,4.0,0,3,1,2.0,EXECUTIVE,22609.0
204153,1,33.0,SELFENQUIRY,1,7.0,SALARIED,MALE,4,5.0,BASIC,3.0,UNMARRIED,2.0,1,5,0,3.0,EXECUTIVE,22408.0
204154,0,40.0,SELFENQUIRY,1,7.0,SMALLBUSINESS,FEMALE,4,4.0,BASIC,3.0,MARRIED,2.0,0,3,1,1.0,EXECUTIVE,20910.0
204155,0,33.0,COMPANYINVITED,3,33.0,SMALLBUSINESS,MALE,4,4.0,DELUXE,3.0,MARRIED,2.0,0,4,1,2.0,MANAGER,23143.0
204156,0,42.0,SELFENQUIRY,1,26.0,SALARIED,MALE,3,4.0,DELUXE,5.0,MARRIED,4.0,0,1,0,1.0,MANAGER,21750.0
204157,0,41.0,SELFENQUIRY,1,31.0,LARGEBUSINESS,MALE,4,4.0,DELUXE,3.0,MARRIED,3.0,0,3,1,2.0,MANAGER,21997.0
204159,0,32.0,COMPANYINVITED,1,10.0,SMALLBUSINESS,MALE,4,4.0,STANDARD,3.0,MARRIED,2.0,0,4,1,1.0,SENIORMANAGER,32353.0
204160,0,34.0,SELFENQUIRY,1,12.0,SALARIED,FEMALE,4,5.0,BASIC,3.0,MARRIED,3.0,0,1,0,1.0,EXECUTIVE,21589.0
204161,0,35.0,SELFENQUIRY,1,9.0,SALARIED,MALE,3,5.0,DELUXE,5.0,MARRIED,8.0,0,4,0,2.0,MANAGER,24635.0
204162,0,38.0,SELFENQUIRY,1,7.0,SMALLBUSINESS,FEMALE,3,5.0,BASIC,5.0,MARRIED,4.0,0,4,0,2.0,EXECUTIVE,22598.0
204163,0,46.0,COMPANYINVITED,1,14.0,SALARIED,MALE,4,2.0,DELUXE,3.0,MARRIED,6.0,0,1,1,1.0,MANAGER,25112.0
204164,1,38.0,COMPANYINVITED,1,17.0,SMALLBUSINESS,MALE,4,4.0,STANDARD,3.0,MARRIED,8.0,0,3,0,3.0,SENIORMANAGER,28726.0
204165,0,40.0,COMPANYINVITED,1,9.0,LARGEBUSINESS,FEMALE,4,4.0,STANDARD,3.0,SINGLE,2.0,0,1,1,3.0,SENIORMANAGER,29616.0
204166,0,30.0,SELFENQUIRY,1,22.0,SALARIED,MALE,3,4.0,BASIC,3.0,SINGLE,3.0,0,3,1,2.0,EXECUTIVE,21018.0
204167,0,43.0,SELFENQUIRY,1,24.0,SALARIED,FEMALE,3,2.0,DELUXE,5.0,UNMARRIED,5.0,1,1,1,2.0,MANAGER,25223.0
204168,0,30.0,SELFENQUIRY,3,27.0,SMALLBUSINESS,MALE,3,4.0,DELUXE,3.0,MARRIED,4.0,0,1,1,1.0,MANAGER,25609.0
204169,0,26.0,SELFENQUIRY,1,7.0,SALARIED,FEMALE,4,4.0,DELUXE,3.0,MARRIED,2.0,0,3,1,2.0,MANAGER,23576.0
204170,0,43.0,SELFENQUIRY,1,9.0,SMALLBUSINESS,FEMALE,3,5.0,BASIC,5.0,MARRIED,2.0,1,4,1,2.0,EXECUTIVE,21271.0
204172,0,52.0,SELFENQUIRY,1,7.0,SALARIED,MALE,4,4.0,BASIC,3.0,MARRIED,3.0,0,4,1,1.0,EXECUTIVE,21401.0
204173,1,32.0,COMPANYINVITED,1,36.0,SMALLBUSINESS,MALE,4,5.0,BASIC,4.0,UNMARRIED,2.0,0,3,0,3.0,EXECUTIVE,22157.0
204174,0,33.0,COMPANYINVITED,1,14.0,SALARIED,MALE,4,2.0,BASIC,4.0,MARRIED,3.0,0,1,0,2.0,EXECUTIVE,21472.0
204175,0,39.0,COMPANYINVITED,3,9.0,SALARIED,MALE,3,5.0,DELUXE,3.0,MARRIED,5.0,0,5,1,2.0,MANAGER,23927.0
204176,0,33.0,SELFENQUIRY,1,9.0,LARGEBUSINESS,MALE,3,5.0,DELUXE,5.0,SINGLE,6.0,0,4,0,2.0,MANAGER,20854.0
204177,0,47.0,SELFENQUIRY,3,9.0,LARGEBUSINESS,FEMALE,4,6.0,SUPERDELUXE,4.0,MARRIED,5.0,1,5,1,1.0,AVP,35550.0
204178,1,29.0,SELFENQUIRY,1,9.0,SALARIED,MALE,4,4.0,BASIC,3.0,UNMARRIED,4.0,0,4,0,2.0,EXECUTIVE,22163.0
204179,0,30.0,SELFENQUIRY,3,9.0,SMALLBUSINESS,MALE,4,5.0,DELUXE,4.0,MARRIED,4.0,0,4,1,1.0,MANAGER,25322.0
204180,0,32.0,SELFENQUIRY,1,30.0,SMALLBUSINESS,MALE,4,5.0,DELUXE,3.0,MARRIED,2.0,0,3,0,2.0,MANAGER,24260.0
204181,0,26.0,COMPANYINVITED,1,12.0,SALARIED,MALE,3,2.0,DELUXE,5.0,MARRIED,3.0,0,5,1,2.0,MANAGER,22678.0
204182,0,46.0,SELFENQUIRY,1,27.0,SMALLBUSINESS,MALE,4,4.0,SUPERDELUXE,3.0,MARRIED,2.0,1,3,1,2.0,AVP,32174.0
204183,0,37.0,SELFENQUIRY,1,13.0,SALARIED,MALE,3,4.0,BASIC,3.0,MARRIED,2.0,0,5,1,2.0,EXECUTIVE,21888.0
204185,1,48.0,COMPANYINVITED,1,36.0,SALARIED,MALE,3,4.0,STANDARD,4.0,MARRIED,3.0,1,3,1,1.0,SENIORMANAGER,30527.0
204186,0,29.0,SELFENQUIRY,1,16.0,SMALLBUSINESS,MALE,4,4.0,BASIC,3.0,MARRIED,3.0,0,1,1,1.0,EXECUTIVE,20748.0
204187,0,38.0,SELFENQUIRY,3,13.0,SMALLBUSINESS,MALE,4,4.0,DELUXE,3.0,MARRIED,6.0,0,3,1,1.0,MANAGER,25180.0
204188,0,22.0,SELFENQUIRY,1,10.0,SMALLBUSINESS,MALE,4,5.0,BASIC,3.0,UNMARRIED,3.0,0,5,1,3.0,EXECUTIVE,21908.0
204189,0,38.0,COMPANYINVITED,1,7.0,SMALLBUSINESS,FEMALE,4,4.0,STANDARD,3.0,MARRIED,4.0,1,3,0,1.0,SENIORMANAGER,32281.0
204190,0,36.0,SELFENQUIRY,1,29.0,SALARIED,FEMALE,4,2.0,STANDARD,4.0,MARRIED,2.0,0,5,1,3.0,SENIORMANAGER,30674.0
204191,0,39.0,SELFENQUIRY,3,14.0,SMALLBUSINESS,FEMALE,3,2.0,DELUXE,5.0,MARRIED,3.0,1,3,1,2.0,MANAGER,24283.0
204192,0,27.0,COMPANYINVITED,1,7.0,SALARIED,FEMALE,3,4.0,DELUXE,4.0,MARRIED,3.0,0,5,1,2.0,MANAGER,25075.0
204195,0,43.0,SELFENQUIRY,3,7.0,SALARIED,MALE,2,4.0,DELUXE,3.0,MARRIED,3.0,0,3,1,1.0,MANAGER,23585.0
204196,0,30.0,COMPANYINVITED,3,9.0,SALARIED,MALE,3,4.0,DELUXE,3.0,UNMARRIED,3.0,0,1,0,2.0,MANAGER,23232.0
204197,0,56.0,SELFENQUIRY,1,27.0,LARGEBUSINESS,MALE,3,4.0,DELUXE,3.0,MARRIED,5.0,1,1,0,1.0,MANAGER,24093.0
204198,0,27.0,COMPANYINVITED,1,18.0,SMALLBUSINESS,MALE,3,4.0,DELUXE,5.0,MARRIED,3.0,1,3,1,1.0,MANAGER,23419.0
204199,0,38.0,SELFENQUIRY,1,7.0,SALARIED,FEMALE,3,4.0,BASIC,3.0,SINGLE,3.0,0,1,1,1.0,EXECUTIVE,20793.0
204200,1,45.0,COMPANYINVITED,1,31.0,SALARIED,MALE,3,4.0,BASIC,3.0,MARRIED,5.0,1,5,0,2.0,EXECUTIVE,21839.0
204201,0,39.0,SELFENQUIRY,1,30.0,SALARIED,MALE,3,4.0,DELUXE,3.0,MARRIED,2.0,0,3,0,2.0,MANAGER,24423.0
204202,1,27.0,SELFENQUIRY,1,23.0,SMALLBUSINESS,MALE,3,4.0,BASIC,4.0,MARRIED,4.0,1,1,1,1.0,EXECUTIVE,21051.0
204203,0,29.0,SELFENQUIRY,1,15.0,SALARIED,FEMALE,4,4.0,BASIC,3.0,UNMARRIED,3.0,0,4,1,2.0,EXECUTIVE,21988.0
204205,0,37.0,SELFENQUIRY,1,10.0,LARGEBUSINESS,MALE,2,4.0,DELUXE,4.0,UNMARRIED,6.0,0,1,1,1.0,MANAGER,23163.0
204206,0,32.0,COMPANYINVITED,3,12.0,SMALLBUSINESS,FEMALE,3,4.0,BASIC,4.0,MARRIED,3.0,0,3,0,1.0,EXECUTIVE,21467.0
204207,1,27.0,SELFENQUIRY,3,11.0,SMALLBUSINESS,MALE,3,5.0,DELUXE,3.0,UNMARRIED,3.0,1,1,1,1.0,MANAGER,24506.0
204208,0,38.0,COMPANYINVITED,1,16.0,SMALLBUSINESS,MALE,3,4.0,BASIC,3.0,MARRIED,3.0,1,1,0,2.0,EXECUTIVE,21004.0
204209,0,43.0,COMPANYINVITED,3,33.0,SMALLBUSINESS,FEMALE,4,4.0,SUPERDELUXE,4.0,MARRIED,7.0,0,3,1,2.0,AVP,32203.0
204210,1,19.0,SELFENQUIRY,1,10.0,SMALLBUSINESS,MALE,3,4.0,BASIC,3.0,SINGLE,3.0,0,4,1,1.0,EXECUTIVE,20098.0
204211,0,36.0,SELFENQUIRY,3,23.0,SMALLBUSINESS,MALE,4,4.0,STANDARD,4.0,MARRIED,2.0,0,1,1,2.0,SENIORMANAGER,26698.0
204212,0,37.0,COMPANYINVITED,1,25.0,SALARIED,MALE,3,2.0,BASIC,3.0,MARRIED,6.0,0,5,1,2.0,EXECUTIVE,22366.0
204213,0,52.0,SELFENQUIRY,1,9.0,SMALLBUSINESS,MALE,3,6.0,DELUXE,4.0,MARRIED,7.0,0,1,0,2.0,MANAGER,24160.0
204216,0,29.0,SELFENQUIRY,1,23.0,SMALLBUSINESS,MALE,4,2.0,DELUXE,5.0,UNMARRIED,2.0,0,5,0,2.0,MANAGER,24339.0
204217,0,32.0,SELFENQUIRY,3,14.0,LARGEBUSINESS,MALE,4,2.0,DELUXE,3.0,MARRIED,6.0,0,1,1,2.0,MANAGER,25607.0
204218,0,40.0,SELFENQUIRY,1,7.0,SMALLBUSINESS,MALE,3,2.0,STANDARD,3.0,MARRIED,2.0,0,3,1,1.0,SENIORMANAGER,28291.0
204219,0,37.0,COMPANYINVITED,1,31.0,SALARIED,FEMALE,3,4.0,DELUXE,4.0,MARRIED,2.0,0,3,1,2.0,MANAGER,24352.0
204220,0,33.0,SELFENQUIRY,3,14.0,SALARIED,MALE,4,5.0,DELUXE,3.0,MARRIED,3.0,0,3,1,1.0,MANAGER,24162.0
204221,0,39.0,SELFENQUIRY,1,32.0,SALARIED,FEMALE,3,5.0,STANDARD,4.0,MARRIED,5.0,0,3,0,2.0,SENIORMANAGER,30739.0
204222,0,59.0,COMPANYINVITED,1,7.0,SALARIED,MALE,3,6.0,DELUXE,3.0,MARRIED,4.0,1,1,1,2.0,MANAGER,24338.0
204223,0,32.0,SELFENQUIRY,1,12.0,LARGEBUSINESS,MALE,3,4.0,BASIC,3.0,MARRIED,2.0,1,4,1,1.0,EXECUTIVE,23499.0
204224,0,32.0,SELFENQUIRY,2,9.0,SALARIED,MALE,4,5.0,DELUXE,5.0,MARRIED,5.0,0,3,0,3.0,MANAGER,25088.0
204225,0,46.0,COMPANYINVITED,1,14.0,SALARIED,MALE,4,4.0,STANDARD,5.0,MARRIED,3.0,0,1,1,1.0,SENIORMANAGER,23888.0
204226,0,32.0,SELFENQUIRY,1,9.0,SALARIED,MALE,3,4.0,BASIC,3.0,MARRIED,2.0,1,4,1,2.0,EXECUTIVE,21373.0
204227,0,34.0,COMPANYINVITED,1,12.0,SALARIED,FEMALE,4,4.0,STANDARD,4.0,MARRIED,8.0,0,3,1,2.0,SENIORMANAGER,30556.0
204229,0,44.0,COMPANYINVITED,1,17.0,SALARIED,FEMALE,3,4.0,BASIC,3.0,SINGLE,2.0,0,5,0,1.0,EXECUTIVE,21133.0
204230,0,50.0,SELFENQUIRY,1,7.0,LARGEBUSINESS,FEMALE,3,5.0,SUPERDELUXE,3.0,SINGLE,2.0,1,3,0,1.0,AVP,32642.0
204231,1,53.0,SELFENQUIRY,1,15.0,SMALLBUSINESS,MALE,3,5.0,DELUXE,4.0,MARRIED,4.0,0,1,1,1.0,MANAGER,23619.0
204232,0,28.0,SELFENQUIRY,1,12.0,SALARIED,FEMALE,3,4.0,BASIC,4.0,SINGLE,3.0,1,3,0,2.0,EXECUTIVE,21156.0
204233,0,33.0,SELFENQUIRY,3,15.0,LARGEBUSINESS,FEMALE,4,5.0,DELUXE,4.0,MARRIED,3.0,1,1,1,3.0,MANAGER,23906.0
204234,0,28.0,SELFENQUIRY,3,9.0,SALARIED,MALE,4,4.0,DELUXE,3.0,UNMARRIED,3.0,1,4,0,2.0,MANAGER,23156.0
204235,0,32.0,SELFENQUIRY,3,14.0,SMALLBUSINESS,MALE,4,4.0,DELUXE,3.0,MARRIED,6.0,0,1,0,1.0,MANAGER,26225.0
204236,0,33.0,SELFENQUIRY,1,9.0,SMALLBUSINESS,FEMALE,4,2.0,DELUXE,3.0,UNMARRIED,2.0,0,3,0,1.0,MANAGER,23733.0
204237,1,29.0,SELFENQUIRY,1,9.0,SMALLBUSINESS,MALE,3,6.0,BASIC,3.0,MARRIED,7.0,1,3,1,2.0,EXECUTIVE,22142.0
204238,0,31.0,SELFENQUIRY,1,35.0,SMALLBUSINESS,FEMALE,4,4.0,DELUXE,3.0,MARRIED,3.0,0,3,1,3.0,MANAGER,24453.0
204239,0,32.0,COMPANYINVITED,1,14.0,SALARIED,FEMALE,3,5.0,STANDARD,3.0,MARRIED,3.0,0,1,1,1.0,SENIORMANAGER,27621.0
204241,1,40.0,SELFENQUIRY,3,10.0,SMALLBUSINESS,FEMALE,3,4.0,DELUXE,3.0,MARRIED,6.0,1,4,1,2.0,MANAGER,23916.0
204242,0,34.0,COMPANYINVITED,3,17.0,SMALLBUSINESS,MALE,3,5.0,DELUXE,3.0,UNMARRIED,5.0,0,3,1,1.0,MANAGER,23360.0
204244,0,44.0,COMPANYINVITED,1,17.0,SALARIED,FEMALE,3,5.0,DELUXE,3.0,MARRIED,3.0,0,3,1,1.0,MANAGER,23935.0
204245,0,28.0,COMPANYINVITED,3,7.0,SMALLBUSINESS,MALE,4,4.0,DELUXE,4.0,MARRIED,2.0,1,1,0,2.0,MANAGER,25027.0
204246,0,55.0,COMPANYINVITED,1,27.0,SALARIED,FEMALE,3,4.0,DELUXE,3.0,UNMARRIED,5.0,0,4,0,2.0,MANAGER,23547.0
204247,0,44.0,SELFENQUIRY,1,14.0,SALARIED,FEMALE,3,4.0,STANDARD,5.0,MARRIED,2.0,0,5,1,1.0,SENIORMANAGER,28663.0
204248,0,46.0,SELFENQUIRY,1,15.0,SALARIED,MALE,4,4.0,DELUXE,3.0,MARRIED,2.0,0,3,1,1.0,MANAGER,22375.0
204249,0,41.0,SELFENQUIRY,3,7.0,SMALLBUSINESS,MALE,3,6.0,DELUXE,3.0,MARRIED,4.0,1,3,1,1.0,MANAGER,26135.0
204250,1,30.0,SELFENQUIRY,1,15.0,SALARIED,MALE,4,6.0,BASIC,5.0,MARRIED,3.0,1,3,0,2.0,EXECUTIVE,20797.0
204251,0,30.0,SELFENQUIRY,1,16.0,SALARIED,MALE,2,5.0,BASIC,3.0,UNMARRIED,2.0,0,1,1,1.0,EXECUTIVE,22661.0
204252,0,31.0,SELFENQUIRY,3,12.0,SMALLBUSINESS,FEMALE,2,5.0,DELUXE,3.0,MARRIED,3.0,0,1,1,1.0,MANAGER,24796.0
204253,0,28.0,SELFENQUIRY,3,15.0,SMALLBUSINESS,FEMALE,3,4.0,DELUXE,4.0,MARRIED,3.0,0,1,0,2.0,MANAGER,24892.0
204254,0,38.0,SELFENQUIRY,1,12.0,SMALLBUSINESS,MALE,4,4.0,DELUXE,3.0,MARRIED,2.0,0,3,1,3.0,MANAGER,25025.0
204255,0,39.0,SELFENQUIRY,1,22.0,SALARIED,MALE,4,5.0,STANDARD,3.0,MARRIED,2.0,1,5,1,3.0,SENIORMANAGER,30188.0
204256,0,32.0,SELFENQUIRY,1,14.0,SMALLBUSINESS,FEMALE,3,4.0,STANDARD,3.0,UNMARRIED,3.0,1,4,1,2.0,SENIORMANAGER,25821.0
204257,0,30.0,SELFENQUIRY,3,17.0,SMALLBUSINESS,FEMALE,3,5.0,DELUXE,4.0,MARRIED,3.0,1,5,1,1.0,MANAGER,26946.0
204258,0,36.0,SELFENQUIRY,1,12.0,LARGEBUSINESS,MALE,4,4.0,STANDARD,4.0,UNMARRIED,2.0,0,3,1,2.0,SENIORMANAGER,26773.0
204259,0,24.0,SELFENQUIRY,1,33.0,SALARIED,MALE,3,4.0,BASIC,3.0,MARRIED,3.0,0,1,0,2.0,EXECUTIVE,21582.0
204260,0,42.0,SELFENQUIRY,1,13.0,SMALLBUSINESS,MALE,4,5.0,DELUXE,4.0,UNMARRIED,8.0,1,3,1,3.0,MANAGER,24710.0
204261,0,48.0,COMPANYINVITED,3,11.0,SMALLBUSINESS,MALE,4,4.0,DELUXE,3.0,UNMARRIED,5.0,0,4,0,3.0,MANAGER,21654.0
204263,0,30.0,COMPANYINVITED,3,9.0,SALARIED,MALE,4,4.0,DELUXE,3.0,MARRIED,3.0,0,1,1,2.0,MANAGER,23327.0
204264,0,43.0,SELFENQUIRY,2,9.0,LARGEBUSINESS,MALE,3,4.0,BASIC,3.0,MARRIED,2.0,1,4,1,2.0,EXECUTIVE,21374.0
204265,0,33.0,SELFENQUIRY,1,9.0,SMALLBUSINESS,FEMALE,4,4.0,BASIC,4.0,MARRIED,3.0,0,4,0,2.0,EXECUTIVE,21048.0
204266,0,49.0,SELFENQUIRY,3,36.0,SMALLBUSINESS,FEMALE,4,4.0,STANDARD,3.0,MARRIED,5.0,0,4,0,2.0,SENIORMANAGER,31182.0
204267,0,38.0,SELFENQUIRY,1,13.0,SMALLBUSINESS,MALE,3,2.0,DELUXE,5.0,MARRIED,6.0,1,3,1,2.0,MANAGER,24652.0
204268,0,31.0,COMPANYINVITED,3,32.0,LARGEBUSINESS,FEMALE,3,4.0,DELUXE,3.0,MARRIED,2.0,1,3,1,2.0,MANAGER,23414.0
204269,0,27.0,SELFENQUIRY,3,7.0,SALARIED,MALE,3,4.0,DELUXE,3.0,MARRIED,3.0,0,5,0,2.0,MANAGER,23974.0
204270,0,43.0,SELFENQUIRY,1,9.0,SALARIED,MALE,4,5.0,DELUXE,3.0,UNMARRIED,5.0,0,1,1,1.0,MANAGER,25459.0
204271,1,22.0,COMPANYINVITED,3,7.0,LARGEBUSINESS,FEMALE,4,5.0,BASIC,4.0,SINGLE,3.0,1,5,1,3.0,EXECUTIVE,20852.0
204272,0,37.0,COMPANYINVITED,3,7.0,SMALLBUSINESS,FEMALE,3,4.0,DELUXE,3.0,UNMARRIED,6.0,0,1,1,2.0,MANAGER,25331.0
204273,0,37.0,COMPANYINVITED,3,10.0,SMALLBUSINESS,MALE,3,5.0,STANDARD,3.0,MARRIED,6.0,0,1,0,1.0,SENIORMANAGER,28377.0
204274,0,58.0,SELFENQUIRY,1,7.0,SMALLBUSINESS,MALE,3,4.0,DELUXE,3.0,MARRIED,4.0,0,3,0,2.0,MANAGER,25433.0
204275,0,41.0,SELFENQUIRY,1,17.0,SALARIED,FEMALE,3,2.0,BASIC,3.0,MARRIED,5.0,1,3,0,2.0,EXECUTIVE,20891.0
204276,0,22.0,COMPANYINVITED,3,16.0,SMALLBUSINESS,MALE,3,4.0,BASIC,3.0,UNMARRIED,3.0,0,4,1,1.0,EXECUTIVE,21288.0
204277,1,34.0,SELFENQUIRY,3,12.0,SMALLBUSINESS,FEMALE,3,4.0,BASIC,3.0,UNMARRIED,3.0,1,1,0,2.0,EXECUTIVE,21529.0
204278,0,38.0,SELFENQUIRY,1,17.0,SMALLBUSINESS,FEMALE,4,4.0,BASIC,5.0,MARRIED,8.0,0,1,1,3.0,EXECUTIVE,22130.0
204279,0,47.0,COMPANYINVITED,1,14.0,SMALLBUSINESS,FEMALE,2,4.0,DELUXE,3.0,MARRIED,4.0,0,5,1,1.0,MANAGER,23936.0
204280,1,42.0,COMPANYINVITED,3,11.0,SMALLBUSINESS,MALE,3,4.0,DELUXE,4.0,UNMARRIED,3.0,0,3,1,1.0,MANAGER,28033.0
204281,0,51.0,SELFENQUIRY,1,17.0,LARGEBUSINESS,MALE,4,5.0,STANDARD,3.0,SINGLE,8.0,0,5,1,2.0,SENIORMANAGER,29174.0
204282,1,41.0,SELFENQUIRY,3,29.0,SMALLBUSINESS,MALE,4,5.0,DELUXE,3.0,MARRIED,4.0,1,3,1,1.0,MANAGER,25058.0
204283,0,32.0,SELFENQUIRY,1,16.0,SALARIED,MALE,3,5.0,BASIC,4.0,UNMARRIED,2.0,1,3,1,1.0,EXECUTIVE,21335.0
204284,1,22.0,SELFENQUIRY,3,19.0,SALARIED,FEMALE,3,2.0,BASIC,4.0,UNMARRIED,3.0,0,5,0,2.0,EXECUTIVE,21394.0
204285,0,30.0,SELFENQUIRY,1,30.0,SALARIED,MALE,3,4.0,BASIC,3.0,SINGLE,2.0,0,3,0,1.0,EXECUTIVE,20879.0
204286,0,36.0,SELFENQUIRY,1,16.0,SALARIED,MALE,4,5.0,DELUXE,4.0,UNMARRIED,2.0,0,1,0,2.0,MANAGER,25218.0
204287,0,28.0,SELFENQUIRY,1,7.0,SMALLBUSINESS,MALE,3,4.0,BASIC,4.0,MARRIED,3.0,0,3,0,1.0,EXECUTIVE,22494.0
204288,0,29.0,SELFENQUIRY,3,16.0,SALARIED,MALE,4,4.0,DELUXE,3.0,UNMARRIED,3.0,0,3,1,2.0,MANAGER,23931.0
204289,0,50.0,SELFENQUIRY,1,14.0,SALARIED,MALE,3,5.0,STANDARD,3.0,SINGLE,2.0,0,1,1,1.0,SENIORMANAGER,29643.0
204290,0,52.0,SELFENQUIRY,3,21.0,SALARIED,FEMALE,3,4.0,DELUXE,3.0,MARRIED,6.0,0,3,1,1.0,MANAGER,23614.0
204291,0,37.0,SELFENQUIRY,1,9.0,SALARIED,FEMALE,4,4.0,BASIC,3.0,MARRIED,6.0,0,5,1,1.0,EXECUTIVE,21221.0
204292,1,35.0,COMPANYINVITED,3,26.0,SMALLBUSINESS,MALE,4,2.0,DELUXE,3.0,UNMARRIED,2.0,1,1,0,1.0,MANAGER,23982.0
204294,0,25.0,SELFENQUIRY,3,17.0,SMALLBUSINESS,FEMALE,4,4.0,DELUXE,3.0,MARRIED,3.0,1,1,0,1.0,MANAGER,22938.0
204295,0,31.0,SELFENQUIRY,3,9.0,LARGEBUSINESS,MALE,4,4.0,BASIC,4.0,MARRIED,3.0,0,3,1,1.0,EXECUTIVE,21154.0
204296,1,27.0,COMPANYINVITED,1,10.0,LARGEBUSINESS,MALE,4,4.0,BASIC,5.0,UNMARRIED,2.0,0,3,0,2.0,EXECUTIVE,21780.0
204297,0,23.0,SELFENQUIRY,1,18.0,SMALLBUSINESS,FEMALE,3,4.0,BASIC,4.0,MARRIED,3.0,0,1,1,2.0,EXECUTIVE,20922.0
204298,0,37.0,SELFENQUIRY,3,9.0,SMALLBUSINESS,MALE,4,5.0,STANDARD,3.0,MARRIED,3.0,0,1,1,2.0,SENIORMANAGER,26274.0
204299,1,31.0,COMPANYINVITED,1,11.0,LARGEBUSINESS,MALE,3,4.0,BASIC,3.0,SINGLE,2.0,1,4,1,1.0,EXECUTIVE,20963.0
204300,0,38.0,SELFENQUIRY,1,21.0,SALARIED,FEMALE,4,4.0,BASIC,5.0,MARRIED,3.0,0,4,1,2.0,EXECUTIVE,21712.0
204301,0,41.0,SELFENQUIRY,3,9.0,SMALLBUSINESS,FEMALE,3,4.0,DELUXE,4.0,MARRIED,2.0,0,1,0,1.0,MANAGER,24393.0
204302,0,43.0,SELFENQUIRY,1,7.0,SALARIED,FEMALE,4,4.0,BASIC,5.0,MARRIED,5.0,0,3,0,3.0,EXECUTIVE,21254.0
204303,0,38.0,SELFENQUIRY,1,17.0,SALARIED,MALE,3,4.0,DELUXE,4.0,UNMARRIED,4.0,1,5,0,2.0,MANAGER,22875.0
204304,0,44.0,SELFENQUIRY,1,19.0,SALARIED,MALE,3,5.0,SUPERDELUXE,4.0,MARRIED,3.0,0,3,1,2.0,AVP,33014.0
204305,0,41.0,SELFENQUIRY,1,9.0,SMALLBUSINESS,FEMALE,4,5.0,DELUXE,3.0,MARRIED,8.0,0,5,1,2.0,MANAGER,22126.0
204307,0,35.0,COMPANYINVITED,3,11.0,SMALLBUSINESS,FEMALE,4,4.0,DELUXE,3.0,MARRIED,2.0,0,1,0,1.0,MANAGER,25216.0
204308,0,32.0,SELFENQUIRY,1,14.0,SMALLBUSINESS,FEMALE,3,4.0,DELUXE,5.0,MARRIED,3.0,0,1,1,1.0,MANAGER,22984.0
204309,0,44.0,COMPANYINVITED,1,28.0,SMALLBUSINESS,MALE,4,4.0,BASIC,3.0,MARRIED,2.0,0,4,1,3.0,EXECUTIVE,20936.0
204310,0,44.0,SELFENQUIRY,1,15.0,SALARIED,FEMALE,4,4.0,DELUXE,3.0,MARRIED,6.0,1,1,1,1.0,MANAGER,23200.0
204311,0,26.0,SELFENQUIRY,3,11.0,SALARIED,FEMALE,4,5.0,DELUXE,3.0,UNMARRIED,3.0,1,1,0,3.0,MANAGER,23165.0
204312,0,38.0,COMPANYINVITED,1,32.0,SMALLBUSINESS,FEMALE,4,4.0,DELUXE,3.0,MARRIED,5.0,1,3,1,3.0,MANAGER,23127.0
204313,0,32.0,SELFENQUIRY,1,7.0,SALARIED,MALE,4,5.0,BASIC,5.0,MARRIED,3.0,0,4,1,2.0,EXECUTIVE,20896.0
204315,0,57.0,COMPANYINVITED,3,13.0,SALARIED,FEMALE,3,2.0,SUPERDELUXE,5.0,MARRIED,2.0,0,3,1,1.0,AVP,31890.0
204316,0,31.0,SELFENQUIRY,3,19.0,LARGEBUSINESS,FEMALE,3,4.0,DELUXE,3.0,UNMARRIED,2.0,0,1,1,2.0,MANAGER,25255.0
204317,0,42.0,SELFENQUIRY,3,7.0,SMALLBUSINESS,MALE,3,2.0,STANDARD,5.0,MARRIED,3.0,0,3,1,2.0,SENIORMANAGER,27070.0
204318,0,29.0,SELFENQUIRY,1,24.0,SMALLBUSINESS,MALE,4,4.0,DELUXE,5.0,MARRIED,3.0,0,1,0,2.0,MANAGER,23236.0
204319,1,26.0,SELFENQUIRY,1,10.0,SMALLBUSINESS,MALE,4,4.0,BASIC,5.0,MARRIED,7.0,0,5,1,2.0,EXECUTIVE,22709.0
204320,0,53.0,SELFENQUIRY,1,10.0,SMALLBUSINESS,MALE,3,5.0,STANDARD,3.0,MARRIED,4.0,1,1,1,1.0,SENIORMANAGER,26647.0
204321,0,46.0,SELFENQUIRY,1,17.0,SALARIED,MALE,4,4.0,BASIC,3.0,MARRIED,5.0,0,5,0,3.0,EXECUTIVE,21332.0
204323,0,43.0,COMPANYINVITED,1,36.0,SALARIED,FEMALE,4,4.0,DELUXE,3.0,MARRIED,4.0,0,3,1,2.0,MANAGER,23234.0
204324,0,31.0,SELFENQUIRY,1,9.0,SALARIED,FEMALE,3,6.0,DELUXE,3.0,UNMARRIED,4.0,0,1,1,1.0,MANAGER,24769.0
204325,0,61.0,SELFENQUIRY,1,14.0,SALARIED,FEMALE,3,4.0,KING,5.0,MARRIED,7.0,0,5,1,1.0,VP,38244.0
204326,0,47.0,SELFENQUIRY,1,25.0,SMALLBUSINESS,FEMALE,3,4.0,DELUXE,3.0,MARRIED,4.0,0,5,1,2.0,MANAGER,23488.0
204327,0,43.0,COMPANYINVITED,1,35.0,LARGEBUSINESS,FEMALE,3,5.0,DELUXE,3.0,MARRIED,2.0,0,3,0,2.0,MANAGER,23201.0
204328,1,25.0,SELFENQUIRY,3,7.0,LARGEBUSINESS,FEMALE,4,4.0,BASIC,4.0,UNMARRIED,3.0,1,4,0,1.0,EXECUTIVE,21880.0
204329,1,35.0,COMPANYINVITED,3,13.0,SMALLBUSINESS,FEMALE,3,6.0,BASIC,3.0,MARRIED,2.0,0,4,0,2.0,EXECUTIVE,21029.0
204330,0,39.0,COMPANYINVITED,1,9.0,SALARIED,MALE,3,4.0,BASIC,3.0,MARRIED,3.0,1,5,1,1.0,EXECUTIVE,20380.0
204332,0,27.0,SELFENQUIRY,1,30.0,SALARIED,FEMALE,3,4.0,BASIC,3.0,MARRIED,3.0,0,3,0,1.0,EXECUTIVE,21564.0
204333,0,31.0,COMPANYINVITED,1,10.0,SALARIED,MALE,3,4.0,BASIC,3.0,MARRIED,6.0,0,3,1,1.0,EXECUTIVE,20775.0
204334,0,30.0,SELFENQUIRY,1,10.0,SMALLBUSINESS,MALE,4,5.0,STANDARD,3.0,MARRIED,3.0,0,1,0,3.0,SENIORMANAGER,30613.0
204335,1,30.0,SELFENQUIRY,1,32.0,LARGEBUSINESS,FEMALE,4,5.0,BASIC,4.0,MARRIED,7.0,0,3,1,3.0,EXECUTIVE,21224.0
204336,1,20.0,SELFENQUIRY,2,9.0,LARGEBUSINESS,MALE,3,5.0,BASIC,3.0,SINGLE,3.0,0,3,0,1.0,EXECUTIVE,21242.0
204337,0,31.0,COMPANYINVITED,3,29.0,SALARIED,FEMALE,4,4.0,STANDARD,5.0,MARRIED,2.0,0,1,1,2.0,SENIORMANAGER,27090.0
204338,0,58.0,SELFENQUIRY,3,36.0,SMALLBUSINESS,MALE,3,5.0,SUPERDELUXE,3.0,MARRIED,5.0,0,3,1,1.0,AVP,32796.0
204340,0,31.0,COMPANYINVITED,1,9.0,SMALLBUSINESS,FEMALE,3,4.0,BASIC,3.0,SINGLE,2.0,0,4,1,1.0,EXECUTIVE,21242.0
204341,0,61.0,COMPANYINVITED,3,35.0,SMALLBUSINESS,FEMALE,4,5.0,STANDARD,5.0,MARRIED,6.0,0,1,1,1.0,SENIORMANAGER,28944.0
204342,0,48.0,SELFENQUIRY,1,9.0,SMALLBUSINESS,FEMALE,4,4.0,DELUXE,3.0,MARRIED,7.0,0,1,0,1.0,MANAGER,23748.0
204344,0,36.0,SELFENQUIRY,1,29.0,SALARIED,MALE,3,6.0,BASIC,3.0,UNMARRIED,2.0,0,4,1,2.0,EXECUTIVE,22908.0
204345,0,55.0,SELFENQUIRY,1,6.0,SALARIED,FEMALE,3,4.0,DELUXE,3.0,UNMARRIED,2.0,0,1,0,1.0,MANAGER,22458.0
204346,0,35.0,SELFENQUIRY,1,9.0,SALARIED,MALE,4,5.0,BASIC,3.0,MARRIED,5.0,0,5,1,3.0,EXECUTIVE,21446.0
204347,0,47.0,SELFENQUIRY,3,17.0,SMALLBUSINESS,FEMALE,4,5.0,STANDARD,3.0,MARRIED,4.0,1,1,0,1.0,SENIORMANAGER,27749.0
204348,0,32.0,SELFENQUIRY,1,16.0,SALARIED,MALE,3,4.0,STANDARD,4.0,MARRIED,3.0,0,3,0,1.0,SENIORMANAGER,29326.0
204349,1,34.0,SELFENQUIRY,1,22.0,SMALLBUSINESS,MALE,3,4.0,STANDARD,3.0,MARRIED,2.0,1,5,1,1.0,SENIORMANAGER,32288.0
204350,1,34.0,SELFENQUIRY,1,17.0,SMALLBUSINESS,MALE,3,6.0,BASIC,3.0,MARRIED,2.0,0,5,0,1.0,EXECUTIVE,22086.0
204351,0,31.0,SELFENQUIRY,3,14.0,SMALLBUSINESS,MALE,3,4.0,BASIC,4.0,UNMARRIED,2.0,0,1,0,1.0,EXECUTIVE,21661.0
204352,0,36.0,SELFENQUIRY,1,23.0,SALARIED,MALE,4,4.0,STANDARD,3.0,MARRIED,6.0,1,1,0,1.0,SENIORMANAGER,26310.0
204353,1,32.0,COMPANYINVITED,1,27.0,SALARIED,MALE,4,4.0,STANDARD,3.0,MARRIED,5.0,0,3,1,1.0,SENIORMANAGER,28502.0
204354,1,35.0,COMPANYINVITED,2,30.0,SALARIED,FEMALE,3,4.0,STANDARD,5.0,MARRIED,2.0,1,3,1,1.0,SENIORMANAGER,28628.0
204355,0,43.0,COMPANYINVITED,1,12.0,SALARIED,MALE,4,4.0,BASIC,3.0,MARRIED,6.0,0,3,0,2.0,EXECUTIVE,20771.0
204356,0,37.0,COMPANYINVITED,3,17.0,SMALLBUSINESS,MALE,3,4.0,STANDARD,3.0,SINGLE,3.0,0,1,1,2.0,SENIORMANAGER,28658.0
204357,1,23.0,COMPANYINVITED,1,11.0,LARGEBUSINESS,MALE,4,5.0,BASIC,3.0,UNMARRIED,7.0,0,5,0,1.0,EXECUTIVE,22572.0
204358,0,49.0,SELFENQUIRY,3,9.0,SMALLBUSINESS,FEMALE,3,4.0,DELUXE,3.0,MARRIED,4.0,0,5,1,1.0,MANAGER,22729.0
204360,0,42.0,COMPANYINVITED,3,17.0,SALARIED,MALE,3,4.0,DELUXE,3.0,UNMARRIED,2.0,0,1,0,2.0,MANAGER,24908.0
204361,0,36.0,SELFENQUIRY,3,7.0,SMALLBUSINESS,MALE,3,4.0,DELUXE,3.0,MARRIED,2.0,0,3,0,2.0,MANAGER,23395.0
204362,0,41.0,SELFENQUIRY,1,13.0,SALARIED,FEMALE,4,4.0,SUPERDELUXE,3.0,SINGLE,2.0,0,5,1,1.0,AVP,31915.0
204363,0,40.0,COMPANYINVITED,1,15.0,SALARIED,FEMALE,3,4.0,BASIC,3.0,MARRIED,3.0,0,1,1,2.0,EXECUTIVE,22433.0
204364,0,32.0,SELFENQUIRY,3,9.0,SALARIED,MALE,4,4.0,DELUXE,3.0,UNMARRIED,6.0,1,5,1,2.0,MANAGER,25260.0
204365,0,43.0,SELFENQUIRY,1,31.0,SMALLBUSINESS,MALE,3,4.0,STANDARD,5.0,MARRIED,3.0,1,1,1,1.0,SENIORMANAGER,26084.0
204366,0,46.0,SELFENQUIRY,3,9.0,SALARIED,MALE,4,4.0,DELUXE,4.0,MARRIED,2.0,0,5,1,3.0,MANAGER,23483.0
204367,1,27.0,COMPANYINVITED,2,24.0,SALARIED,FEMALE,3,4.0,BASIC,3.0,MARRIED,2.0,1,5,0,2.0,EXECUTIVE,21419.0
204368,0,30.0,SELFENQUIRY,1,26.0,LARGEBUSINESS,MALE,3,4.0,DELUXE,3.0,MARRIED,6.0,0,5,1,1.0,MANAGER,22940.0
204370,0,32.0,SELFENQUIRY,3,14.0,SALARIED,MALE,3,5.0,STANDARD,3.0,MARRIED,2.0,0,3,1,1.0,SENIORMANAGER,30235.0
204371,1,19.0,COMPANYINVITED,3,12.0,SMALLBUSINESS,MALE,4,4.0,BASIC,4.0,SINGLE,3.0,1,4,1,1.0,EXECUTIVE,20556.0
204372,0,41.0,COMPANYINVITED,3,35.0,SALARIED,MALE,3,6.0,STANDARD,5.0,MARRIED,5.0,0,5,0,2.0,SENIORMANAGER,29610.0
204373,0,42.0,COMPANYINVITED,1,9.0,SALARIED,FEMALE,4,5.0,DELUXE,3.0,UNMARRIED,4.0,1,1,0,1.0,MANAGER,25489.0
204374,0,27.0,SELFENQUIRY,3,36.0,SMALLBUSINESS,MALE,3,4.0,DELUXE,3.0,MARRIED,7.0,0,5,0,1.0,MANAGER,22984.0
204375,0,36.0,SELFENQUIRY,3,7.0,SMALLBUSINESS,FEMALE,4,4.0,DELUXE,3.0,UNMARRIED,3.0,0,4,1,1.0,MANAGER,23537.0
204376,0,35.0,SELFENQUIRY,3,28.0,SALARIED,MALE,4,2.0,DELUXE,3.0,UNMARRIED,3.0,0,3,0,1.0,MANAGER,24015.0
204377,1,27.0,SELFENQUIRY,1,31.0,LARGEBUSINESS,MALE,4,6.0,BASIC,3.0,SINGLE,3.0,1,3,0,2.0,EXECUTIVE,21018.0
204378,0,38.0,SELFENQUIRY,1,7.0,LARGEBUSINESS,FEMALE,3,4.0,STANDARD,3.0,UNMARRIED,6.0,0,5,1,1.0,SENIORMANAGER,26169.0
204379,0,47.0,COMPANYINVITED,1,25.0,SMALLBUSINESS,FEMALE,3,4.0,STANDARD,3.0,MARRIED,7.0,0,3,0,2.0,SENIORMANAGER,29205.0
204381,0,38.0,COMPANYINVITED,3,16.0,SMALLBUSINESS,MALE,4,4.0,STANDARD,4.0,MARRIED,3.0,0,1,1,3.0,SENIORMANAGER,27512.0
204382,0,53.0,SELFENQUIRY,1,13.0,LARGEBUSINESS,MALE,4,4.0,DELUXE,5.0,MARRIED,5.0,1,4,1,2.0,MANAGER,24255.0
204383,1,33.0,COMPANYINVITED,3,18.0,SALARIED,MALE,3,2.0,DELUXE,3.0,MARRIED,2.0,0,3,1,1.0,MANAGER,23385.0
204384,0,25.0,COMPANYINVITED,3,31.0,SMALLBUSINESS,MALE,3,4.0,BASIC,3.0,MARRIED,2.0,0,4,1,2.0,EXECUTIVE,21078.0
204385,0,39.0,SELFENQUIRY,1,17.0,SMALLBUSINESS,FEMALE,4,4.0,DELUXE,3.0,MARRIED,5.0,0,3,0,2.0,MANAGER,28502.0
204386,0,38.0,SELFENQUIRY,1,7.0,SALARIED,FEMALE,4,4.0,DELUXE,4.0,MARRIED,8.0,0,1,1,3.0,MANAGER,25125.0
204388,0,25.0,SELFENQUIRY,1,30.0,SMALLBUSINESS,MALE,3,2.0,BASIC,3.0,MARRIED,3.0,1,4,0,1.0,EXECUTIVE,21403.0
204389,0,27.0,SELFENQUIRY,3,35.0,SMALLBUSINESS,MALE,4,4.0,DELUXE,4.0,MARRIED,3.0,0,3,0,1.0,MANAGER,24950.0
204390,0,25.0,SELFENQUIRY,1,24.0,SALARIED,MALE,4,5.0,BASIC,4.0,MARRIED,3.0,0,3,1,2.0,EXECUTIVE,20805.0
204392,0,26.0,SELFENQUIRY,3,20.0,SMALLBUSINESS,MALE,3,4.0,BASIC,3.0,MARRIED,3.0,0,3,1,2.0,EXECUTIVE,20774.0
204393,1,25.0,COMPANYINVITED,1,14.0,SALARIED,FEMALE,3,4.0,BASIC,3.0,MARRIED,3.0,1,4,0,1.0,EXECUTIVE,21564.0
204394,1,31.0,COMPANYINVITED,3,19.0,SALARIED,MALE,4,5.0,BASIC,5.0,MARRIED,3.0,0,5,1,3.0,EXECUTIVE,20711.0
204395,0,35.0,SELFENQUIRY,1,7.0,SALARIED,MALE,3,5.0,BASIC,3.0,MARRIED,3.0,1,1,1,2.0,EXECUTIVE,22300.0
204396,1,32.0,SELFENQUIRY,3,20.0,SMALLBUSINESS,MALE,3,4.0,DELUXE,5.0,MARRIED,4.0,0,1,0,2.0,MANAGER,22911.0
204397,0,36.0,SELFENQUIRY,1,32.0,SALARIED,MALE,3,5.0,DELUXE,3.0,UNMARRIED,6.0,0,1,1,1.0,MANAGER,22359.0
204398,0,32.0,SELFENQUIRY,3,13.0,SMALLBUSINESS,MALE,4,2.0,DELUXE,3.0,MARRIED,6.0,0,5,1,2.0,MANAGER,24138.0
204399,0,28.0,SELFENQUIRY,1,13.0,SMALLBUSINESS,FEMALE,4,5.0,BASIC,3.0,MARRIED,2.0,0,1,0,2.0,EXECUTIVE,20865.0
204400,0,38.0,SELFENQUIRY,3,9.0,SMALLBUSINESS,MALE,4,4.0,DELUXE,3.0,MARRIED,6.0,1,3,0,3.0,MANAGER,28280.0
204401,0,21.0,SELFENQUIRY,1,7.0,SALARIED,FEMALE,3,5.0,BASIC,4.0,UNMARRIED,3.0,0,4,0,2.0,EXECUTIVE,21514.0
204402,0,43.0,SELFENQUIRY,1,9.0,SALARIED,FEMALE,3,4.0,DELUXE,3.0,MARRIED,3.0,0,1,0,1.0,MANAGER,22767.0
204404,0,39.0,SELFENQUIRY,1,7.0,SALARIED,FEMALE,3,4.0,BASIC,5.0,UNMARRIED,5.0,0,1,0,2.0,EXECUTIVE,21297.0
204405,0,44.0,COMPANYINVITED,1,16.0,SMALLBUSINESS,MALE,4,4.0,DELUXE,3.0,MARRIED,5.0,1,3,1,3.0,MANAGER,24357.0
204406,0,49.0,SELFENQUIRY,1,7.0,SALARIED,FEMALE,3,5.0,SUPERDELUXE,5.0,MARRIED,2.0,0,4,0,1.0,AVP,34080.0
204407,0,45.0,SELFENQUIRY,2,7.0,SALARIED,FEMALE,3,5.0,DELUXE,3.0,UNMARRIED,6.0,0,5,1,2.0,MANAGER,24663.0
204408,0,35.0,SELFENQUIRY,3,21.0,LARGEBUSINESS,FEMALE,3,4.0,BASIC,3.0,MARRIED,3.0,1,5,1,1.0,EXECUTIVE,21257.0
204409,1,28.0,SELFENQUIRY,3,9.0,SMALLBUSINESS,MALE,3,4.0,BASIC,5.0,MARRIED,2.0,0,5,1,2.0,EXECUTIVE,21719.0
204410,0,22.0,SELFENQUIRY,3,29.0,LARGEBUSINESS,MALE,3,4.0,BASIC,3.0,UNMARRIED,3.0,0,1,0,1.0,EXECUTIVE,22125.0
204412,0,23.0,SELFENQUIRY,1,13.0,SMALLBUSINESS,MALE,4,4.0,BASIC,3.0,MARRIED,2.0,0,1,1,2.0,EXECUTIVE,21451.0
204413,0,34.0,SELFENQUIRY,3,15.0,SMALLBUSINESS,MALE,3,4.0,DELUXE,3.0,MARRIED,2.0,0,1,0,1.0,MANAGER,25782.0
204414,0,33.0,SELFENQUIRY,1,16.0,SALARIED,FEMALE,4,4.0,DELUXE,3.0,MARRIED,3.0,1,5,1,3.0,MANAGER,25000.0
204415,0,31.0,COMPANYINVITED,1,10.0,SMALLBUSINESS,FEMALE,4,4.0,BASIC,3.0,MARRIED,3.0,0,3,1,2.0,EXECUTIVE,20761.0
204416,0,54.0,SELFENQUIRY,3,7.0,SMALLBUSINESS,FEMALE,3,4.0,DELUXE,5.0,UNMARRIED,2.0,0,1,1,2.0,MANAGER,27059.0
204417,0,35.0,SELFENQUIRY,1,7.0,SALARIED,MALE,3,4.0,BASIC,3.0,MARRIED,3.0,0,3,1,2.0,EXECUTIVE,21369.0
204418,1,46.0,COMPANYINVITED,3,33.0,SALARIED,FEMALE,4,4.0,DELUXE,5.0,MARRIED,4.0,0,1,0,3.0,MANAGER,22964.0
204419,0,27.0,SELFENQUIRY,1,13.0,SALARIED,FEMALE,4,4.0,BASIC,3.0,MARRIED,3.0,1,1,0,2.0,EXECUTIVE,21337.0
204420,0,38.0,SELFENQUIRY,1,10.0,SALARIED,MALE,3,4.0,STANDARD,3.0,MARRIED,3.0,0,1,1,1.0,SENIORMANAGER,28112.0
204421,0,30.0,SELFENQUIRY,3,10.0,SMALLBUSINESS,FEMALE,4,4.0,DELUXE,3.0,MARRIED,3.0,0,1,0,1.0,MANAGER,24239.0
204422,0,36.0,SELFENQUIRY,1,13.0,SALARIED,MALE,3,6.0,DELUXE,3.0,UNMARRIED,3.0,0,5,0,2.0,MANAGER,25324.0
204423,0,34.0,COMPANYINVITED,1,13.0,SALARIED,MALE,2,4.0,DELUXE,3.0,MARRIED,5.0,0,5,1,1.0,MANAGER,26403.0
204424,0,55.0,SELFENQUIRY,2,26.0,SMALLBUSINESS,MALE,3,4.0,STANDARD,4.0,MARRIED,4.0,0,3,1,2.0,SENIORMANAGER,29403.0
204425,0,37.0,SELFENQUIRY,1,16.0,SMALLBUSINESS,MALE,3,5.0,DELUXE,4.0,MARRIED,4.0,1,4,0,2.0,MANAGER,27525.0
204426,0,28.0,SELFENQUIRY,1,10.0,SMALLBUSINESS,MALE,3,5.0,BASIC,3.0,SINGLE,2.0,0,1,1,2.0,EXECUTIVE,20723.0
204428,1,34.0,COMPANYINVITED,1,10.0,SALARIED,MALE,4,4.0,BASIC,5.0,UNMARRIED,3.0,1,5,1,1.0,EXECUTIVE,22026.0
204430,0,24.0,SELFENQUIRY,1,11.0,SMALLBUSINESS,MALE,3,2.0,BASIC,5.0,MARRIED,4.0,0,4,0,2.0,EXECUTIVE,21497.0
204431,0,26.0,SELFENQUIRY,3,15.0,SALARIED,MALE,3,2.0,DELUXE,4.0,MARRIED,2.0,0,4,1,1.0,MANAGER,23529.0
204432,0,39.0,SELFENQUIRY,3,14.0,SMALLBUSINESS,FEMALE,3,5.0,DELUXE,3.0,UNMARRIED,2.0,0,1,1,1.0,MANAGER,22706.0
204433,0,30.0,COMPANYINVITED,1,7.0,SALARIED,MALE,4,6.0,BASIC,3.0,MARRIED,3.0,0,1,0,3.0,EXECUTIVE,21398.0
204434,0,49.0,SELFENQUIRY,3,9.0,SMALLBUSINESS,MALE,3,2.0,DELUXE,4.0,MARRIED,5.0,0,3,0,2.0,MANAGER,26798.0
204435,0,28.0,COMPANYINVITED,3,10.0,SMALLBUSINESS,FEMALE,4,2.0,DELUXE,3.0,MARRIED,3.0,1,1,1,1.0,MANAGER,23325.0
204436,0,38.0,SELFENQUIRY,1,17.0,SALARIED,MALE,4,2.0,BASIC,3.0,UNMARRIED,5.0,0,4,1,3.0,EXECUTIVE,23358.0
204437,0,51.0,SELFENQUIRY,1,35.0,SMALLBUSINESS,MALE,4,2.0,BASIC,3.0,MARRIED,3.0,1,1,0,2.0,EXECUTIVE,21899.0
204438,0,35.0,SELFENQUIRY,1,16.0,SMALLBUSINESS,FEMALE,3,5.0,STANDARD,4.0,UNMARRIED,3.0,0,1,1,1.0,SENIORMANAGER,27299.0
204439,1,25.0,SELFENQUIRY,3,10.0,SALARIED,FEMALE,4,4.0,DELUXE,3.0,UNMARRIED,2.0,0,1,1,2.0,MANAGER,23255.0
204440,0,40.0,SELFENQUIRY,1,9.0,LARGEBUSINESS,FEMALE,4,5.0,DELUXE,3.0,UNMARRIED,3.0,0,1,1,2.0,MANAGER,23231.0
204441,0,33.0,SELFENQUIRY,3,17.0,SMALLBUSINESS,MALE,3,4.0,DELUXE,3.0,UNMARRIED,3.0,0,4,1,2.0,MANAGER,24074.0
204442,1,51.0,COMPANYINVITED,3,15.0,LARGEBUSINESS,MALE,3,4.0,DELUXE,3.0,MARRIED,5.0,1,5,0,1.0,MANAGER,25474.0
204443,0,39.0,SELFENQUIRY,1,7.0,SALARIED,FEMALE,3,2.0,DELUXE,3.0,UNMARRIED,2.0,0,1,0,1.0,MANAGER,26303.0
204444,0,28.0,SELFENQUIRY,1,7.0,SALARIED,FEMALE,4,4.0,STANDARD,5.0,MARRIED,3.0,0,4,0,3.0,SENIORMANAGER,26090.0
204445,0,33.0,SELFENQUIRY,1,10.0,SALARIED,FEMALE,3,4.0,STANDARD,3.0,SINGLE,5.0,0,1,1,1.0,SENIORMANAGER,29837.0
204446,0,48.0,SELFENQUIRY,3,21.0,SMALLBUSINESS,MALE,3,4.0,DELUXE,5.0,UNMARRIED,4.0,0,1,1,2.0,MANAGER,23638.0
204447,0,41.0,COMPANYINVITED,3,12.0,SALARIED,MALE,3,5.0,STANDARD,5.0,MARRIED,7.0,1,5,0,1.0,SENIORMANAGER,29153.0
204448,0,54.0,SELFENQUIRY,1,14.0,SALARIED,MALE,3,2.0,SUPERDELUXE,3.0,MARRIED,5.0,0,1,0,2.0,AVP,33492.0
204450,0,61.0,SELFENQUIRY,3,23.0,SMALLBUSINESS,MALE,3,4.0,DELUXE,5.0,UNMARRIED,2.0,0,4,1,2.0,MANAGER,24083.0
204451,0,28.0,COMPANYINVITED,1,17.0,SALARIED,MALE,3,4.0,STANDARD,5.0,MARRIED,3.0,0,3,0,2.0,SENIORMANAGER,27471.0
204453,0,51.0,SELFENQUIRY,3,15.0,SMALLBUSINESS,MALE,3,4.0,BASIC,4.0,MARRIED,2.0,0,1,0,2.0,EXECUTIVE,22553.0
204454,1,29.0,SELFENQUIRY,1,7.0,SALARIED,FEMALE,4,6.0,BASIC,4.0,SINGLE,2.0,1,1,1,3.0,EXECUTIVE,20894.0
204455,0,37.0,COMPANYINVITED,1,15.0,SALARIED,FEMALE,4,2.0,STANDARD,5.0,MARRIED,2.0,0,3,0,2.0,SENIORMANAGER,30391.0
204456,0,39.0,SELFENQUIRY,1,7.0,SALARIED,FEMALE,3,4.0,STANDARD,3.0,UNMARRIED,6.0,1,1,0,2.0,SENIORMANAGER,26539.0
204457,0,45.0,COMPANYINVITED,1,31.0,SMALLBUSINESS,MALE,3,6.0,BASIC,3.0,UNMARRIED,4.0,0,3,0,1.0,EXECUTIVE,22386.0
204458,0,48.0,COMPANYINVITED,3,10.0,SMALLBUSINESS,FEMALE,3,4.0,SUPERDELUXE,3.0,MARRIED,2.0,1,5,1,1.0,AVP,32448.0
204459,0,31.0,SELFENQUIRY,3,34.0,SMALLBUSINESS,MALE,4,4.0,DELUXE,3.0,MARRIED,2.0,0,3,1,3.0,MANAGER,23982.0
204460,0,30.0,SELFENQUIRY,3,17.0,SALARIED,MALE,4,4.0,BASIC,3.0,UNMARRIED,3.0,0,4,1,1.0,EXECUTIVE,21320.0
204461,1,43.0,COMPANYINVITED,1,26.0,SMALLBUSINESS,MALE,3,2.0,BASIC,3.0,MARRIED,8.0,1,3,0,1.0,EXECUTIVE,21437.0
204462,0,44.0,COMPANYINVITED,3,22.0,SALARIED,MALE,3,5.0,DELUXE,3.0,MARRIED,5.0,0,5,1,1.0,MANAGER,25482.0
204463,0,35.0,SELFENQUIRY,1,15.0,SMALLBUSINESS,FEMALE,4,4.0,DELUXE,3.0,UNMARRIED,5.0,0,4,0,2.0,MANAGER,24820.0
204464,0,24.0,SELFENQUIRY,1,16.0,SMALLBUSINESS,MALE,3,4.0,BASIC,5.0,MARRIED,3.0,0,3,1,1.0,EXECUTIVE,21178.0
204465,0,40.0,SELFENQUIRY,2,10.0,SALARIED,FEMALE,3,2.0,DELUXE,4.0,MARRIED,2.0,0,1,0,1.0,MANAGER,25067.0
204466,0,57.0,SELFENQUIRY,1,16.0,SMALLBUSINESS,MALE,3,4.0,SUPERDELUXE,3.0,MARRIED,2.0,0,4,0,1.0,AVP,29781.0
204467,0,41.0,SELFENQUIRY,1,9.0,SMALLBUSINESS,FEMALE,3,5.0,BASIC,3.0,SINGLE,2.0,1,3,0,1.0,EXECUTIVE,21020.0
204468,0,28.0,SELFENQUIRY,1,14.0,SMALLBUSINESS,FEMALE,3,5.0,DELUXE,5.0,UNMARRIED,2.0,0,3,1,1.0,MANAGER,25489.0
204469,0,30.0,SELFENQUIRY,3,17.0,SMALLBUSINESS,MALE,3,4.0,BASIC,4.0,MARRIED,3.0,0,1,1,1.0,EXECUTIVE,20975.0
204470,0,54.0,SELFENQUIRY,1,13.0,SALARIED,MALE,3,4.0,DELUXE,3.0,SINGLE,4.0,0,5,1,2.0,MANAGER,21128.0
204471,0,36.0,COMPANYINVITED,1,9.0,SALARIED,FEMALE,4,4.0,DELUXE,5.0,MARRIED,4.0,0,4,1,3.0,MANAGER,23771.0
204472,0,33.0,COMPANYINVITED,1,31.0,SALARIED,MALE,4,4.0,DELUXE,3.0,MARRIED,3.0,0,4,1,3.0,MANAGER,23987.0
204473,0,39.0,SELFENQUIRY,1,9.0,SMALLBUSINESS,MALE,4,4.0,BASIC,3.0,MARRIED,8.0,1,4,0,3.0,EXECUTIVE,21735.0
204474,0,35.0,SELFENQUIRY,1,15.0,SALARIED,FEMALE,3,4.0,DELUXE,5.0,MARRIED,5.0,0,5,1,2.0,MANAGER,23799.0
204476,1,34.0,SELFENQUIRY,1,7.0,SALARIED,MALE,4,4.0,BASIC,3.0,UNMARRIED,3.0,1,3,1,1.0,EXECUTIVE,21364.0
204477,0,26.0,SELFENQUIRY,3,33.0,SMALLBUSINESS,FEMALE,3,4.0,DELUXE,3.0,UNMARRIED,3.0,0,4,0,1.0,MANAGER,24858.0
204478,0,46.0,SELFENQUIRY,3,9.0,LARGEBUSINESS,MALE,3,6.0,DELUXE,3.0,UNMARRIED,2.0,0,5,1,2.0,MANAGER,25310.0
204479,0,24.0,SELFENQUIRY,1,17.0,SMALLBUSINESS,MALE,4,2.0,BASIC,3.0,UNMARRIED,3.0,0,1,0,2.0,EXECUTIVE,22183.0
204480,1,48.0,COMPANYINVITED,3,34.0,SALARIED,FEMALE,4,2.0,DELUXE,3.0,UNMARRIED,6.0,1,4,0,2.0,MANAGER,25075.0
204481,0,35.0,SELFENQUIRY,3,9.0,SALARIED,MALE,3,4.0,DELUXE,3.0,UNMARRIED,3.0,0,5,0,2.0,MANAGER,24952.0
204483,0,37.0,COMPANYINVITED,3,15.0,SALARIED,MALE,4,5.0,STANDARD,5.0,UNMARRIED,3.0,0,1,0,1.0,SENIORMANAGER,26265.0
204484,0,53.0,COMPANYINVITED,1,26.0,SMALLBUSINESS,MALE,3,4.0,BASIC,3.0,MARRIED,2.0,0,3,1,1.0,EXECUTIVE,22936.0
204485,0,27.0,COMPANYINVITED,1,7.0,SALARIED,FEMALE,4,6.0,BASIC,3.0,MARRIED,5.0,0,4,1,1.0,EXECUTIVE,23042.0
204486,0,30.0,SELFENQUIRY,1,34.0,SMALLBUSINESS,FEMALE,4,4.0,DELUXE,3.0,MARRIED,6.0,0,1,0,2.0,MANAGER,23013.0
204487,1,27.0,SELFENQUIRY,3,15.0,LARGEBUSINESS,MALE,3,5.0,DELUXE,5.0,UNMARRIED,8.0,0,3,0,1.0,MANAGER,24004.0
204488,0,35.0,SELFENQUIRY,1,7.0,SALARIED,FEMALE,4,2.0,BASIC,3.0,UNMARRIED,4.0,0,1,1,2.0,EXECUTIVE,21958.0
204489,0,55.0,SELFENQUIRY,1,26.0,SMALLBUSINESS,FEMALE,4,4.0,DELUXE,5.0,MARRIED,2.0,1,3,0,3.0,MANAGER,24163.0
204490,0,28.0,COMPANYINVITED,3,15.0,SMALLBUSINESS,MALE,3,4.0,DELUXE,3.0,MARRIED,2.0,0,3,1,2.0,MANAGER,23020.0
204491,0,38.0,SELFENQUIRY,1,17.0,SALARIED,FEMALE,3,4.0,BASIC,5.0,MARRIED,2.0,1,3,1,1.0,EXECUTIVE,21460.0
204492,0,39.0,COMPANYINVITED,1,9.0,SALARIED,FEMALE,4,2.0,DELUXE,5.0,UNMARRIED,8.0,1,1,0,1.0,MANAGER,24658.0
204493,0,35.0,SELFENQUIRY,1,9.0,SMALLBUSINESS,FEMALE,3,5.0,BASIC,5.0,UNMARRIED,3.0,0,1,1,1.0,EXECUTIVE,23059.0
204494,0,36.0,SELFENQUIRY,3,15.0,SALARIED,FEMALE,4,4.0,BASIC,3.0,MARRIED,3.0,0,3,1,3.0,EXECUTIVE,21250.0
204495,0,31.0,SELFENQUIRY,1,7.0,SALARIED,MALE,3,6.0,BASIC,3.0,MARRIED,5.0,0,4,1,1.0,EXECUTIVE,22511.0
204496,0,41.0,COMPANYINVITED,1,9.0,SMALLBUSINESS,FEMALE,3,2.0,DELUXE,4.0,MARRIED,3.0,0,3,0,1.0,MANAGER,22922.0
204497,0,35.0,SELFENQUIRY,3,15.0,SALARIED,FEMALE,4,4.0,DELUXE,5.0,MARRIED,7.0,0,1,1,3.0,MANAGER,25178.0
204499,1,24.0,SELFENQUIRY,1,13.0,SALARIED,MALE,4,2.0,BASIC,5.0,MARRIED,3.0,1,3,0,1.0,EXECUTIVE,20279.0
204500,0,25.0,COMPANYINVITED,1,16.0,SALARIED,MALE,3,5.0,BASIC,4.0,MARRIED,3.0,0,5,0,2.0,EXECUTIVE,21372.0
204501,0,53.0,SELFENQUIRY,1,18.0,SALARIED,FEMALE,3,4.0,DELUXE,3.0,MARRIED,2.0,0,1,1,1.0,MANAGER,21827.0
204503,1,30.0,SELFENQUIRY,1,7.0,SALARIED,FEMALE,3,5.0,BASIC,5.0,MARRIED,3.0,1,1,0,1.0,EXECUTIVE,20997.0
204504,0,34.0,SELFENQUIRY,1,14.0,SMALLBUSINESS,MALE,3,4.0,STANDARD,3.0,MARRIED,2.0,0,4,1,1.0,SENIORMANAGER,30369.0
204505,1,34.0,SELFENQUIRY,3,23.0,SMALLBUSINESS,FEMALE,4,4.0,DELUXE,5.0,UNMARRIED,7.0,0,3,1,1.0,MANAGER,24002.0
204507,0,37.0,SELFENQUIRY,1,7.0,SALARIED,FEMALE,3,4.0,DELUXE,4.0,MARRIED,2.0,0,5,1,2.0,MANAGER,23906.0
204508,0,30.0,SELFENQUIRY,1,30.0,SALARIED,MALE,3,2.0,BASIC,3.0,MARRIED,3.0,0,1,1,2.0,EXECUTIVE,21378.0
204510,0,36.0,SELFENQUIRY,1,7.0,SALARIED,FEMALE,3,2.0,BASIC,3.0,SINGLE,5.0,0,3,1,2.0,EXECUTIVE,21184.0
204511,0,43.0,SELFENQUIRY,1,7.0,SALARIED,FEMALE,3,5.0,DELUXE,3.0,MARRIED,2.0,1,3,0,1.0,MANAGER,24740.0
204512,1,29.0,SELFENQUIRY,1,9.0,SMALLBUSINESS,MALE,3,4.0,BASIC,3.0,UNMARRIED,8.0,0,3,1,2.0,EXECUTIVE,23060.0
204513,0,37.0,SELFENQUIRY,2,20.0,SALARIED,MALE,3,4.0,BASIC,4.0,MARRIED,6.0,0,3,1,2.0,EXECUTIVE,20821.0
204514,0,33.0,SELFENQUIRY,1,11.0,SALARIED,FEMALE,4,5.0,DELUXE,3.0,MARRIED,3.0,0,4,1,2.0,MANAGER,24840.0
204515,0,41.0,COMPANYINVITED,1,23.0,SMALLBUSINESS,MALE,3,5.0,DELUXE,3.0,UNMARRIED,8.0,0,5,0,1.0,MANAGER,23772.0
204516,0,31.0,SELFENQUIRY,1,9.0,SMALLBUSINESS,FEMALE,3,5.0,DELUXE,3.0,UNMARRIED,7.0,1,1,1,2.0,MANAGER,25555.0
204517,0,46.0,SELFENQUIRY,1,9.0,SALARIED,FEMALE,4,5.0,BASIC,3.0,SINGLE,3.0,0,3,1,1.0,EXECUTIVE,20952.0
204518,0,43.0,SELFENQUIRY,1,36.0,SALARIED,MALE,4,4.0,DELUXE,4.0,MARRIED,3.0,0,3,1,1.0,MANAGER,23112.0
204519,0,39.0,COMPANYINVITED,1,19.0,SALARIED,MALE,2,5.0,DELUXE,5.0,MARRIED,4.0,0,5,1,1.0,MANAGER,24966.0
204520,0,35.0,COMPANYINVITED,1,23.0,SALARIED,FEMALE,4,5.0,BASIC,3.0,SINGLE,3.0,0,5,1,3.0,EXECUTIVE,21231.0
204521,1,50.0,SELFENQUIRY,3,18.0,SMALLBUSINESS,FEMALE,3,4.0,STANDARD,3.0,MARRIED,3.0,0,4,0,1.0,SENIORMANAGER,26332.0
204522,1,56.0,SELFENQUIRY,3,9.0,SMALLBUSINESS,MALE,3,4.0,DELUXE,3.0,UNMARRIED,6.0,0,1,1,1.0,MANAGER,23838.0
204524,0,28.0,SELFENQUIRY,1,12.0,LARGEBUSINESS,MALE,3,5.0,STANDARD,3.0,MARRIED,3.0,1,3,1,2.0,SENIORMANAGER,31486.0
204525,0,36.0,SELFENQUIRY,1,14.0,SALARIED,MALE,3,4.0,STANDARD,3.0,SINGLE,5.0,0,3,0,2.0,SENIORMANAGER,28899.0
204526,0,29.0,SELFENQUIRY,3,9.0,SMALLBUSINESS,FEMALE,3,4.0,DELUXE,4.0,MARRIED,3.0,1,3,1,2.0,MANAGER,23457.0
204527,0,35.0,SELFENQUIRY,2,10.0,SALARIED,MALE,3,4.0,BASIC,3.0,MARRIED,2.0,0,1,1,1.0,EXECUTIVE,22415.0
204528,1,27.0,COMPANYINVITED,1,12.0,SMALLBUSINESS,FEMALE,3,5.0,BASIC,3.0,MARRIED,3.0,1,1,0,2.0,EXECUTIVE,21044.0
204529,0,28.0,COMPANYINVITED,1,10.0,SMALLBUSINESS,MALE,3,4.0,BASIC,3.0,MARRIED,3.0,0,1,0,1.0,EXECUTIVE,20384.0
204531,0,45.0,SELFENQUIRY,1,11.0,SMALLBUSINESS,MALE,3,4.0,DELUXE,4.0,UNMARRIED,2.0,0,1,1,2.0,MANAGER,24611.0
204532,0,26.0,SELFENQUIRY,1,9.0,SMALLBUSINESS,MALE,4,2.0,BASIC,5.0,UNMARRIED,2.0,0,1,0,2.0,EXECUTIVE,22102.0
204533,0,34.0,SELFENQUIRY,3,7.0,SMALLBUSINESS,MALE,3,2.0,DELUXE,5.0,MARRIED,3.0,0,4,0,2.0,MANAGER,22715.0
204534,0,36.0,SELFENQUIRY,1,34.0,SMALLBUSINESS,FEMALE,3,5.0,BASIC,5.0,SINGLE,3.0,0,4,0,2.0,EXECUTIVE,21237.0
204535,0,37.0,SELFENQUIRY,3,7.0,SALARIED,MALE,3,4.0,DELUXE,3.0,MARRIED,3.0,1,3,1,2.0,MANAGER,24879.0
204536,0,33.0,SELFENQUIRY,3,20.0,SALARIED,MALE,4,4.0,DELUXE,3.0,MARRIED,4.0,0,1,0,3.0,MANAGER,23081.0
204537,0,31.0,COMPANYINVITED,1,12.0,SALARIED,MALE,4,5.0,BASIC,3.0,MARRIED,2.0,0,5,0,1.0,EXECUTIVE,22439.0
204538,0,54.0,SELFENQUIRY,3,14.0,SMALLBUSINESS,FEMALE,4,5.0,STANDARD,3.0,MARRIED,2.0,1,1,0,2.0,SENIORMANAGER,29612.0
204539,0,46.0,SELFENQUIRY,3,16.0,SMALLBUSINESS,MALE,4,4.0,STANDARD,5.0,MARRIED,6.0,1,1,0,1.0,SENIORMANAGER,29439.0
204540,0,33.0,SELFENQUIRY,1,15.0,SMALLBUSINESS,FEMALE,4,2.0,DELUXE,3.0,MARRIED,7.0,0,3,1,3.0,MANAGER,23853.0
204541,0,53.0,COMPANYINVITED,1,32.0,SMALLBUSINESS,FEMALE,3,5.0,SUPERDELUXE,3.0,MARRIED,5.0,0,5,0,2.0,AVP,32504.0
204542,0,38.0,SELFENQUIRY,3,23.0,SMALLBUSINESS,MALE,4,5.0,DELUXE,3.0,MARRIED,6.0,0,5,1,1.0,MANAGER,25012.0
204543,0,29.0,SELFENQUIRY,2,15.0,SMALLBUSINESS,MALE,4,5.0,BASIC,3.0,MARRIED,3.0,0,1,1,1.0,EXECUTIVE,23614.0
204544,0,23.0,SELFENQUIRY,1,7.0,SALARIED,MALE,3,5.0,DELUXE,3.0,MARRIED,8.0,0,1,1,2.0,MANAGER,23453.0
204545,0,45.0,SELFENQUIRY,1,15.0,SALARIED,MALE,4,2.0,BASIC,3.0,MARRIED,4.0,1,3,1,1.0,EXECUTIVE,21496.0
204546,0,43.0,COMPANYINVITED,1,9.0,SMALLBUSINESS,MALE,3,4.0,BASIC,3.0,SINGLE,7.0,1,1,1,2.0,EXECUTIVE,21193.0
204547,0,37.0,SELFENQUIRY,2,15.0,SALARIED,MALE,4,5.0,BASIC,5.0,MARRIED,2.0,0,1,0,2.0,EXECUTIVE,21020.0
204548,0,26.0,SELFENQUIRY,3,10.0,SALARIED,MALE,4,4.0,DELUXE,5.0,MARRIED,3.0,1,4,0,3.0,MANAGER,22872.0
204549,0,36.0,SELFENQUIRY,1,16.0,SALARIED,FEMALE,4,5.0,STANDARD,3.0,MARRIED,3.0,1,4,1,3.0,SENIORMANAGER,29363.0
204550,1,36.0,COMPANYINVITED,1,32.0,SALARIED,FEMALE,4,4.0,BASIC,4.0,MARRIED,3.0,1,3,1,2.0,EXECUTIVE,20700.0
204551,0,33.0,COMPANYINVITED,1,7.0,SALARIED,MALE,4,4.0,BASIC,3.0,MARRIED,2.0,0,5,1,1.0,EXECUTIVE,20992.0
204552,0,26.0,SELFENQUIRY,3,11.0,SMALLBUSINESS,MALE,3,5.0,DELUXE,5.0,MARRIED,3.0,0,3,1,2.0,MANAGER,22934.0
204553,0,50.0,SELFENQUIRY,1,7.0,LARGEBUSINESS,FEMALE,3,4.0,BASIC,5.0,MARRIED,4.0,0,4,0,1.0,EXECUTIVE,22258.0
204554,0,25.0,COMPANYINVITED,1,11.0,SALARIED,MALE,3,5.0,BASIC,3.0,MARRIED,2.0,0,3,0,2.0,EXECUTIVE,21840.0
204555,0,33.0,COMPANYINVITED,3,12.0,SALARIED,MALE,3,4.0,DELUXE,4.0,MARRIED,3.0,0,3,1,2.0,MANAGER,25202.0
204556,0,39.0,SELFENQUIRY,3,16.0,SMALLBUSINESS,MALE,4,5.0,BASIC,4.0,MARRIED,2.0,0,4,0,3.0,EXECUTIVE,21577.0
204557,0,43.0,SELFENQUIRY,1,10.0,SALARIED,FEMALE,4,2.0,DELUXE,3.0,MARRIED,4.0,1,5,1,1.0,MANAGER,23909.0
204558,0,32.0,SELFENQUIRY,1,18.0,SALARIED,MALE,3,4.0,BASIC,3.0,MARRIED,5.0,1,3,0,1.0,EXECUTIVE,21034.0
204559,1,30.0,SELFENQUIRY,3,7.0,SMALLBUSINESS,FEMALE,3,5.0,BASIC,3.0,MARRIED,8.0,1,1,1,2.0,EXECUTIVE,21478.0
204560,0,54.0,SELFENQUIRY,3,15.0,SMALLBUSINESS,MALE,4,4.0,SUPERDELUXE,3.0,MARRIED,7.0,0,3,1,1.0,AVP,30514.0
204561,0,36.0,SELFENQUIRY,1,32.0,LARGEBUSINESS,MALE,4,5.0,STANDARD,4.0,MARRIED,5.0,0,3,1,2.0,SENIORMANAGER,29581.0
204562,0,38.0,COMPANYINVITED,3,28.0,SMALLBUSINESS,FEMALE,3,4.0,BASIC,3.0,MARRIED,7.0,0,1,1,1.0,EXECUTIVE,21651.0
204563,0,54.0,SELFENQUIRY,1,30.0,SALARIED,FEMALE,4,4.0,SUPERDELUXE,3.0,SINGLE,8.0,0,5,1,2.0,AVP,32953.0
204564,0,44.0,COMPANYINVITED,1,7.0,SALARIED,FEMALE,3,4.0,DELUXE,3.0,MARRIED,6.0,0,1,1,2.0,MANAGER,24240.0
204565,0,48.0,SELFENQUIRY,3,9.0,SMALLBUSINESS,FEMALE,3,4.0,DELUXE,3.0,MARRIED,2.0,1,1,1,2.0,MANAGER,23215.0
204566,0,38.0,COMPANYINVITED,3,26.0,SMALLBUSINESS,MALE,3,4.0,STANDARD,4.0,UNMARRIED,3.0,1,5,0,1.0,SENIORMANAGER,26320.0
204568,0,40.0,SELFENQUIRY,2,9.0,SALARIED,FEMALE,3,5.0,DELUXE,3.0,MARRIED,2.0,0,3,1,1.0,MANAGER,23882.0
204569,0,34.0,SELFENQUIRY,2,10.0,SALARIED,MALE,3,4.0,BASIC,4.0,MARRIED,5.0,1,5,0,2.0,EXECUTIVE,20955.0
204570,1,33.0,SELFENQUIRY,1,32.0,SALARIED,MALE,3,4.0,BASIC,3.0,UNMARRIED,3.0,1,5,0,1.0,EXECUTIVE,21473.0
204571,0,30.0,SELFENQUIRY,1,14.0,SMALLBUSINESS,FEMALE,4,5.0,BASIC,3.0,MARRIED,8.0,0,5,1,2.0,EXECUTIVE,21210.0
204572,0,45.0,SELFENQUIRY,1,16.0,SALARIED,MALE,4,4.0,BASIC,5.0,MARRIED,3.0,1,3,1,1.0,EXECUTIVE,21237.0
204573,0,29.0,SELFENQUIRY,3,12.0,SMALLBUSINESS,MALE,4,4.0,DELUXE,3.0,UNMARRIED,3.0,0,3,0,2.0,MANAGER,23586.0
204574,1,59.0,COMPANYINVITED,1,9.0,SALARIED,MALE,3,5.0,BASIC,3.0,MARRIED,2.0,1,1,1,1.0,EXECUTIVE,21058.0
204575,0,44.0,SELFENQUIRY,1,15.0,SALARIED,FEMALE,3,4.0,DELUXE,4.0,MARRIED,6.0,0,3,1,1.0,MANAGER,23443.0
204576,1,21.0,SELFENQUIRY,3,9.0,SMALLBUSINESS,FEMALE,3,5.0,BASIC,3.0,SINGLE,3.0,0,4,1,1.0,EXECUTIVE,20722.0
204577,1,22.0,SELFENQUIRY,1,25.0,SALARIED,FEMALE,4,4.0,BASIC,3.0,UNMARRIED,3.0,0,3,1,3.0,EXECUTIVE,21371.0
204578,0,37.0,SELFENQUIRY,1,21.0,SALARIED,MALE,4,4.0,DELUXE,3.0,MARRIED,2.0,1,5,1,1.0,MANAGER,25264.0
204579,0,48.0,SELFENQUIRY,3,9.0,SALARIED,FEMALE,4,5.0,BASIC,3.0,UNMARRIED,3.0,1,1,0,1.0,EXECUTIVE,21972.0
204580,1,23.0,SELFENQUIRY,1,10.0,SALARIED,FEMALE,3,4.0,DELUXE,3.0,MARRIED,2.0,1,5,1,2.0,MANAGER,22849.0
204581,1,42.0,SELFENQUIRY,1,9.0,SALARIED,FEMALE,3,6.0,BASIC,3.0,MARRIED,6.0,1,3,0,2.0,EXECUTIVE,21456.0
204582,0,29.0,SELFENQUIRY,1,16.0,SMALLBUSINESS,FEMALE,4,4.0,BASIC,3.0,MARRIED,7.0,0,3,0,1.0,EXECUTIVE,21055.0
204583,1,40.0,SELFENQUIRY,1,13.0,SMALLBUSINESS,MALE,4,4.0,BASIC,5.0,MARRIED,2.0,1,1,1,2.0,EXECUTIVE,21082.0
204584,0,28.0,SELFENQUIRY,1,11.0,SALARIED,FEMALE,4,4.0,BASIC,3.0,SINGLE,3.0,0,1,0,1.0,EXECUTIVE,20996.0
204585,0,35.0,SELFENQUIRY,1,17.0,SALARIED,MALE,3,4.0,BASIC,4.0,MARRIED,3.0,0,1,1,2.0,EXECUTIVE,20686.0
204586,0,43.0,SELFENQUIRY,3,21.0,SMALLBUSINESS,FEMALE,4,5.0,DELUXE,3.0,UNMARRIED,2.0,0,3,1,1.0,MANAGER,24922.0
204587,0,34.0,SELFENQUIRY,1,7.0,SALARIED,MALE,4,5.0,BASIC,5.0,UNMARRIED,5.0,1,4,1,2.0,EXECUTIVE,21477.0
204588,0,59.0,SELFENQUIRY,1,12.0,LARGEBUSINESS,FEMALE,3,5.0,STANDARD,4.0,MARRIED,4.0,1,5,1,2.0,SENIORMANAGER,29230.0
204589,0,32.0,SELFENQUIRY,3,14.0,SALARIED,MALE,3,5.0,BASIC,3.0,MARRIED,5.0,0,4,1,2.0,EXECUTIVE,21007.0
204590,0,36.0,SELFENQUIRY,1,28.0,SALARIED,FEMALE,3,4.0,DELUXE,3.0,MARRIED,3.0,1,3,0,1.0,MANAGER,22692.0
204591,0,50.0,SELFENQUIRY,1,15.0,SALARIED,FEMALE,3,4.0,STANDARD,4.0,MARRIED,6.0,0,4,0,2.0,SENIORMANAGER,26081.0
204592,0,49.0,SELFENQUIRY,1,27.0,SMALLBUSINESS,MALE,3,4.0,BASIC,3.0,MARRIED,6.0,0,1,1,1.0,EXECUTIVE,20937.0
204593,0,32.0,COMPANYINVITED,3,27.0,SMALLBUSINESS,FEMALE,3,4.0,DELUXE,3.0,MARRIED,3.0,0,1,1,2.0,MANAGER,25610.0
204594,0,37.0,SELFENQUIRY,1,14.0,SALARIED,MALE,4,4.0,BASIC,3.0,UNMARRIED,4.0,0,3,1,3.0,EXECUTIVE,23356.0
204595,0,39.0,SELFENQUIRY,1,7.0,LARGEBUSINESS,FEMALE,4,4.0,STANDARD,5.0,MARRIED,3.0,0,4,1,2.0,SENIORMANAGER,32260.0
204596,0,33.0,COMPANYINVITED,1,7.0,SALARIED,FEMALE,4,5.0,BASIC,4.0,MARRIED,8.0,0,3,0,3.0,EXECUTIVE,21010.0
204597,1,26.0,SELFENQUIRY,3,26.0,SMALLBUSINESS,MALE,3,5.0,BASIC,4.0,MARRIED,3.0,1,1,0,2.0,EXECUTIVE,21091.0
204598,0,41.0,SELFENQUIRY,3,17.0,SMALLBUSINESS,MALE,4,5.0,STANDARD,4.0,MARRIED,4.0,0,4,0,1.0,SENIORMANAGER,28383.0
204599,0,27.0,COMPANYINVITED,3,7.0,SMALLBUSINESS,MALE,3,5.0,DELUXE,5.0,UNMARRIED,3.0,0,3,0,1.0,MANAGER,22972.0
204600,0,42.0,SELFENQUIRY,1,13.0,SMALLBUSINESS,MALE,3,4.0,BASIC,5.0,UNMARRIED,4.0,1,4,1,2.0,EXECUTIVE,23399.0
204601,0,37.0,SELFENQUIRY,1,9.0,SMALLBUSINESS,MALE,4,4.0,BASIC,3.0,SINGLE,6.0,0,5,1,2.0,EXECUTIVE,21197.0
204602,1,20.0,SELFENQUIRY,3,28.0,SALARIED,MALE,3,5.0,BASIC,4.0,SINGLE,3.0,1,1,1,2.0,EXECUTIVE,20799.0
204603,1,21.0,SELFENQUIRY,1,11.0,LARGEBUSINESS,MALE,3,4.0,BASIC,5.0,UNMARRIED,3.0,0,3,1,1.0,EXECUTIVE,21651.0
204604,0,32.0,SELFENQUIRY,1,19.0,SMALLBUSINESS,FEMALE,3,4.0,DELUXE,3.0,MARRIED,2.0,1,4,1,1.0,MANAGER,24533.0
204605,0,41.0,COMPANYINVITED,1,16.0,SMALLBUSINESS,MALE,3,4.0,BASIC,4.0,MARRIED,2.0,1,4,0,1.0,EXECUTIVE,22295.0
204606,0,33.0,SELFENQUIRY,1,10.0,SMALLBUSINESS,FEMALE,4,4.0,DELUXE,5.0,MARRIED,3.0,0,1,1,1.0,MANAGER,25403.0
204607,1,37.0,SELFENQUIRY,3,10.0,SALARIED,MALE,3,5.0,STANDARD,3.0,MARRIED,3.0,1,1,1,1.0,SENIORMANAGER,29003.0
204608,0,34.0,SELFENQUIRY,1,7.0,SALARIED,FEMALE,3,5.0,DELUXE,3.0,UNMARRIED,2.0,0,4,1,2.0,MANAGER,25627.0
204609,1,38.0,SELFENQUIRY,3,7.0,SALARIED,MALE,3,5.0,STANDARD,3.0,MARRIED,7.0,0,1,1,2.0,SENIORMANAGER,29287.0
204610,0,46.0,COMPANYINVITED,1,11.0,SALARIED,MALE,3,4.0,DELUXE,4.0,MARRIED,3.0,0,4,1,1.0,MANAGER,23125.0
204611,0,30.0,COMPANYINVITED,3,27.0,LARGEBUSINESS,FEMALE,3,4.0,BASIC,3.0,MARRIED,3.0,0,3,0,2.0,EXECUTIVE,20835.0
204612,0,36.0,SELFENQUIRY,3,25.0,SMALLBUSINESS,FEMALE,3,4.0,DELUXE,3.0,MARRIED,3.0,0,4,1,2.0,MANAGER,23279.0
204614,1,59.0,SELFENQUIRY,1,9.0,LARGEBUSINESS,MALE,3,4.0,BASIC,3.0,SINGLE,6.0,0,1,0,1.0,EXECUTIVE,21157.0
204615,0,54.0,SELFENQUIRY,3,9.0,SMALLBUSINESS,MALE,3,4.0,SUPERDELUXE,3.0,MARRIED,8.0,0,3,1,1.0,AVP,33530.0
204616,0,31.0,SELFENQUIRY,3,15.0,SALARIED,MALE,4,4.0,STANDARD,3.0,MARRIED,7.0,0,3,1,1.0,SENIORMANAGER,25942.0
204617,0,39.0,COMPANYINVITED,3,17.0,LARGEBUSINESS,FEMALE,3,4.0,DELUXE,3.0,UNMARRIED,3.0,1,3,1,1.0,MANAGER,24344.0
204618,0,36.0,SELFENQUIRY,3,10.0,SALARIED,MALE,4,4.0,STANDARD,3.0,MARRIED,8.0,0,5,0,3.0,SENIORMANAGER,26501.0
204619,0,40.0,SELFENQUIRY,3,9.0,SALARIED,MALE,3,2.0,STANDARD,3.0,UNMARRIED,2.0,0,1,0,1.0,SENIORMANAGER,26558.0
204620,1,41.0,COMPANYINVITED,3,31.0,SALARIED,FEMALE,4,2.0,SUPERDELUXE,4.0,SINGLE,6.0,1,3,1,1.0,AVP,31872.0
204621,0,48.0,COMPANYINVITED,1,23.0,SMALLBUSINESS,MALE,4,2.0,DELUXE,3.0,MARRIED,3.0,1,1,1,1.0,MANAGER,23745.0
204622,0,37.0,COMPANYINVITED,3,15.0,LARGEBUSINESS,MALE,3,4.0,DELUXE,3.0,MARRIED,6.0,0,3,1,2.0,MANAGER,23757.0
204623,1,32.0,COMPANYINVITED,1,16.0,SMALLBUSINESS,MALE,3,5.0,BASIC,5.0,SINGLE,2.0,1,3,0,2.0,EXECUTIVE,20999.0
204625,1,30.0,SELFENQUIRY,1,17.0,SALARIED,FEMALE,4,5.0,BASIC,5.0,SINGLE,8.0,1,5,1,1.0,EXECUTIVE,21082.0
204626,0,34.0,SELFENQUIRY,1,20.0,SALARIED,FEMALE,3,4.0,BASIC,3.0,UNMARRIED,5.0,0,3,1,1.0,EXECUTIVE,22130.0
204627,0,46.0,SELFENQUIRY,1,7.0,SMALLBUSINESS,FEMALE,4,4.0,BASIC,3.0,MARRIED,5.0,0,5,1,1.0,EXECUTIVE,20948.0
204629,0,34.0,COMPANYINVITED,1,7.0,SALARIED,FEMALE,3,2.0,DELUXE,4.0,MARRIED,3.0,1,3,1,1.0,MANAGER,24166.0
204631,0,28.0,SELFENQUIRY,1,23.0,LARGEBUSINESS,FEMALE,3,4.0,BASIC,4.0,MARRIED,2.0,0,1,1,1.0,EXECUTIVE,21489.0
204632,0,46.0,COMPANYINVITED,1,30.0,SALARIED,MALE,3,4.0,DELUXE,5.0,MARRIED,3.0,1,1,1,1.0,MANAGER,22311.0
204633,0,48.0,SELFENQUIRY,3,11.0,SALARIED,FEMALE,3,4.0,DELUXE,3.0,UNMARRIED,3.0,1,3,1,2.0,MANAGER,22841.0
204634,1,31.0,SELFENQUIRY,1,29.0,SALARIED,FEMALE,3,4.0,BASIC,3.0,MARRIED,6.0,1,1,0,1.0,EXECUTIVE,20810.0
204635,0,51.0,SELFENQUIRY,1,31.0,SALARIED,MALE,4,4.0,SUPERDELUXE,3.0,MARRIED,5.0,1,4,1,3.0,AVP,32651.0
204636,0,39.0,COMPANYINVITED,1,17.0,SMALLBUSINESS,MALE,4,4.0,BASIC,3.0,MARRIED,2.0,0,5,0,1.0,EXECUTIVE,21362.0
204637,0,47.0,SELFENQUIRY,1,14.0,SMALLBUSINESS,MALE,4,4.0,STANDARD,3.0,MARRIED,8.0,0,1,1,2.0,SENIORMANAGER,29523.0
204638,0,25.0,SELFENQUIRY,1,24.0,SMALLBUSINESS,FEMALE,3,5.0,DELUXE,3.0,MARRIED,3.0,0,3,0,1.0,MANAGER,23055.0
204639,1,36.0,SELFENQUIRY,1,21.0,SALARIED,MALE,3,5.0,BASIC,4.0,MARRIED,3.0,1,5,1,2.0,EXECUTIVE,22421.0
204640,0,32.0,COMPANYINVITED,1,7.0,SALARIED,FEMALE,4,4.0,DELUXE,5.0,MARRIED,3.0,0,5,1,1.0,MANAGER,22826.0
204642,0,55.0,SELFENQUIRY,1,24.0,LARGEBUSINESS,FEMALE,3,4.0,STANDARD,3.0,MARRIED,2.0,0,5,0,1.0,SENIORMANAGER,29417.0
204643,0,36.0,SELFENQUIRY,1,32.0,SMALLBUSINESS,FEMALE,3,4.0,STANDARD,3.0,MARRIED,3.0,1,3,0,2.0,SENIORMANAGER,29066.0
204644,0,31.0,SELFENQUIRY,1,15.0,SALARIED,FEMALE,4,2.0,STANDARD,5.0,MARRIED,2.0,1,1,0,3.0,SENIORMANAGER,30094.0
204645,1,21.0,SELFENQUIRY,1,18.0,SMALLBUSINESS,FEMALE,4,5.0,BASIC,5.0,UNMARRIED,3.0,1,3,1,3.0,EXECUTIVE,21278.0
204646,1,31.0,COMPANYINVITED,1,12.0,SMALLBUSINESS,FEMALE,3,4.0,BASIC,4.0,SINGLE,2.0,0,3,0,1.0,EXECUTIVE,21100.0
204647,0,27.0,SELFENQUIRY,1,9.0,SMALLBUSINESS,MALE,3,2.0,DELUXE,3.0,MARRIED,3.0,0,3,1,2.0,MANAGER,24150.0
204648,0,23.0,SELFENQUIRY,1,15.0,SALARIED,MALE,4,6.0,BASIC,5.0,MARRIED,3.0,0,1,0,2.0,EXECUTIVE,21129.0
204649,0,49.0,SELFENQUIRY,1,13.0,SALARIED,MALE,4,5.0,DELUXE,3.0,UNMARRIED,4.0,0,1,0,3.0,MANAGER,22918.0
204650,0,49.0,SELFENQUIRY,1,11.0,SALARIED,MALE,4,5.0,STANDARD,3.0,SINGLE,2.0,0,5,1,1.0,SENIORMANAGER,29677.0
204651,0,42.0,SELFENQUIRY,1,14.0,SMALLBUSINESS,FEMALE,3,4.0,DELUXE,3.0,UNMARRIED,8.0,0,3,1,2.0,MANAGER,23681.0
204652,0,40.0,SELFENQUIRY,1,7.0,SALARIED,FEMALE,4,5.0,SUPERDELUXE,3.0,MARRIED,3.0,0,3,1,1.0,AVP,31420.0
204653,0,28.0,SELFENQUIRY,1,9.0,SALARIED,FEMALE,3,4.0,DELUXE,3.0,MARRIED,2.0,0,5,1,1.0,MANAGER,22905.0
204654,0,36.0,SELFENQUIRY,1,17.0,SALARIED,MALE,3,4.0,BASIC,3.0,MARRIED,3.0,0,5,0,1.0,EXECUTIVE,22595.0
204656,0,51.0,SELFENQUIRY,1,16.0,SALARIED,MALE,4,4.0,BASIC,3.0,MARRIED,6.0,0,5,1,3.0,EXECUTIVE,21058.0
204657,0,60.0,SELFENQUIRY,1,9.0,SALARIED,FEMALE,4,5.0,SUPERDELUXE,3.0,SINGLE,5.0,1,5,1,1.0,AVP,32404.0
204658,1,38.0,SELFENQUIRY,1,18.0,SMALLBUSINESS,FEMALE,4,6.0,DELUXE,4.0,MARRIED,7.0,0,4,1,1.0,MANAGER,23455.0
204659,0,56.0,COMPANYINVITED,1,25.0,SMALLBUSINESS,MALE,4,4.0,DELUXE,4.0,MARRIED,5.0,1,5,1,2.0,MANAGER,25063.0
204661,0,39.0,SELFENQUIRY,3,10.0,SALARIED,MALE,3,4.0,DELUXE,3.0,UNMARRIED,2.0,1,3,1,1.0,MANAGER,25539.0
204662,1,27.0,COMPANYINVITED,3,36.0,SMALLBUSINESS,MALE,4,6.0,DELUXE,5.0,UNMARRIED,2.0,0,3,1,2.0,MANAGER,23647.0
204664,0,45.0,SELFENQUIRY,3,35.0,SMALLBUSINESS,FEMALE,3,2.0,SUPERDELUXE,3.0,MARRIED,5.0,1,1,1,1.0,AVP,31998.0
204665,0,51.0,COMPANYINVITED,3,7.0,SALARIED,FEMALE,4,4.0,DELUXE,3.0,MARRIED,2.0,0,1,0,2.0,MANAGER,25025.0
204666,1,37.0,SELFENQUIRY,1,23.0,SALARIED,FEMALE,3,2.0,BASIC,5.0,UNMARRIED,3.0,0,1,1,1.0,EXECUTIVE,21421.0
204667,0,40.0,COMPANYINVITED,1,29.0,SMALLBUSINESS,FEMALE,3,4.0,STANDARD,5.0,SINGLE,3.0,1,5,1,2.0,SENIORMANAGER,29558.0
204668,0,34.0,COMPANYINVITED,3,15.0,SALARIED,FEMALE,3,5.0,BASIC,3.0,SINGLE,2.0,0,1,0,2.0,EXECUTIVE,21020.0
204670,0,33.0,COMPANYINVITED,1,36.0,SMALLBUSINESS,FEMALE,4,4.0,BASIC,3.0,UNMARRIED,2.0,0,3,1,3.0,EXECUTIVE,22703.0
204671,0,35.0,SELFENQUIRY,3,7.0,SMALLBUSINESS,MALE,4,2.0,DELUXE,3.0,MARRIED,2.0,0,5,0,2.0,MANAGER,28403.0
204672,0,60.0,SELFENQUIRY,3,7.0,LARGEBUSINESS,MALE,4,4.0,STANDARD,3.0,MARRIED,5.0,1,1,1,1.0,SENIORMANAGER,30582.0
204673,0,46.0,SELFENQUIRY,2,31.0,SMALLBUSINESS,MALE,3,4.0,BASIC,4.0,SINGLE,3.0,0,4,0,2.0,EXECUTIVE,20855.0
204674,0,54.0,COMPANYINVITED,3,9.0,SMALLBUSINESS,FEMALE,3,5.0,STANDARD,4.0,MARRIED,4.0,0,1,1,1.0,SENIORMANAGER,26203.0
204675,1,37.0,SELFENQUIRY,1,22.0,SALARIED,MALE,3,4.0,DELUXE,3.0,MARRIED,2.0,0,4,0,2.0,MANAGER,23512.0
204676,1,27.0,COMPANYINVITED,1,9.0,SALARIED,MALE,3,4.0,BASIC,5.0,MARRIED,8.0,1,5,0,1.0,EXECUTIVE,20720.0
204677,0,35.0,SELFENQUIRY,3,17.0,SALARIED,FEMALE,3,4.0,BASIC,3.0,MARRIED,3.0,1,1,0,2.0,EXECUTIVE,20898.0
204679,0,39.0,COMPANYINVITED,1,10.0,SALARIED,MALE,3,4.0,BASIC,3.0,MARRIED,5.0,0,3,1,1.0,EXECUTIVE,21499.0
204681,0,38.0,SELFENQUIRY,1,10.0,SALARIED,FEMALE,3,4.0,DELUXE,4.0,UNMARRIED,5.0,0,4,1,1.0,MANAGER,22785.0
204682,0,41.0,SELFENQUIRY,3,33.0,SMALLBUSINESS,MALE,4,4.0,DELUXE,5.0,MARRIED,3.0,0,1,1,3.0,MANAGER,27074.0
204683,0,27.0,COMPANYINVITED,1,7.0,SMALLBUSINESS,FEMALE,4,5.0,BASIC,3.0,MARRIED,3.0,0,1,0,1.0,EXECUTIVE,20685.0
204685,0,55.0,SELFENQUIRY,3,9.0,SALARIED,FEMALE,3,5.0,STANDARD,3.0,MARRIED,8.0,0,5,1,2.0,SENIORMANAGER,29364.0
204686,0,57.0,COMPANYINVITED,1,16.0,SMALLBUSINESS,FEMALE,4,4.0,BASIC,3.0,MARRIED,4.0,0,1,1,1.0,EXECUTIVE,21620.0
204687,0,37.0,SELFENQUIRY,1,19.0,SMALLBUSINESS,FEMALE,3,5.0,STANDARD,3.0,UNMARRIED,2.0,0,1,1,1.0,SENIORMANAGER,27536.0
204689,0,44.0,SELFENQUIRY,3,32.0,SMALLBUSINESS,MALE,4,5.0,STANDARD,3.0,MARRIED,7.0,0,4,1,2.0,SENIORMANAGER,29476.0
204690,1,21.0,COMPANYINVITED,3,16.0,SMALLBUSINESS,FEMALE,3,4.0,BASIC,3.0,SINGLE,3.0,1,4,1,1.0,EXECUTIVE,21001.0
204691,1,22.0,SELFENQUIRY,1,17.0,SALARIED,FEMALE,3,5.0,BASIC,5.0,SINGLE,3.0,0,3,0,2.0,EXECUTIVE,20094.0
204692,0,47.0,SELFENQUIRY,1,15.0,SALARIED,FEMALE,4,5.0,DELUXE,5.0,MARRIED,2.0,1,1,1,3.0,MANAGER,23293.0
204693,1,52.0,SELFENQUIRY,1,11.0,SALARIED,MALE,3,4.0,BASIC,3.0,MARRIED,2.0,1,1,0,1.0,EXECUTIVE,21139.0
204694,1,29.0,COMPANYINVITED,1,31.0,LARGEBUSINESS,MALE,4,5.0,STANDARD,5.0,UNMARRIED,3.0,0,1,1,2.0,SENIORMANAGER,27400.0
204695,0,27.0,SELFENQUIRY,1,7.0,SMALLBUSINESS,MALE,3,5.0,BASIC,5.0,MARRIED,3.0,0,3,1,2.0,EXECUTIVE,22633.0
204696,0,31.0,SELFENQUIRY,1,27.0,SALARIED,MALE,3,4.0,DELUXE,5.0,MARRIED,2.0,0,4,0,2.0,MANAGER,28635.0
204697,0,42.0,SELFENQUIRY,1,14.0,LARGEBUSINESS,FEMALE,3,2.0,BASIC,3.0,MARRIED,3.0,0,3,0,1.0,EXECUTIVE,22054.0
204698,0,39.0,SELFENQUIRY,1,24.0,SALARIED,FEMALE,4,5.0,STANDARD,3.0,MARRIED,2.0,0,1,1,3.0,SENIORMANAGER,27501.0
204699,0,41.0,SELFENQUIRY,1,27.0,LARGEBUSINESS,MALE,4,4.0,STANDARD,3.0,MARRIED,6.0,0,3,1,2.0,SENIORMANAGER,29000.0
204700,0,28.0,COMPANYINVITED,1,15.0,SALARIED,MALE,3,6.0,BASIC,3.0,MARRIED,3.0,0,1,1,2.0,EXECUTIVE,23299.0
204701,0,56.0,COMPANYINVITED,1,9.0,SALARIED,MALE,4,4.0,STANDARD,4.0,MARRIED,5.0,0,1,0,2.0,SENIORMANAGER,29654.0
204702,0,29.0,SELFENQUIRY,1,17.0,SALARIED,FEMALE,3,4.0,DELUXE,3.0,UNMARRIED,5.0,0,4,0,2.0,MANAGER,22338.0
204703,1,45.0,SELFENQUIRY,2,7.0,SMALLBUSINESS,MALE,4,5.0,STANDARD,5.0,MARRIED,2.0,0,4,1,1.0,SENIORMANAGER,29160.0
204704,0,34.0,SELFENQUIRY,1,12.0,SALARIED,MALE,3,5.0,STANDARD,3.0,MARRIED,6.0,0,3,1,2.0,SENIORMANAGER,25797.0
204705,1,36.0,SELFENQUIRY,3,11.0,LARGEBUSINESS,MALE,3,4.0,STANDARD,5.0,UNMARRIED,2.0,1,4,1,2.0,SENIORMANAGER,28260.0
204706,1,34.0,COMPANYINVITED,1,36.0,SMALLBUSINESS,FEMALE,3,5.0,DELUXE,3.0,UNMARRIED,3.0,0,5,1,1.0,MANAGER,23186.0
204707,0,29.0,SELFENQUIRY,1,22.0,SALARIED,MALE,3,4.0,BASIC,3.0,MARRIED,3.0,0,4,0,1.0,EXECUTIVE,20885.0
204708,0,35.0,COMPANYINVITED,1,10.0,SALARIED,MALE,3,4.0,DELUXE,3.0,UNMARRIED,2.0,0,1,1,1.0,MANAGER,26434.0
204709,0,38.0,SELFENQUIRY,3,17.0,SALARIED,FEMALE,3,5.0,DELUXE,3.0,MARRIED,4.0,1,4,1,2.0,MANAGER,25372.0
204710,1,26.0,SELFENQUIRY,1,11.0,LARGEBUSINESS,MALE,3,4.0,BASIC,3.0,MARRIED,3.0,1,3,1,2.0,EXECUTIVE,22369.0
204711,1,27.0,SELFENQUIRY,1,28.0,SMALLBUSINESS,MALE,3,4.0,BASIC,3.0,MARRIED,3.0,0,5,1,1.0,EXECUTIVE,21055.0
204712,1,34.0,SELFENQUIRY,1,32.0,SMALLBUSINESS,MALE,3,5.0,BASIC,4.0,SINGLE,6.0,1,4,1,1.0,EXECUTIVE,20991.0
204714,1,29.0,COMPANYINVITED,1,7.0,SMALLBUSINESS,MALE,3,5.0,BASIC,4.0,MARRIED,3.0,0,4,1,1.0,EXECUTIVE,21274.0
204715,1,51.0,COMPANYINVITED,3,7.0,SALARIED,MALE,3,4.0,DELUXE,3.0,UNMARRIED,5.0,1,1,1,2.0,MANAGER,23406.0
204716,0,34.0,COMPANYINVITED,3,14.0,SALARIED,FEMALE,2,4.0,DELUXE,4.0,MARRIED,2.0,0,4,0,1.0,MANAGER,22980.0
204717,0,35.0,COMPANYINVITED,1,10.0,SALARIED,MALE,3,5.0,BASIC,3.0,MARRIED,5.0,0,1,0,1.0,EXECUTIVE,21657.0
204719,0,46.0,COMPANYINVITED,3,16.0,SALARIED,FEMALE,4,5.0,DELUXE,3.0,MARRIED,3.0,0,3,1,3.0,MANAGER,24271.0
204720,0,53.0,SELFENQUIRY,1,6.0,SALARIED,MALE,3,4.0,STANDARD,4.0,SINGLE,2.0,0,3,1,2.0,SENIORMANAGER,29123.0
204721,0,39.0,SELFENQUIRY,3,17.0,SMALLBUSINESS,MALE,4,5.0,STANDARD,3.0,MARRIED,2.0,1,3,1,2.0,SENIORMANAGER,27418.0
204722,0,30.0,SELFENQUIRY,1,35.0,SALARIED,FEMALE,4,4.0,BASIC,3.0,MARRIED,6.0,0,5,1,1.0,EXECUTIVE,21192.0
204723,0,29.0,SELFENQUIRY,1,10.0,SMALLBUSINESS,FEMALE,4,4.0,STANDARD,4.0,MARRIED,2.0,0,4,0,1.0,SENIORMANAGER,26333.0
204725,0,39.0,SELFENQUIRY,3,9.0,SMALLBUSINESS,MALE,3,4.0,STANDARD,4.0,UNMARRIED,2.0,0,4,1,2.0,SENIORMANAGER,26029.0
204726,0,44.0,COMPANYINVITED,1,34.0,SALARIED,FEMALE,3,4.0,STANDARD,5.0,MARRIED,2.0,0,4,1,1.0,SENIORMANAGER,29498.0
204727,1,40.0,COMPANYINVITED,1,9.0,SALARIED,MALE,3,4.0,SUPERDELUXE,3.0,MARRIED,2.0,0,3,1,1.0,AVP,30847.0
204728,0,41.0,SELFENQUIRY,1,21.0,SMALLBUSINESS,MALE,3,5.0,KING,3.0,SINGLE,3.0,0,3,1,2.0,VP,38304.0
204729,0,22.0,SELFENQUIRY,1,7.0,LARGEBUSINESS,FEMALE,4,5.0,BASIC,4.0,SINGLE,3.0,1,5,1,2.0,EXECUTIVE,20748.0
204730,0,40.0,COMPANYINVITED,1,16.0,SALARIED,MALE,4,4.0,DELUXE,4.0,UNMARRIED,2.0,0,1,1,1.0,MANAGER,25460.0
204731,0,37.0,COMPANYINVITED,1,25.0,SALARIED,MALE,4,4.0,DELUXE,3.0,UNMARRIED,4.0,0,3,0,2.0,MANAGER,26457.0
204732,0,32.0,COMPANYINVITED,3,27.0,SALARIED,MALE,4,2.0,BASIC,3.0,MARRIED,2.0,0,5,1,1.0,EXECUTIVE,21469.0
204733,0,29.0,SELFENQUIRY,1,9.0,SALARIED,MALE,4,5.0,BASIC,4.0,MARRIED,2.0,0,1,0,3.0,EXECUTIVE,21879.0
204734,0,36.0,COMPANYINVITED,3,18.0,SMALLBUSINESS,MALE,3,4.0,DELUXE,3.0,MARRIED,3.0,0,5,1,2.0,MANAGER,23646.0
204735,0,50.0,SELFENQUIRY,3,15.0,LARGEBUSINESS,MALE,3,5.0,SUPERDELUXE,4.0,MARRIED,8.0,0,4,1,2.0,AVP,31798.0
204736,0,35.0,COMPANYINVITED,1,9.0,SALARIED,MALE,4,4.0,DELUXE,3.0,UNMARRIED,4.0,0,4,1,2.0,MANAGER,22711.0
204737,0,30.0,COMPANYINVITED,1,17.0,SALARIED,FEMALE,4,4.0,BASIC,4.0,MARRIED,2.0,0,5,0,1.0,EXECUTIVE,21969.0
204738,0,43.0,SELFENQUIRY,1,36.0,SMALLBUSINESS,MALE,3,6.0,DELUXE,3.0,UNMARRIED,6.0,0,3,1,2.0,MANAGER,22950.0
204739,0,30.0,SELFENQUIRY,1,15.0,SMALLBUSINESS,MALE,4,5.0,DELUXE,3.0,MARRIED,3.0,1,3,1,2.0,MANAGER,23734.0
204740,0,39.0,SELFENQUIRY,2,7.0,SALARIED,MALE,3,2.0,BASIC,3.0,MARRIED,3.0,0,4,1,1.0,EXECUTIVE,21522.0
204741,0,29.0,COMPANYINVITED,1,13.0,SALARIED,MALE,3,5.0,BASIC,3.0,MARRIED,3.0,1,4,1,2.0,EXECUTIVE,21381.0
204742,1,19.0,COMPANYINVITED,1,15.0,SMALLBUSINESS,MALE,4,4.0,BASIC,3.0,SINGLE,3.0,0,5,1,1.0,EXECUTIVE,20582.0
204743,1,34.0,SELFENQUIRY,3,16.0,SMALLBUSINESS,FEMALE,4,4.0,DELUXE,5.0,UNMARRIED,2.0,1,3,0,1.0,MANAGER,26902.0
204744,0,42.0,SELFENQUIRY,1,19.0,SALARIED,MALE,3,4.0,BASIC,3.0,MARRIED,5.0,1,3,1,1.0,EXECUTIVE,23444.0
204745,1,32.0,COMPANYINVITED,1,22.0,SMALLBUSINESS,MALE,4,4.0,BASIC,3.0,MARRIED,3.0,0,4,1,1.0,EXECUTIVE,21288.0
204746,0,38.0,SELFENQUIRY,1,32.0,SMALLBUSINESS,FEMALE,3,5.0,DELUXE,3.0,MARRIED,2.0,0,3,1,1.0,MANAGER,24409.0
204747,0,28.0,SELFENQUIRY,1,13.0,SALARIED,MALE,3,5.0,BASIC,3.0,MARRIED,3.0,0,1,1,2.0,EXECUTIVE,21217.0
204748,0,35.0,SELFENQUIRY,3,16.0,SALARIED,FEMALE,4,4.0,DELUXE,3.0,MARRIED,3.0,0,1,0,1.0,MANAGER,24392.0
204749,0,36.0,SELFENQUIRY,2,15.0,LARGEBUSINESS,MALE,4,4.0,BASIC,3.0,UNMARRIED,3.0,0,5,0,2.0,EXECUTIVE,23001.0
204750,1,30.0,SELFENQUIRY,3,30.0,SALARIED,FEMALE,3,5.0,STANDARD,5.0,MARRIED,3.0,0,3,1,2.0,SENIORMANAGER,26014.0
204751,0,41.0,COMPANYINVITED,1,16.0,SMALLBUSINESS,FEMALE,3,4.0,STANDARD,3.0,SINGLE,2.0,0,4,1,2.0,SENIORMANAGER,32177.0
204752,1,43.0,COMPANYINVITED,3,19.0,SALARIED,MALE,3,4.0,SUPERDELUXE,5.0,SINGLE,2.0,1,5,1,2.0,AVP,32436.0
204753,0,43.0,SELFENQUIRY,3,11.0,SMALLBUSINESS,MALE,3,4.0,DELUXE,5.0,UNMARRIED,2.0,0,5,1,1.0,MANAGER,23833.0
204754,0,36.0,SELFENQUIRY,1,7.0,SMALLBUSINESS,MALE,3,5.0,BASIC,3.0,MARRIED,8.0,0,1,1,2.0,EXECUTIVE,20936.0
204755,0,25.0,SELFENQUIRY,1,31.0,SMALLBUSINESS,MALE,3,4.0,BASIC,4.0,UNMARRIED,2.0,0,5,0,2.0,EXECUTIVE,22275.0
204756,1,29.0,SELFENQUIRY,1,19.0,SALARIED,FEMALE,4,4.0,BASIC,3.0,MARRIED,3.0,1,4,1,2.0,EXECUTIVE,21193.0
204757,0,27.0,SELFENQUIRY,1,10.0,SMALLBUSINESS,MALE,3,2.0,BASIC,3.0,MARRIED,3.0,0,5,1,2.0,EXECUTIVE,23098.0
204758,0,31.0,SELFENQUIRY,3,17.0,SMALLBUSINESS,MALE,4,5.0,DELUXE,3.0,MARRIED,3.0,0,1,0,2.0,MANAGER,25256.0
204759,0,41.0,COMPANYINVITED,1,33.0,SMALLBUSINESS,FEMALE,4,5.0,DELUXE,3.0,MARRIED,5.0,1,1,0,2.0,MANAGER,23100.0
204760,0,36.0,SELFENQUIRY,1,9.0,SALARIED,MALE,3,5.0,STANDARD,4.0,MARRIED,4.0,0,4,1,1.0,SENIORMANAGER,28952.0
204761,0,35.0,COMPANYINVITED,1,8.0,SMALLBUSINESS,MALE,4,5.0,DELUXE,5.0,UNMARRIED,2.0,0,1,0,1.0,MANAGER,24021.0
204762,0,36.0,COMPANYINVITED,1,11.0,SALARIED,MALE,3,5.0,BASIC,3.0,MARRIED,3.0,0,1,1,2.0,EXECUTIVE,21054.0
204763,1,44.0,SELFENQUIRY,3,16.0,SMALLBUSINESS,FEMALE,3,6.0,DELUXE,3.0,UNMARRIED,2.0,0,1,0,1.0,MANAGER,24024.0
204764,0,33.0,COMPANYINVITED,3,9.0,SALARIED,FEMALE,4,4.0,BASIC,5.0,MARRIED,3.0,0,3,1,1.0,EXECUTIVE,21505.0
204766,0,30.0,SELFENQUIRY,1,13.0,SMALLBUSINESS,FEMALE,3,4.0,BASIC,3.0,MARRIED,3.0,0,3,0,2.0,EXECUTIVE,21809.0
204767,0,20.0,SELFENQUIRY,1,16.0,SALARIED,MALE,3,4.0,BASIC,5.0,SINGLE,3.0,0,3,0,2.0,EXECUTIVE,21230.0
204768,0,46.0,SELFENQUIRY,1,14.0,SMALLBUSINESS,FEMALE,3,4.0,BASIC,3.0,MARRIED,6.0,1,3,0,2.0,EXECUTIVE,23155.0
204769,0,38.0,SELFENQUIRY,1,8.0,SALARIED,FEMALE,3,5.0,DELUXE,3.0,MARRIED,3.0,0,1,0,1.0,MANAGER,25152.0
204770,0,21.0,SELFENQUIRY,1,6.0,SALARIED,MALE,3,5.0,BASIC,3.0,UNMARRIED,3.0,0,3,0,1.0,EXECUTIVE,21711.0
204771,1,45.0,SELFENQUIRY,1,17.0,SALARIED,MALE,4,4.0,BASIC,3.0,UNMARRIED,3.0,1,3,1,1.0,EXECUTIVE,21614.0
204773,0,30.0,SELFENQUIRY,1,22.0,SALARIED,FEMALE,4,6.0,BASIC,3.0,MARRIED,2.0,1,5,1,2.0,EXECUTIVE,20846.0
204774,1,23.0,COMPANYINVITED,1,10.0,SALARIED,MALE,3,5.0,BASIC,3.0,MARRIED,2.0,1,3,0,2.0,EXECUTIVE,21531.0
204776,0,45.0,COMPANYINVITED,1,24.0,SALARIED,MALE,4,6.0,BASIC,3.0,SINGLE,4.0,0,4,1,2.0,EXECUTIVE,20968.0
204777,0,34.0,SELFENQUIRY,2,9.0,SALARIED,MALE,4,4.0,BASIC,3.0,MARRIED,3.0,0,1,1,3.0,EXECUTIVE,22278.0
204778,1,42.0,COMPANYINVITED,1,12.0,SALARIED,MALE,4,5.0,BASIC,5.0,MARRIED,8.0,0,3,0,2.0,EXECUTIVE,20785.0
204779,0,31.0,SELFENQUIRY,3,36.0,SALARIED,MALE,4,4.0,DELUXE,5.0,MARRIED,2.0,0,1,1,1.0,MANAGER,22793.0
204780,0,41.0,COMPANYINVITED,3,9.0,SMALLBUSINESS,MALE,4,4.0,DELUXE,4.0,MARRIED,7.0,0,4,1,2.0,MANAGER,23005.0
204782,0,29.0,SELFENQUIRY,1,26.0,SMALLBUSINESS,MALE,4,5.0,BASIC,5.0,MARRIED,3.0,0,3,1,2.0,EXECUTIVE,21874.0
204784,0,36.0,SELFENQUIRY,3,24.0,SALARIED,MALE,4,4.0,DELUXE,5.0,MARRIED,5.0,1,3,0,3.0,MANAGER,27644.0
204785,1,25.0,SELFENQUIRY,1,24.0,SALARIED,FEMALE,4,4.0,BASIC,4.0,MARRIED,3.0,0,1,1,3.0,EXECUTIVE,20888.0
204786,0,34.0,COMPANYINVITED,3,32.0,SMALLBUSINESS,FEMALE,3,4.0,DELUXE,3.0,MARRIED,3.0,0,3,0,2.0,MANAGER,23217.0
204787,0,37.0,SELFENQUIRY,1,13.0,SALARIED,MALE,3,6.0,BASIC,3.0,MARRIED,3.0,0,1,1,1.0,EXECUTIVE,21419.0
204788,0,31.0,SELFENQUIRY,1,14.0,SALARIED,MALE,3,4.0,DELUXE,3.0,MARRIED,3.0,0,5,1,2.0,MANAGER,22169.0
204789,0,45.0,SELFENQUIRY,1,36.0,SALARIED,MALE,3,4.0,DELUXE,3.0,UNMARRIED,3.0,0,5,1,2.0,MANAGER,23219.0
204790,0,21.0,SELFENQUIRY,3,28.0,SMALLBUSINESS,MALE,3,2.0,BASIC,3.0,UNMARRIED,3.0,0,3,1,2.0,EXECUTIVE,21356.0
204791,0,47.0,SELFENQUIRY,1,9.0,LARGEBUSINESS,MALE,3,4.0,DELUXE,3.0,MARRIED,4.0,0,1,0,1.0,MANAGER,26057.0
204792,0,43.0,COMPANYINVITED,2,9.0,SMALLBUSINESS,MALE,4,2.0,DELUXE,5.0,MARRIED,2.0,0,1,1,2.0,MANAGER,24950.0
204793,0,61.0,SELFENQUIRY,3,14.0,SMALLBUSINESS,MALE,3,2.0,DELUXE,3.0,MARRIED,2.0,1,5,0,1.0,MANAGER,23898.0
204794,0,33.0,COMPANYINVITED,1,20.0,SALARIED,FEMALE,4,5.0,BASIC,4.0,MARRIED,3.0,0,5,1,1.0,EXECUTIVE,21421.0
204795,0,33.0,COMPANYINVITED,1,9.0,SALARIED,FEMALE,3,4.0,DELUXE,3.0,UNMARRIED,6.0,1,5,1,1.0,MANAGER,23676.0
204796,0,37.0,SELFENQUIRY,1,8.0,LARGEBUSINESS,FEMALE,4,6.0,STANDARD,5.0,MARRIED,4.0,1,1,1,1.0,SENIORMANAGER,28930.0
204797,0,34.0,SELFENQUIRY,1,16.0,SMALLBUSINESS,MALE,3,4.0,BASIC,3.0,MARRIED,2.0,0,1,0,2.0,EXECUTIVE,21459.0
204798,0,41.0,SELFENQUIRY,3,17.0,LARGEBUSINESS,FEMALE,3,5.0,DELUXE,4.0,MARRIED,2.0,0,5,1,2.0,MANAGER,25530.0
204799,0,26.0,SELFENQUIRY,3,17.0,SALARIED,MALE,3,4.0,DELUXE,3.0,UNMARRIED,2.0,0,1,1,1.0,MANAGER,23628.0
204800,0,31.0,SELFENQUIRY,1,8.0,SMALLBUSINESS,MALE,4,4.0,BASIC,4.0,MARRIED,2.0,1,4,1,3.0,EXECUTIVE,22257.0
204801,0,43.0,COMPANYINVITED,1,33.0,SMALLBUSINESS,FEMALE,3,4.0,STANDARD,5.0,MARRIED,5.0,1,3,0,1.0,SENIORMANAGER,31869.0
204802,0,36.0,COMPANYINVITED,3,15.0,SMALLBUSINESS,FEMALE,4,5.0,STANDARD,3.0,MARRIED,6.0,1,5,1,3.0,SENIORMANAGER,29055.0
204803,0,28.0,SELFENQUIRY,1,21.0,SALARIED,MALE,3,4.0,BASIC,5.0,MARRIED,3.0,1,4,1,1.0,EXECUTIVE,20913.0
204804,0,55.0,COMPANYINVITED,1,8.0,SALARIED,FEMALE,3,4.0,STANDARD,3.0,MARRIED,2.0,0,5,0,2.0,SENIORMANAGER,29180.0
204805,0,45.0,SELFENQUIRY,1,9.0,SALARIED,FEMALE,4,2.0,BASIC,3.0,MARRIED,3.0,0,4,1,3.0,EXECUTIVE,20689.0
204806,1,20.0,COMPANYINVITED,1,17.0,SMALLBUSINESS,FEMALE,4,5.0,BASIC,4.0,SINGLE,3.0,1,5,0,3.0,EXECUTIVE,20537.0
204807,0,30.0,SELFENQUIRY,1,8.0,SALARIED,FEMALE,4,4.0,BASIC,3.0,MARRIED,3.0,0,1,1,3.0,EXECUTIVE,22438.0
204809,0,32.0,SELFENQUIRY,1,18.0,SMALLBUSINESS,MALE,4,4.0,DELUXE,5.0,MARRIED,3.0,1,1,1,2.0,MANAGER,25511.0
204810,0,32.0,SELFENQUIRY,1,31.0,SMALLBUSINESS,FEMALE,4,5.0,DELUXE,5.0,UNMARRIED,3.0,0,5,1,1.0,MANAGER,25490.0
204811,0,60.0,SELFENQUIRY,3,10.0,SALARIED,FEMALE,3,5.0,DELUXE,3.0,UNMARRIED,7.0,0,3,0,1.0,MANAGER,23849.0
204814,0,37.0,COMPANYINVITED,1,10.0,LARGEBUSINESS,MALE,3,4.0,BASIC,4.0,MARRIED,3.0,0,3,0,2.0,EXECUTIVE,22370.0
204815,1,49.0,COMPANYINVITED,3,31.0,SALARIED,MALE,4,6.0,BASIC,3.0,SINGLE,3.0,1,1,1,3.0,EXECUTIVE,21237.0
204816,1,28.0,SELFENQUIRY,3,9.0,SMALLBUSINESS,FEMALE,4,6.0,KING,4.0,SINGLE,4.0,1,5,1,2.0,VP,21195.0
204817,1,30.0,COMPANYINVITED,1,17.0,SALARIED,FEMALE,3,5.0,BASIC,3.0,UNMARRIED,3.0,0,4,1,1.0,EXECUTIVE,25301.0
204820,1,35.0,SELFENQUIRY,1,14.0,SALARIED,MALE,4,4.0,DELUXE,3.0,MARRIED,3.0,0,3,0,1.0,MANAGER,21263.0
204822,1,34.0,SELFENQUIRY,3,32.0,SMALLBUSINESS,MALE,3,5.0,STANDARD,4.0,UNMARRIED,4.0,1,5,1,1.0,SENIORMANAGER,27058.0
204823,1,20.0,SELFENQUIRY,3,12.0,SALARIED,MALE,4,4.0,STANDARD,4.0,UNMARRIED,2.0,1,4,1,1.0,SENIORMANAGER,21672.0
204824,1,24.0,COMPANYINVITED,3,8.0,SALARIED,FEMALE,3,4.0,BASIC,4.0,SINGLE,3.0,1,5,1,2.0,EXECUTIVE,19901.0
204826,1,27.0,SELFENQUIRY,1,14.0,SMALLBUSINESS,FEMALE,3,5.0,STANDARD,5.0,MARRIED,2.0,1,4,1,2.0,SENIORMANAGER,21553.0
204828,1,56.0,COMPANYINVITED,3,9.0,SALARIED,FEMALE,3,5.0,BASIC,3.0,SINGLE,2.0,0,5,0,1.0,EXECUTIVE,32255.0
204829,1,22.0,COMPANYINVITED,3,25.0,SMALLBUSINESS,FEMALE,4,4.0,DELUXE,3.0,MARRIED,2.0,1,5,0,2.0,MANAGER,21303.0
204831,1,35.0,SELFENQUIRY,1,24.0,SALARIED,FEMALE,3,4.0,BASIC,3.0,UNMARRIED,3.0,1,5,1,1.0,EXECUTIVE,23216.0
204833,1,60.0,COMPANYINVITED,1,21.0,SALARIED,FEMALE,3,4.0,STANDARD,3.0,SINGLE,2.0,1,5,1,1.0,SENIORMANAGER,29190.0
204834,1,35.0,COMPANYINVITED,3,8.0,SALARIED,FEMALE,3,6.0,BASIC,3.0,UNMARRIED,3.0,0,3,0,2.0,EXECUTIVE,23122.0
204835,1,29.0,SELFENQUIRY,1,15.0,SALARIED,FEMALE,3,5.0,BASIC,4.0,SINGLE,3.0,0,4,0,2.0,EXECUTIVE,20832.0
204837,1,35.0,SELFENQUIRY,3,16.0,SMALLBUSINESS,MALE,3,4.0,STANDARD,3.0,MARRIED,6.0,0,3,1,2.0,SENIORMANAGER,23168.0
204838,1,36.0,COMPANYINVITED,1,9.0,SALARIED,FEMALE,3,5.0,BASIC,5.0,UNMARRIED,4.0,1,3,0,1.0,EXECUTIVE,22184.0
204839,1,43.0,COMPANYINVITED,1,8.0,SALARIED,FEMALE,4,2.0,STANDARD,4.0,SINGLE,3.0,0,3,1,1.0,SENIORMANAGER,21050.0
204840,1,44.0,COMPANYINVITED,1,9.0,SALARIED,MALE,4,4.0,BASIC,3.0,MARRIED,8.0,1,3,0,1.0,EXECUTIVE,28909.0
204841,1,37.0,SELFENQUIRY,2,16.0,LARGEBUSINESS,FEMALE,3,4.0,BASIC,3.0,MARRIED,3.0,0,1,1,1.0,EXECUTIVE,24088.0
204842,1,45.0,COMPANYINVITED,3,8.0,LARGEBUSINESS,MALE,4,4.0,BASIC,3.0,MARRIED,5.0,0,3,1,2.0,EXECUTIVE,26656.0
204843,1,29.0,COMPANYINVITED,3,20.0,LARGEBUSINESS,FEMALE,3,4.0,DELUXE,4.0,UNMARRIED,7.0,0,3,1,1.0,MANAGER,22545.0
204844,1,52.0,SELFENQUIRY,3,31.0,SMALLBUSINESS,FEMALE,3,5.0,DELUXE,4.0,UNMARRIED,2.0,1,5,1,2.0,MANAGER,21516.0
204845,1,31.0,COMPANYINVITED,1,16.0,SMALLBUSINESS,MALE,3,4.0,BASIC,5.0,UNMARRIED,4.0,1,3,0,2.0,EXECUTIVE,23373.0
204846,1,30.0,COMPANYINVITED,1,9.0,SMALLBUSINESS,MALE,3,5.0,BASIC,5.0,UNMARRIED,2.0,0,4,1,2.0,EXECUTIVE,22017.0
204847,1,29.0,SELFENQUIRY,1,8.0,LARGEBUSINESS,MALE,4,5.0,BASIC,5.0,SINGLE,8.0,0,3,1,2.0,EXECUTIVE,20758.0
204848,1,26.0,SELFENQUIRY,1,16.0,SALARIED,MALE,3,4.0,BASIC,5.0,SINGLE,5.0,0,1,1,1.0,EXECUTIVE,20774.0
204849,1,33.0,COMPANYINVITED,1,10.0,SALARIED,FEMALE,3,4.0,BASIC,3.0,UNMARRIED,3.0,0,4,1,1.0,EXECUTIVE,24887.0
204852,1,59.0,SELFENQUIRY,1,9.0,LARGEBUSINESS,FEMALE,4,5.0,STANDARD,3.0,MARRIED,2.0,0,5,0,1.0,SENIORMANAGER,21050.0
204853,1,33.0,SELFENQUIRY,1,9.0,SMALLBUSINESS,MALE,3,4.0,DELUXE,4.0,MARRIED,6.0,0,4,1,2.0,MANAGER,23561.0
204854,1,40.0,SELFENQUIRY,1,31.0,SMALLBUSINESS,MALE,3,4.0,BASIC,4.0,MARRIED,3.0,1,1,0,1.0,EXECUTIVE,22582.0
204855,1,31.0,COMPANYINVITED,3,10.0,SMALLBUSINESS,FEMALE,4,4.0,BASIC,3.0,UNMARRIED,3.0,1,5,1,2.0,EXECUTIVE,23305.0
204856,1,37.0,SELFENQUIRY,3,17.0,SMALLBUSINESS,MALE,3,5.0,STANDARD,5.0,MARRIED,2.0,0,5,0,1.0,SENIORMANAGER,25772.0
204857,1,47.0,SELFENQUIRY,3,22.0,SMALLBUSINESS,MALE,3,6.0,DELUXE,3.0,MARRIED,8.0,1,1,0,2.0,MANAGER,22101.0
204858,1,29.0,SELFENQUIRY,1,14.0,SALARIED,MALE,4,4.0,BASIC,5.0,UNMARRIED,5.0,1,3,0,3.0,EXECUTIVE,25352.0
204859,1,51.0,COMPANYINVITED,3,19.0,SALARIED,MALE,3,4.0,DELUXE,3.0,SINGLE,5.0,1,3,1,2.0,MANAGER,35558.0
204860,1,41.0,SELFENQUIRY,1,15.0,SMALLBUSINESS,MALE,4,5.0,BASIC,3.0,UNMARRIED,3.0,1,4,1,3.0,EXECUTIVE,27772.0
204861,1,53.0,COMPANYINVITED,3,14.0,SMALLBUSINESS,FEMALE,4,4.0,BASIC,3.0,MARRIED,4.0,1,4,1,3.0,EXECUTIVE,27124.0
204862,1,31.0,SELFENQUIRY,1,9.0,SALARIED,MALE,4,4.0,BASIC,4.0,SINGLE,3.0,0,3,0,1.0,EXECUTIVE,30594.0
204863,1,40.0,SELFENQUIRY,3,14.0,SALARIED,MALE,4,4.0,BASIC,3.0,MARRIED,3.0,1,1,1,3.0,EXECUTIVE,23212.0
204864,1,32.0,SELFENQUIRY,2,29.0,SALARIED,MALE,3,6.0,BASIC,3.0,MARRIED,3.0,0,1,0,2.0,EXECUTIVE,28530.0
204865,1,42.0,COMPANYINVITED,3,16.0,SALARIED,MALE,3,6.0,SUPERDELUXE,3.0,MARRIED,2.0,0,5,1,2.0,AVP,24829.0
204866,1,32.0,SELFENQUIRY,3,20.0,SMALLBUSINESS,MALE,4,5.0,DELUXE,5.0,MARRIED,7.0,1,1,1,1.0,MANAGER,20980.0
204867,1,45.0,SELFENQUIRY,3,8.0,SALARIED,MALE,3,6.0,DELUXE,4.0,SINGLE,8.0,0,3,0,2.0,MANAGER,21040.0
204871,1,41.0,SELFENQUIRY,3,23.0,SMALLBUSINESS,MALE,4,4.0,STANDARD,3.0,MARRIED,4.0,0,5,0,2.0,SENIORMANAGER,22222.0
204872,1,35.0,COMPANYINVITED,1,24.0,LARGEBUSINESS,MALE,3,5.0,BASIC,3.0,MARRIED,2.0,1,5,1,2.0,EXECUTIVE,27178.0
204873,1,41.0,SELFENQUIRY,3,14.0,SMALLBUSINESS,MALE,3,4.0,BASIC,4.0,UNMARRIED,3.0,0,5,0,1.0,EXECUTIVE,23339.0
204874,1,42.0,SELFENQUIRY,1,15.0,SMALLBUSINESS,FEMALE,4,4.0,BASIC,5.0,MARRIED,3.0,1,3,0,3.0,EXECUTIVE,22781.0
204875,1,36.0,COMPANYINVITED,1,8.0,SMALLBUSINESS,MALE,4,4.0,BASIC,4.0,MARRIED,3.0,1,3,1,1.0,EXECUTIVE,22927.0
204876,1,52.0,SELFENQUIRY,3,34.0,SALARIED,MALE,3,4.0,DELUXE,3.0,SINGLE,3.0,1,5,1,2.0,MANAGER,32704.0
204877,1,39.0,COMPANYINVITED,1,16.0,SALARIED,MALE,4,4.0,DELUXE,5.0,MARRIED,6.0,0,3,0,3.0,MANAGER,25571.0
204878,1,35.0,SELFENQUIRY,1,17.0,SMALLBUSINESS,MALE,3,4.0,DELUXE,5.0,UNMARRIED,3.0,0,4,0,1.0,MANAGER,24803.0
204879,1,26.0,SELFENQUIRY,2,27.0,SMALLBUSINESS,FEMALE,4,4.0,BASIC,4.0,MARRIED,2.0,1,3,0,2.0,EXECUTIVE,22347.0
204880,1,59.0,SELFENQUIRY,1,28.0,SMALLBUSINESS,FEMALE,4,4.0,DELUXE,4.0,MARRIED,6.0,0,3,1,2.0,MANAGER,28686.0
204881,1,41.0,SELFENQUIRY,2,25.0,SALARIED,MALE,3,2.0,BASIC,5.0,MARRIED,2.0,0,1,1,2.0,EXECUTIVE,21065.0
204882,1,37.0,SELFENQUIRY,2,20.0,SALARIED,MALE,3,5.0,BASIC,5.0,MARRIED,6.0,1,5,1,2.0,EXECUTIVE,23317.0
204883,1,49.0,SELFENQUIRY,3,9.0,SMALLBUSINESS,MALE,3,5.0,DELUXE,4.0,UNMARRIED,2.0,1,1,1,1.0,MANAGER,26576.0
204884,1,28.0,COMPANYINVITED,1,31.0,SALARIED,MALE,4,5.0,BASIC,3.0,SINGLE,3.0,1,3,1,2.0,EXECUTIVE,21212.0
204885,1,52.0,SELFENQUIRY,3,17.0,SALARIED,FEMALE,4,4.0,STANDARD,4.0,MARRIED,7.0,0,1,1,3.0,SENIORMANAGER,31820.0
204886,1,19.0,SELFENQUIRY,3,16.0,SMALLBUSINESS,MALE,3,4.0,BASIC,3.0,SINGLE,3.0,0,5,0,2.0,EXECUTIVE,20289.0
204887,1,36.0,SELFENQUIRY,1,14.0,SALARIED,MALE,4,4.0,BASIC,4.0,UNMARRIED,3.0,1,3,1,2.0,EXECUTIVE,24041.0
